iso3,country,year,cls,cap_mw,gen_gwh
ABW,Aruba,2015,bio,2.0,
ABW,Aruba,2015,oil,251.2,755.547
ABW,Aruba,2015,solar,6.111,9.658
ABW,Aruba,2015,wind_onshore,30.0,166.419
ABW,Aruba,2016,bio,2.0,4.8
ABW,Aruba,2016,oil,251.2,802.109
ABW,Aruba,2016,solar,7.262,11.723
ABW,Aruba,2016,wind_onshore,30.0,133.168
ABW,Aruba,2017,bio,2.0,
ABW,Aruba,2017,oil,251.2,834.234
ABW,Aruba,2017,solar,7.315,12.78
ABW,Aruba,2017,wind_onshore,30.0,130.986
ABW,Aruba,2018,oil,248.88,625.487
ABW,Aruba,2018,solar,14.815,19.411
ABW,Aruba,2018,wind_onshore,30.0,130.986
ABW,Aruba,2019,oil,257.88,651.692
ABW,Aruba,2019,solar,14.815,25.996
ABW,Aruba,2019,wind_onshore,30.0,130.986
ABW,Aruba,2020,oil,257.88,585.778
ABW,Aruba,2020,solar,14.815,25.996
ABW,Aruba,2020,wind_onshore,30.0,130.986
ABW,Aruba,2021,oil,257.88,625.552
ABW,Aruba,2021,solar,14.815,25.996
ABW,Aruba,2021,wind_onshore,30.0,130.986
ABW,Aruba,2022,oil,216.0,636.397
ABW,Aruba,2022,solar,14.804,25.996
ABW,Aruba,2022,wind_onshore,30.0,130.986
ABW,Aruba,2023,oil,216.0,695.687
ABW,Aruba,2023,solar,14.804,25.996
ABW,Aruba,2023,wind_onshore,30.0,130.986
ABW,Aruba,2024,bio,1.0,
ABW,Aruba,2024,oil,236.0,
ABW,Aruba,2024,solar,14.804,
ABW,Aruba,2024,wind_onshore,30.0,
AFG,Afghanistan,2015,fossil_nes,97.477,37.013
AFG,Afghanistan,2015,hydro,283.595,1000.571
AFG,Afghanistan,2015,oil,139.184,109.65
AFG,Afghanistan,2015,solar,19.091,32.96
AFG,Afghanistan,2015,wind_onshore,0.1,0.123
AFG,Afghanistan,2016,fossil_nes,97.477,30.198
AFG,Afghanistan,2016,hydro,329.044,1024.908
AFG,Afghanistan,2016,oil,139.184,118.12
AFG,Afghanistan,2016,solar,21.16,35.421
AFG,Afghanistan,2016,wind_onshore,0.1,0.123
AFG,Afghanistan,2017,fossil_nes,97.477,27.158
AFG,Afghanistan,2017,hydro,348.993,1042.548
AFG,Afghanistan,2017,oil,139.184,136.46
AFG,Afghanistan,2017,solar,23.301,38.744
AFG,Afghanistan,2017,wind_onshore,0.4,0.123
AFG,Afghanistan,2018,fossil_nes,97.477,
AFG,Afghanistan,2018,hydro,348.993,922.207
AFG,Afghanistan,2018,oil,139.184,186.763
AFG,Afghanistan,2018,solar,23.076,38.934
AFG,Afghanistan,2018,wind_onshore,0.4,0.123
AFG,Afghanistan,2019,fossil_nes,97.477,
AFG,Afghanistan,2019,gas,40.0,
AFG,Afghanistan,2019,hydro,348.993,1136.166
AFG,Afghanistan,2019,oil,139.184,180.765
AFG,Afghanistan,2019,solar,52.591,57.964
AFG,Afghanistan,2019,wind_onshore,0.4,0.123
AFG,Afghanistan,2020,fossil_nes,97.477,
AFG,Afghanistan,2020,gas,40.0,
AFG,Afghanistan,2020,hydro,348.993,1046.433
AFG,Afghanistan,2020,oil,139.184,158.021
AFG,Afghanistan,2020,solar,52.013,65.399
AFG,Afghanistan,2020,wind_onshore,0.4,0.123
AFG,Afghanistan,2021,fossil_nes,97.477,
AFG,Afghanistan,2021,gas,40.0,
AFG,Afghanistan,2021,hydro,365.908,881.174
AFG,Afghanistan,2021,oil,139.184,231.283
AFG,Afghanistan,2021,solar,52.186,77.201
AFG,Afghanistan,2021,wind_onshore,0.4,0.123
AFG,Afghanistan,2022,fossil_nes,97.477,
AFG,Afghanistan,2022,gas,40.0,
AFG,Afghanistan,2022,hydro,468.438,758.981
AFG,Afghanistan,2022,oil,139.184,240.605
AFG,Afghanistan,2022,solar,53.956,90.688
AFG,Afghanistan,2022,wind_onshore,0.4,0.123
AFG,Afghanistan,2023,gas,40.0,
AFG,Afghanistan,2023,hydro,468.438,772.98
AFG,Afghanistan,2023,oil,236.661,183.033
AFG,Afghanistan,2023,solar,53.956,117.151
AFG,Afghanistan,2023,wind_onshore,0.4,0.123
AFG,Afghanistan,2024,gas,40.0,
AFG,Afghanistan,2024,hydro,468.438,
AFG,Afghanistan,2024,oil,236.661,
AFG,Afghanistan,2024,solar,53.956,
AFG,Afghanistan,2024,wind_onshore,0.4,
AGO,Angola,2015,bio,51.0,42.0
AGO,Angola,2015,hydro,969.179,5039.928
AGO,Angola,2015,oil,1376.716,5886.201
AGO,Angola,2015,solar,0.32,0.455
AGO,Angola,2016,bio,51.0,155.0
AGO,Angola,2016,hydro,1700.439,6286.126
AGO,Angola,2016,oil,1384.716,5810.799
AGO,Angola,2016,solar,0.328,0.466
AGO,Angola,2017,bio,51.0,200.0
AGO,Angola,2017,gas,720.0,40.15
AGO,Angola,2017,hydro,2393.279,8844.173
AGO,Angola,2017,oil,1617.056,4956.013
AGO,Angola,2017,solar,0.424,0.602
AGO,Angola,2018,bio,51.0,200.0
AGO,Angola,2018,gas,720.0,96.36
AGO,Angola,2018,hydro,3061.279,11322.922
AGO,Angola,2018,oil,1617.056,4316.312
AGO,Angola,2018,solar,0.437,0.62
AGO,Angola,2019,bio,51.0,200.0
AGO,Angola,2019,gas,720.0,1642.5
AGO,Angola,2019,hydro,3395.279,12562.297
AGO,Angola,2019,oil,1637.056,3113.367
AGO,Angola,2019,solar,1.366,1.939
AGO,Angola,2020,bio,51.0,200.0
AGO,Angola,2020,gas,720.0,991.0
AGO,Angola,2020,hydro,3729.279,13801.672
AGO,Angola,2020,oil,1637.056,2400.021
AGO,Angola,2020,solar,1.374,1.95
AGO,Angola,2021,bio,51.0,200.0
AGO,Angola,2021,gas,720.0,2133.7
AGO,Angola,2021,hydro,3729.279,13801.672
AGO,Angola,2021,oil,1637.056,2788.949
AGO,Angola,2021,solar,1.441,2.047
AGO,Angola,2022,bio,51.0,200.0
AGO,Angola,2022,gas,720.0,1703.0
AGO,Angola,2022,hydro,3729.279,13801.672
AGO,Angola,2022,oil,1637.056,2772.475
AGO,Angola,2022,solar,285.46,405.353
AGO,Angola,2023,bio,51.0,200.0
AGO,Angola,2023,gas,720.0,1703.0
AGO,Angola,2023,hydro,3729.279,13801.672
AGO,Angola,2023,oil,1637.056,2772.475
AGO,Angola,2023,solar,310.46,440.853
AGO,Angola,2024,bio,51.0,
AGO,Angola,2024,gas,720.0,
AGO,Angola,2024,hydro,3729.279,
AGO,Angola,2024,oil,1637.056,
AGO,Angola,2024,solar,361.89,
AIA,Anguilla,2015,oil,27.117,92.264
AIA,Anguilla,2015,solar,1.172,1.503
AIA,Anguilla,2016,oil,27.117,102.024
AIA,Anguilla,2016,solar,2.272,2.473
AIA,Anguilla,2017,oil,27.117,79566.801
AIA,Anguilla,2017,solar,2.272,2.371
AIA,Anguilla,2018,oil,23.8,80531.161
AIA,Anguilla,2018,solar,1.172,2.039
AIA,Anguilla,2019,oil,23.8,96999.115
AIA,Anguilla,2019,solar,1.542,2.683
AIA,Anguilla,2020,oil,23.8,87771.991
AIA,Anguilla,2020,solar,1.542,3.815
AIA,Anguilla,2021,oil,23.8,95331.829
AIA,Anguilla,2021,solar,1.542,3.815
AIA,Anguilla,2022,oil,23.8,103140.263
AIA,Anguilla,2022,solar,1.542,3.815
AIA,Anguilla,2023,oil,23.8,106655.198
AIA,Anguilla,2023,solar,1.542,3.815
AIA,Anguilla,2024,oil,23.8,
AIA,Anguilla,2024,solar,1.542,
ALB,Albania,2015,hydro,1798.0,5895.0
ALB,Albania,2015,oil,98.0,
ALB,Albania,2015,solar,1.05,1.428
ALB,Albania,2016,hydro,1913.0,7781.702
ALB,Albania,2016,oil,98.0,
ALB,Albania,2016,solar,1.0,1.36
ALB,Albania,2017,bio,1.425,
ALB,Albania,2017,hydro,2047.0,4524.979
ALB,Albania,2017,oil,98.0,
ALB,Albania,2017,solar,1.0,1.2
ALB,Albania,2018,bio,1.425,
ALB,Albania,2018,hydro,2105.0,8552.152
ALB,Albania,2018,oil,98.0,
ALB,Albania,2018,solar,1.0,1.334
ALB,Albania,2019,bio,1.425,
ALB,Albania,2019,hydro,2162.0,5183.847
ALB,Albania,2019,oil,98.0,
ALB,Albania,2019,solar,14.0,22.196
ALB,Albania,2020,bio,1.425,
ALB,Albania,2020,hydro,2387.0,5280.901
ALB,Albania,2020,oil,98.0,
ALB,Albania,2020,solar,21.0,32.265
ALB,Albania,2021,bio,1.425,
ALB,Albania,2021,hydro,2507.0,8921.94
ALB,Albania,2021,oil,98.0,
ALB,Albania,2021,solar,23.0,40.77
ALB,Albania,2022,bio,1.425,
ALB,Albania,2022,hydro,2493.0,6841.751
ALB,Albania,2022,oil,98.0,
ALB,Albania,2022,solar,100.14,160.892
ALB,Albania,2023,bio,1.425,
ALB,Albania,2023,hydro,2518.86,8708.557
ALB,Albania,2023,oil,98.0,
ALB,Albania,2023,solar,206.734,297.459
ALB,Albania,2024,bio,1.425,
ALB,Albania,2024,hydro,2518.86,
ALB,Albania,2024,oil,98.0,
ALB,Albania,2024,solar,306.734,
AND,Andorra,2015,bio,5.0,13.809
AND,Andorra,2015,hydro,46.0,85.671
AND,Andorra,2015,solar,0.226,0.242
AND,Andorra,2016,bio,5.0,14.161
AND,Andorra,2016,gas,2.0,0.902
AND,Andorra,2016,hydro,46.0,84.355
AND,Andorra,2016,solar,0.244,0.261
AND,Andorra,2017,bio,5.0,17.0
AND,Andorra,2017,gas,1.7,4.231
AND,Andorra,2017,hydro,46.0,85.099
AND,Andorra,2017,solar,0.489,0.508
AND,Andorra,2018,bio,5.0,20.511
AND,Andorra,2018,gas,1.7,5.072
AND,Andorra,2018,hydro,46.0,114.358
AND,Andorra,2018,solar,1.09,0.561
AND,Andorra,2019,bio,5.0,21.544
AND,Andorra,2019,gas,1.7,5.576
AND,Andorra,2019,hydro,46.0,136.617
AND,Andorra,2019,solar,1.989,0.723
AND,Andorra,2020,bio,5.0,19.833
AND,Andorra,2020,gas,1.7,3.817
AND,Andorra,2020,hydro,46.0,121.398
AND,Andorra,2020,solar,3.084,0.938
AND,Andorra,2021,bio,5.0,16.897
AND,Andorra,2021,gas,1.7,6.993
AND,Andorra,2021,hydro,46.0,78.827
AND,Andorra,2021,solar,4.352,1.259
AND,Andorra,2022,bio,5.0,18.765
AND,Andorra,2022,gas,1.7,5.531
AND,Andorra,2022,hydro,46.0,67.198
AND,Andorra,2022,solar,5.63,1.57
AND,Andorra,2023,bio,5.0,16.607
AND,Andorra,2023,gas,1.7,8.599
AND,Andorra,2023,hydro,46.0,69.934
AND,Andorra,2023,solar,8.727,4.267
AND,Andorra,2024,bio,5.0,
AND,Andorra,2024,gas,1.7,
AND,Andorra,2024,hydro,46.0,
AND,Andorra,2024,solar,8.727,
ARE,United Arab Emirates (the),2015,bio,1.0,
ARE,United Arab Emirates (the),2015,gas,28723.678,127082.41
ARE,United Arab Emirates (the),2015,oil,32.0,
ARE,United Arab Emirates (the),2015,solar,131.53,304.489
ARE,United Arab Emirates (the),2015,wind_onshore,1.7,1.489
ARE,United Arab Emirates (the),2016,bio,1.0,
ARE,United Arab Emirates (the),2016,gas,28875.998,129296.752
ARE,United Arab Emirates (the),2016,oil,32.0,
ARE,United Arab Emirates (the),2016,solar,135.41,321.637
ARE,United Arab Emirates (the),2017,bio,1.0,
ARE,United Arab Emirates (the),2017,gas,30567.768,133823.615
ARE,United Arab Emirates (the),2017,oil,32.0,
ARE,United Arab Emirates (the),2017,solar,353.47,750.474
ARE,United Arab Emirates (the),2018,bio,1.0,
ARE,United Arab Emirates (the),2018,gas,31058.538,134815.92
ARE,United Arab Emirates (the),2018,oil,11.08,
ARE,United Arab Emirates (the),2018,solar,599.889,1203.915
ARE,United Arab Emirates (the),2019,bio,1.0,
ARE,United Arab Emirates (the),2019,gas,31287.0,134798.642
ARE,United Arab Emirates (the),2019,oil,9.0,
ARE,United Arab Emirates (the),2019,solar,1935.233,3663.458
ARE,United Arab Emirates (the),2020,bio,1.0,0.87
ARE,United Arab Emirates (the),2020,coal,600.0,
ARE,United Arab Emirates (the),2020,gas,30846.4,132125.095
ARE,United Arab Emirates (the),2020,nuclear,1390.0,
ARE,United Arab Emirates (the),2020,oil,9.6,
ARE,United Arab Emirates (the),2020,solar,2332.597,5193.435
ARE,United Arab Emirates (the),2021,bio,1.0,0.397
ARE,United Arab Emirates (the),2021,gas,31681.0,133234.3
ARE,United Arab Emirates (the),2021,nuclear,1390.0,10066.911
ARE,United Arab Emirates (the),2021,oil,35.0,
ARE,United Arab Emirates (the),2021,solar,3002.383,6261.338
ARE,United Arab Emirates (the),2021,wind_onshore,0.015,0.045
ARE,United Arab Emirates (the),2022,bio,9.4,12.8
ARE,United Arab Emirates (the),2022,gas,32392.0,127781.15
ARE,United Arab Emirates (the),2022,nuclear,2780.0,20596.0
ARE,United Arab Emirates (the),2022,oil,34.0,
ARE,United Arab Emirates (the),2022,other,7.5,
ARE,United Arab Emirates (the),2022,solar,3596.197,7753.357
ARE,United Arab Emirates (the),2022,wind_onshore,0.015,0.045
ARE,United Arab Emirates (the),2023,bio,33.3,210.3
ARE,United Arab Emirates (the),2023,gas,33512.0,120982.0
ARE,United Arab Emirates (the),2023,nuclear,4170.0,33063.0
ARE,United Arab Emirates (the),2023,other,20.0,
ARE,United Arab Emirates (the),2023,solar,5942.297,14413.9
ARE,United Arab Emirates (the),2023,wind_onshore,99.1,60.0
ARE,United Arab Emirates (the),2024,bio,247.7,
ARE,United Arab Emirates (the),2024,gas,35413.0,
ARE,United Arab Emirates (the),2024,nuclear,5560.0,
ARE,United Arab Emirates (the),2024,solar,6468.197,
ARE,United Arab Emirates (the),2024,wind_onshore,99.1,
ARG,Argentina,2015,bio,219.388,1369.406
ARG,Argentina,2015,coal,500.0,2928.0
ARG,Argentina,2015,gas,15733.599,78770.0
ARG,Argentina,2015,hydro,10139.709,32267.514
ARG,Argentina,2015,nuclear,1730.0,7038.881
ARG,Argentina,2015,oil,4688.222,22068.0
ARG,Argentina,2015,pumped,974.0,578.0
ARG,Argentina,2015,solar,14.203,23.2
ARG,Argentina,2015,wind_onshore,188.24,595.339
ARG,Argentina,2016,bio,219.388,1388.313
ARG,Argentina,2016,coal,500.0,2369.0
ARG,Argentina,2016,gas,16041.109,83847.0
ARG,Argentina,2016,hydro,10201.738,29704.415
ARG,Argentina,2016,nuclear,1755.0,8284.702
ARG,Argentina,2016,oil,4719.01,20703.0
ARG,Argentina,2016,pumped,974.0,538.0
ARG,Argentina,2016,solar,13.738,22.803
ARG,Argentina,2016,wind_onshore,188.24,549.339
ARG,Argentina,2017,bio,227.303,1564.838
ARG,Argentina,2017,coal,500.0,2251.181
ARG,Argentina,2017,gas,18283.784,91633.881
ARG,Argentina,2017,hydro,10274.618,31782.759
ARG,Argentina,2017,nuclear,1755.0,5716.228
ARG,Argentina,2017,oil,4661.824,11450.782
ARG,Argentina,2017,pumped,974.0,400.7
ARG,Argentina,2017,solar,13.59,24.503
ARG,Argentina,2017,wind_onshore,227.555,614.036
ARG,Argentina,2018,bio,242.503,1535.91
ARG,Argentina,2018,coal,500.0,2292.032
ARG,Argentina,2018,gas,20064.332,95563.304
ARG,Argentina,2018,hydro,10320.118,32289.914
ARG,Argentina,2018,nuclear,1755.0,6452.918
ARG,Argentina,2018,oil,4458.992,6595.205
ARG,Argentina,2018,pumped,974.0,282.455
ARG,Argentina,2018,solar,196.106,116.17
ARG,Argentina,2018,wind_onshore,751.155,1415.375
ARG,Argentina,2019,bio,265.463,1825.705
ARG,Argentina,2019,coal,500.0,1285.133
ARG,Argentina,2019,gas,20187.724,91221.819
ARG,Argentina,2019,hydro,10342.118,27514.913
ARG,Argentina,2019,nuclear,1755.0,7927.077
ARG,Argentina,2019,oil,4501.018,3204.498
ARG,Argentina,2019,pumped,974.0,409.292
ARG,Argentina,2019,solar,445.852,808.148
ARG,Argentina,2019,wind_onshore,1609.455,4999.244
ARG,Argentina,2020,bio,332.963,2489.118
ARG,Argentina,2020,coal,500.0,1869.754
ARG,Argentina,2020,gas,20937.194,87234.793
ARG,Argentina,2020,hydro,10375.758,23679.064
ARG,Argentina,2020,nuclear,1755.0,10010.88
ARG,Argentina,2020,oil,4540.16,6553.222
ARG,Argentina,2020,pumped,974.0,588.0
ARG,Argentina,2020,solar,767.872,1353.024
ARG,Argentina,2020,wind_onshore,2624.0,9414.711
ARG,Argentina,2021,bio,364.063,2431.22
ARG,Argentina,2021,coal,500.0,2786.0
ARG,Argentina,2021,gas,20994.0,89566.0
ARG,Argentina,2021,hydro,10377.268,19657.461
ARG,Argentina,2021,nuclear,1755.0,10169.694
ARG,Argentina,2021,oil,4520.388,12288.0
ARG,Argentina,2021,pumped,974.0,536.0
ARG,Argentina,2021,solar,1076.918,2212.498
ARG,Argentina,2021,wind_onshore,3292.22,12942.257
ARG,Argentina,2022,bio,367.683,2436.967
ARG,Argentina,2022,coal,500.0,2654.0
ARG,Argentina,2022,gas,20861.974,76909.0
ARG,Argentina,2022,hydro,10390.488,28675.065
ARG,Argentina,2022,nuclear,1755.0,8036.445
ARG,Argentina,2022,oil,4529.074,15062.0
ARG,Argentina,2022,pumped,974.0,810.0
ARG,Argentina,2022,solar,1112.668,2952.299
ARG,Argentina,2022,wind_onshore,3310.22,14169.378
ARG,Argentina,2023,bio,376.221,2481.386
ARG,Argentina,2023,coal,500.0,2654.0
ARG,Argentina,2023,gas,21400.704,65080.0
ARG,Argentina,2023,hydro,10390.488,39591.539
ARG,Argentina,2023,nuclear,1755.0,9643.774
ARG,Argentina,2023,oil,4543.524,15062.0
ARG,Argentina,2023,pumped,974.0,810.0
ARG,Argentina,2023,solar,1405.303,3292.532
ARG,Argentina,2023,wind_onshore,3706.32,15983.05
ARG,Argentina,2024,bio,380.421,
ARG,Argentina,2024,coal,500.0,
ARG,Argentina,2024,gas,21363.674,
ARG,Argentina,2024,hydro,9195.488,
ARG,Argentina,2024,nuclear,1755.0,
ARG,Argentina,2024,oil,4469.664,
ARG,Argentina,2024,pumped,974.0,
ARG,Argentina,2024,solar,1740.6,
ARG,Argentina,2024,wind_onshore,4320.32,
ARM,Armenia,2015,gas,1840.0,2801.2
ARM,Armenia,2015,hydro,1286.7,2205.6
ARM,Armenia,2015,nuclear,407.5,2787.7
ARM,Armenia,2015,wind_onshore,2.6,3.7
ARM,Armenia,2016,gas,1840.0,2581.5
ARM,Armenia,2016,hydro,1311.6,2351.4
ARM,Armenia,2016,nuclear,407.5,2380.5
ARM,Armenia,2016,solar,1.0,0.167
ARM,Armenia,2016,wind_onshore,2.925,1.8
ARM,Armenia,2017,gas,1840.0,2871.8
ARM,Armenia,2017,hydro,1326.8,2269.0
ARM,Armenia,2017,nuclear,407.5,2619.6
ARM,Armenia,2017,solar,2.4,0.4
ARM,Armenia,2017,wind_onshore,2.925,2.1
ARM,Armenia,2018,gas,1826.6,3375.6
ARM,Armenia,2018,hydro,1336.4,2318.2
ARM,Armenia,2018,nuclear,407.5,2076.1
ARM,Armenia,2018,solar,17.32,19.4
ARM,Armenia,2018,wind_onshore,2.925,1.9
ARM,Armenia,2019,gas,1826.6,3046.9
ARM,Armenia,2019,hydro,1340.0,2370.9
ARM,Armenia,2019,nuclear,407.5,2197.8
ARM,Armenia,2019,solar,21.1,23.6
ARM,Armenia,2019,wind_onshore,2.925,3.3
ARM,Armenia,2020,gas,1831.6,3165.5
ARM,Armenia,2020,hydro,1350.0,1778.4
ARM,Armenia,2020,nuclear,407.5,2756.3
ARM,Armenia,2020,solar,50.5,56.5
ARM,Armenia,2020,wind_onshore,2.925,1.9
ARM,Armenia,2021,gas,2085.6,3383.7
ARM,Armenia,2021,hydro,1345.2,2201.7
ARM,Armenia,2021,nuclear,448.2,1998.4
ARM,Armenia,2021,solar,146.1,163.5
ARM,Armenia,2021,wind_onshore,2.925,1.5
ARM,Armenia,2022,gas,2085.6,3878.7
ARM,Armenia,2022,hydro,1345.2,2846.2
ARM,Armenia,2022,nuclear,448.2,1939.9
ARM,Armenia,2022,solar,235.195,523.5
ARM,Armenia,2022,wind_onshore,2.925,1.8
ARM,Armenia,2023,gas,1785.6,3715.6
ARM,Armenia,2023,hydro,1357.8,1645.8
ARM,Armenia,2023,nuclear,448.2,2709.2
ARM,Armenia,2023,solar,401.7,733.4
ARM,Armenia,2023,wind_onshore,2.9,2.3
ARM,Armenia,2024,gas,1782.0,
ARM,Armenia,2024,hydro,1351.0,
ARM,Armenia,2024,nuclear,448.0,
ARM,Armenia,2024,solar,485.4,
ARM,Armenia,2024,wind_onshore,2.9,
ASM,American Samoa,2015,oil,34.17,161.392
ASM,American Samoa,2015,solar,2.416,2.494
ASM,American Samoa,2016,oil,33.21,167.799
ASM,American Samoa,2016,solar,3.92,6.189
ASM,American Samoa,2017,oil,39.71,160.942
ASM,American Samoa,2017,solar,4.27,7.739
ASM,American Samoa,2018,oil,39.71,159.657
ASM,American Samoa,2018,solar,5.16,7.975
ASM,American Samoa,2019,oil,39.71,166.332
ASM,American Samoa,2019,solar,4.81,7.435
ASM,American Samoa,2020,oil,39.71,170.497
ASM,American Samoa,2020,solar,4.81,6.548
ASM,American Samoa,2021,oil,39.71,173.477
ASM,American Samoa,2021,solar,4.81,5.581
ASM,American Samoa,2022,oil,46.71,130.361
ASM,American Samoa,2022,solar,7.11,4.096
ASM,American Samoa,2023,oil,46.71,130.361
ASM,American Samoa,2023,solar,7.11,4.096
ASM,American Samoa,2024,oil,48.21,
ASM,American Samoa,2024,solar,7.11,
ATG,Antigua and Barbuda,2015,fossil_nes,119.0,340.0
ATG,Antigua and Barbuda,2015,solar,3.4,5.355
ATG,Antigua and Barbuda,2016,fossil_nes,81.0,344.0
ATG,Antigua and Barbuda,2016,solar,3.51,5.45
ATG,Antigua and Barbuda,2017,fossil_nes,81.0,344.0
ATG,Antigua and Barbuda,2017,solar,4.314,6.47
ATG,Antigua and Barbuda,2018,fossil_nes,72.7,352.378
ATG,Antigua and Barbuda,2018,solar,8.714,10.25
ATG,Antigua and Barbuda,2019,fossil_nes,80.2,358.088
ATG,Antigua and Barbuda,2019,solar,8.714,13.715
ATG,Antigua and Barbuda,2020,fossil_nes,75.0,326.159
ATG,Antigua and Barbuda,2020,solar,12.864,16.983
ATG,Antigua and Barbuda,2021,fossil_nes,62.55,336.216
ATG,Antigua and Barbuda,2021,solar,14.864,21.826
ATG,Antigua and Barbuda,2022,fossil_nes,62.55,319.577
ATG,Antigua and Barbuda,2022,solar,14.864,23.411
ATG,Antigua and Barbuda,2023,fossil_nes,109.05,319.01
ATG,Antigua and Barbuda,2023,oil,0.8,
ATG,Antigua and Barbuda,2023,solar,15.584,23.326
ATG,Antigua and Barbuda,2024,fossil_nes,109.05,
ATG,Antigua and Barbuda,2024,oil,0.8,
ATG,Antigua and Barbuda,2024,solar,15.584,
AUS,Australia,2015,bio,826.0,3608.0
AUS,Australia,2015,coal,28073.0,158926.0
AUS,Australia,2015,fossil_nes,1136.0,
AUS,Australia,2015,gas,22573.0,52462.0
AUS,Australia,2015,geothermal,0.1,1.0
AUS,Australia,2015,hydro,7461.0,13324.0
AUS,Australia,2015,oil,3406.0,6799.0
AUS,Australia,2015,other,1.0,0.001
AUS,Australia,2015,pumped,810.0,121.0
AUS,Australia,2015,solar,5036.0,5023.0
AUS,Australia,2015,wind_onshore,4318.0,11467.0
AUS,Australia,2016,bio,864.0,3722.0
AUS,Australia,2016,coal,26983.0,163349.0
AUS,Australia,2016,fossil_nes,584.0,
AUS,Australia,2016,gas,22500.0,50410.0
AUS,Australia,2016,geothermal,0.1,
AUS,Australia,2016,hydro,7461.0,15021.0
AUS,Australia,2016,oil,3083.0,5575.0
AUS,Australia,2016,other,1.0,0.001
AUS,Australia,2016,pumped,810.0,297.0
AUS,Australia,2016,solar,5881.0,6209.0
AUS,Australia,2016,wind_onshore,4683.0,12199.0
AUS,Australia,2017,bio,864.0,3500.546
AUS,Australia,2017,coal,25150.0,161842.057
AUS,Australia,2017,fossil_nes,584.57,
AUS,Australia,2017,gas,22127.188,50459.745
AUS,Australia,2017,geothermal,0.1,1.0
AUS,Australia,2017,hydro,7461.0,16036.887
AUS,Australia,2017,oil,2492.55,5272.59
AUS,Australia,2017,other,1.0,0.001
AUS,Australia,2017,pumped,810.0,248.0
AUS,Australia,2017,solar,7241.227,8071.7
AUS,Australia,2017,wind_onshore,5407.0,12596.985
AUS,Australia,2018,bio,864.0,3517.685
AUS,Australia,2018,coal,24954.0,157710.717
AUS,Australia,2018,fossil_nes,594.818,
AUS,Australia,2018,gas,22845.64,53881.669
AUS,Australia,2018,geothermal,0.1,
AUS,Australia,2018,hydro,7713.0,15803.788
AUS,Australia,2018,oil,2441.087,4820.876
AUS,Australia,2018,pumped,810.0,217.0
AUS,Australia,2018,solar,11127.774,9930.001
AUS,Australia,2018,wind_onshore,6409.0,15174.425
AUS,Australia,2019,bio,864.0,3495.881
AUS,Australia,2019,coal,24954.0,154304.76
AUS,Australia,2019,fossil_nes,601.418,
AUS,Australia,2019,gas,22721.705,52775.398
AUS,Australia,2019,geothermal,0.1,
AUS,Australia,2019,hydro,7713.0,15602.281
AUS,Australia,2019,oil,2399.021,4922.945
AUS,Australia,2019,pumped,810.0,365.0
AUS,Australia,2019,solar,15452.685,14848.6
AUS,Australia,2019,wind_onshore,7881.0,17711.951
AUS,Australia,2020,bio,871.0,3351.63
AUS,Australia,2020,coal,24986.3,145522.373
AUS,Australia,2020,fossil_nes,601.4,
AUS,Australia,2020,gas,24060.431,55216.283
AUS,Australia,2020,geothermal,0.1,
AUS,Australia,2020,hydro,7713.0,14764.008
AUS,Australia,2020,oil,2306.917,4509.2
AUS,Australia,2020,pumped,810.0,385.625
AUS,Australia,2020,solar,19772.625,21033.2
AUS,Australia,2020,wind_onshore,10207.0,20395.885
AUS,Australia,2021,bio,871.0,3346.182
AUS,Australia,2021,coal,24986.3,140311.441
AUS,Australia,2021,fossil_nes,601.4,
AUS,Australia,2021,gas,24329.686,49782.928
AUS,Australia,2021,geothermal,0.1,
AUS,Australia,2021,hydro,7713.0,14760.541
AUS,Australia,2021,oil,2434.367,4661.889
AUS,Australia,2021,pumped,810.0,439.148
AUS,Australia,2021,solar,24396.619,27717.0
AUS,Australia,2021,wind_onshore,10555.0,24535.369
AUS,Australia,2022,bio,871.0,3190.257
AUS,Australia,2022,coal,24587.0,133591.794
AUS,Australia,2022,fossil_nes,601.4,
AUS,Australia,2022,gas,25014.499,49280.225
AUS,Australia,2022,geothermal,0.1,
AUS,Australia,2022,hydro,7713.0,16296.966
AUS,Australia,2022,oil,2397.16,4664.0
AUS,Australia,2022,pumped,810.0,713.924
AUS,Australia,2022,solar,28887.089,34686.7
AUS,Australia,2022,wind_onshore,11966.0,29107.793
AUS,Australia,2023,bio,871.0,3092.793
AUS,Australia,2023,coal,24435.63,127632.984
AUS,Australia,2023,fossil_nes,601.4,
AUS,Australia,2023,gas,24761.151,48865.237
AUS,Australia,2023,geothermal,0.1,
AUS,Australia,2023,hydro,7713.0,15770.142
AUS,Australia,2023,oil,2482.412,4864.398
AUS,Australia,2023,pumped,810.0,895.913
AUS,Australia,2023,solar,30674.94,41968.5
AUS,Australia,2023,wind_onshore,12908.0,31384.874
AUS,Australia,2024,bio,955.0,
AUS,Australia,2024,coal,24305.63,
AUS,Australia,2024,fossil_nes,601.4,
AUS,Australia,2024,gas,26276.151,
AUS,Australia,2024,geothermal,0.1,
AUS,Australia,2024,hydro,8064.58,
AUS,Australia,2024,oil,2434.412,
AUS,Australia,2024,other,19.0,
AUS,Australia,2024,pumped,810.0,
AUS,Australia,2024,solar,35864.94,
AUS,Australia,2024,wind_onshore,15288.0,
AUT,Austria,2015,bio,1396.339,4647.694
AUT,Austria,2015,coal,,5060.622
AUT,Austria,2015,fossil_nes,5525.501,
AUT,Austria,2015,gas,,7663.649
AUT,Austria,2015,geothermal,0.915,0.061
AUT,Austria,2015,hydro,13649.655,37156.866
AUT,Austria,2015,oil,,863.13
AUT,Austria,2015,other,743.16,695.31
AUT,Austria,2015,pumped,,3434.672
AUT,Austria,2015,solar,939.633,937.098
AUT,Austria,2015,wind_onshore,2488.726,4840.321
AUT,Austria,2016,bio,1392.788,4780.026
AUT,Austria,2016,coal,,3969.757
AUT,Austria,2016,fossil_nes,5173.152,
AUT,Austria,2016,gas,,8487.642
AUT,Austria,2016,geothermal,0.924,0.021
AUT,Austria,2016,hydro,14116.314,39971.337
AUT,Austria,2016,oil,,1000.013
AUT,Austria,2016,other,707.06,731.383
AUT,Austria,2016,pumped,,3037.153
AUT,Austria,2016,solar,1099.504,1096.016
AUT,Austria,2016,wind_onshore,2729.996,5234.838
AUT,Austria,2017,bio,1289.774,4920.843
AUT,Austria,2017,coal,,3914.042
AUT,Austria,2017,fossil_nes,4615.845,
AUT,Austria,2017,gas,,10913.953
AUT,Austria,2017,geothermal,0.915,0.091
AUT,Austria,2017,hydro,14149.948,38293.75
AUT,Austria,2017,oil,,852.537
AUT,Austria,2017,other,706.96,707.149
AUT,Austria,2017,pumped,,3881.567
AUT,Austria,2017,solar,1271.934,1268.971
AUT,Austria,2017,wind_onshore,2886.698,6571.511
AUT,Austria,2018,bio,1270.593,4929.796
AUT,Austria,2018,coal,,3619.748
AUT,Austria,2018,fossil_nes,4556.064,
AUT,Austria,2018,gas,,9917.735
AUT,Austria,2018,geothermal,0.915,0.239
AUT,Austria,2018,hydro,14516.246,37637.911
AUT,Austria,2018,oil,,716.071
AUT,Austria,2018,other,705.86,729.591
AUT,Austria,2018,pumped,,3581.237
AUT,Austria,2018,solar,1457.328,1455.132
AUT,Austria,2018,wind_onshore,3132.713,6030.429
AUT,Austria,2019,bio,1249.309,4655.299
AUT,Austria,2019,coal,,3413.92
AUT,Austria,2019,fossil_nes,4420.482,
AUT,Austria,2019,gas,,11315.219
AUT,Austria,2019,geothermal,0.915,0.2
AUT,Austria,2019,hydro,14597.108,40825.97
AUT,Austria,2019,oil,,692.593
AUT,Austria,2019,other,707.86,800.884
AUT,Austria,2019,pumped,,3378.05
AUT,Austria,2019,solar,1702.79,1702.093
AUT,Austria,2019,wind_onshore,3224.117,7450.076
AUT,Austria,2020,bio,1251.259,4591.009
AUT,Austria,2020,coal,,2356.08
AUT,Austria,2020,fossil_nes,4479.871,
AUT,Austria,2020,gas,,9954.686
AUT,Austria,2020,geothermal,0.915,0.073
AUT,Austria,2020,hydro,14634.505,41998.03
AUT,Austria,2020,oil,,725.965
AUT,Austria,2020,other,714.26,751.903
AUT,Austria,2020,pumped,,3345.946
AUT,Austria,2020,solar,2037.131,2042.934
AUT,Austria,2020,wind_onshore,3225.979,6791.53
AUT,Austria,2021,bio,1171.094,4479.658
AUT,Austria,2021,coal,,2157.395
AUT,Austria,2021,fossil_nes,5367.491,
AUT,Austria,2021,gas,,10617.882
AUT,Austria,2021,geothermal,0.25,0.031
AUT,Austria,2021,hydro,14747.928,38889.711
AUT,Austria,2021,oil,,709.373
AUT,Austria,2021,other,629.86,730.084
AUT,Austria,2021,pumped,,3788.462
AUT,Austria,2021,solar,2771.302,2773.905
AUT,Austria,2021,wind_onshore,3422.335,6740.042
AUT,Austria,2022,bio,1195.101,4756.714
AUT,Austria,2022,coal,,1961.581
AUT,Austria,2022,fossil_nes,4348.583,
AUT,Austria,2022,gas,,10873.57
AUT,Austria,2022,geothermal,0.25,0.002
AUT,Austria,2022,hydro,14924.126,34625.11
AUT,Austria,2022,oil,,665.53
AUT,Austria,2022,other,634.74,770.816
AUT,Austria,2022,pumped,,4515.756
AUT,Austria,2022,solar,3757.404,3782.507
AUT,Austria,2022,wind_onshore,3633.103,7241.65
AUT,Austria,2023,bio,1228.315,4558.202
AUT,Austria,2023,coal,,1928.475
AUT,Austria,2023,fossil_nes,4498.123,
AUT,Austria,2023,gas,,7495.264
AUT,Austria,2023,geothermal,0.25,0.005
AUT,Austria,2023,hydro,14953.109,40672.635
AUT,Austria,2023,oil,,781.305
AUT,Austria,2023,other,634.74,741.542
AUT,Austria,2023,pumped,,3850.47
AUT,Austria,2023,solar,6330.992,6394.811
AUT,Austria,2023,wind_onshore,3896.294,8036.705
AUT,Austria,2024,bio,1276.315,
AUT,Austria,2024,fossil_nes,4498.123,
AUT,Austria,2024,geothermal,0.25,
AUT,Austria,2024,hydro,15071.109,
AUT,Austria,2024,other,610.74,
AUT,Austria,2024,solar,8480.992,
AUT,Austria,2024,wind_onshore,4035.0,
AZE,Azerbaijan,2015,bio,38.05,181.8
AZE,Azerbaijan,2015,fossil_nes,6653.0,
AZE,Azerbaijan,2015,gas,,21252.0
AZE,Azerbaijan,2015,hydro,1103.0,1637.506
AZE,Azerbaijan,2015,oil,,1607.9
AZE,Azerbaijan,2015,solar,4.8,4.568
AZE,Azerbaijan,2015,wind_onshore,8.0,4.604
AZE,Azerbaijan,2016,bio,38.05,174.5
AZE,Azerbaijan,2016,fossil_nes,6727.0,
AZE,Azerbaijan,2016,gas,,20169.9
AZE,Azerbaijan,2016,hydro,1105.0,1959.3
AZE,Azerbaijan,2016,oil,,2591.2
AZE,Azerbaijan,2016,solar,24.9,35.25
AZE,Azerbaijan,2016,wind_onshore,15.7,22.76
AZE,Azerbaijan,2017,bio,43.05,170.3
AZE,Azerbaijan,2017,fossil_nes,6748.0,
AZE,Azerbaijan,2017,gas,,21020.2
AZE,Azerbaijan,2017,hydro,1106.4,1746.4
AZE,Azerbaijan,2017,oil,,1324.7
AZE,Azerbaijan,2017,solar,28.4,37.2
AZE,Azerbaijan,2017,wind_onshore,15.7,22.1
AZE,Azerbaijan,2018,bio,45.05,162.201
AZE,Azerbaijan,2018,fossil_nes,6552.2,
AZE,Azerbaijan,2018,gas,,23128.1
AZE,Azerbaijan,2018,hydro,1130.8,1768.0
AZE,Azerbaijan,2018,oil,,48.9
AZE,Azerbaijan,2018,solar,34.9,39.3
AZE,Azerbaijan,2018,wind_onshore,66.0,82.7
AZE,Azerbaijan,2019,bio,45.05,195.9
AZE,Azerbaijan,2019,fossil_nes,6350.3,
AZE,Azerbaijan,2019,gas,,24109.2
AZE,Azerbaijan,2019,hydro,1144.8,1564.8
AZE,Azerbaijan,2019,oil,,53.4
AZE,Azerbaijan,2019,solar,33.1,44.2
AZE,Azerbaijan,2019,wind_onshore,66.0,105.4
AZE,Azerbaijan,2020,bio,45.05,200.6
AZE,Azerbaijan,2020,fossil_nes,6326.1,
AZE,Azerbaijan,2020,gas,,24377.0
AZE,Azerbaijan,2020,hydro,1149.4,1069.5
AZE,Azerbaijan,2020,oil,,48.9
AZE,Azerbaijan,2020,solar,35.1,47.0
AZE,Azerbaijan,2020,wind_onshore,66.0,96.1
AZE,Azerbaijan,2021,bio,44.7,193.2
AZE,Azerbaijan,2021,fossil_nes,6649.4,
AZE,Azerbaijan,2021,gas,,25635.8
AZE,Azerbaijan,2021,hydro,1157.2,1277.3
AZE,Azerbaijan,2021,oil,,634.9
AZE,Azerbaijan,2021,solar,47.9,55.2
AZE,Azerbaijan,2021,wind_onshore,66.0,91.4
AZE,Azerbaijan,2022,bio,44.7,205.3
AZE,Azerbaijan,2022,fossil_nes,6652.3,
AZE,Azerbaijan,2022,gas,,27022.155
AZE,Azerbaijan,2022,hydro,1164.7,1595.7
AZE,Azerbaijan,2022,oil,,72.446
AZE,Azerbaijan,2022,solar,51.2,60.9
AZE,Azerbaijan,2022,wind_onshore,64.0,83.3
AZE,Azerbaijan,2023,bio,37.7,223.0
AZE,Azerbaijan,2023,fossil_nes,6633.0,
AZE,Azerbaijan,2023,gas,,27064.867
AZE,Azerbaijan,2023,hydro,1301.8,1763.4
AZE,Azerbaijan,2023,oil,,118.533
AZE,Azerbaijan,2023,solar,281.8,80.7
AZE,Azerbaijan,2023,wind_onshore,66.5,55.4
AZE,Azerbaijan,2024,bio,37.7,
AZE,Azerbaijan,2024,fossil_nes,6623.0,
AZE,Azerbaijan,2024,hydro,1406.6,
AZE,Azerbaijan,2024,solar,281.0,
AZE,Azerbaijan,2024,wind_onshore,66.62,
BDI,Burundi,2015,bio,4.0,5.803
BDI,Burundi,2015,hydro,50.753,215.718
BDI,Burundi,2015,oil,20.5,28.698
BDI,Burundi,2015,solar,0.723,1.123
BDI,Burundi,2016,bio,4.0,6.632
BDI,Burundi,2016,hydro,50.753,245.521
BDI,Burundi,2016,oil,20.5,24.086
BDI,Burundi,2016,solar,1.52,2.361
BDI,Burundi,2017,bio,4.0,6.586
BDI,Burundi,2017,hydro,48.283,171.44
BDI,Burundi,2017,oil,50.5,73.84
BDI,Burundi,2017,solar,1.868,2.902
BDI,Burundi,2018,bio,4.0,5.669
BDI,Burundi,2018,hydro,48.283,203.711
BDI,Burundi,2018,oil,50.5,99.087
BDI,Burundi,2018,solar,1.88,2.92
BDI,Burundi,2019,bio,4.0,5.426
BDI,Burundi,2019,hydro,48.283,221.761
BDI,Burundi,2019,oil,50.5,125.867
BDI,Burundi,2019,solar,1.92,2.982
BDI,Burundi,2020,bio,4.0,5.548
BDI,Burundi,2020,hydro,48.283,267.444
BDI,Burundi,2020,oil,50.5,88.034
BDI,Burundi,2020,solar,2.06,3.199
BDI,Burundi,2021,bio,4.0,5.391
BDI,Burundi,2021,hydro,48.283,242.173
BDI,Burundi,2021,oil,50.5,120.288
BDI,Burundi,2021,solar,9.018,11.807
BDI,Burundi,2022,bio,4.0,4.331
BDI,Burundi,2022,hydro,63.283,278.273
BDI,Burundi,2022,oil,50.5,110.312
BDI,Burundi,2022,solar,8.863,15.129
BDI,Burundi,2023,bio,4.0,4.249
BDI,Burundi,2023,hydro,63.283,367.616
BDI,Burundi,2023,oil,50.5,17.741
BDI,Burundi,2023,solar,9.528,15.614
BDI,Burundi,2024,bio,4.0,
BDI,Burundi,2024,hydro,63.283,
BDI,Burundi,2024,oil,50.5,
BDI,Burundi,2024,solar,9.528,
BEL,Belgium,2015,bio,943.2,5504.7
BEL,Belgium,2015,coal,,4110.7
BEL,Belgium,2015,fossil_nes,7395.2,
BEL,Belgium,2015,gas,,22015.6
BEL,Belgium,2015,hydro,112.0,318.4
BEL,Belgium,2015,nuclear,5913.0,26103.0
BEL,Belgium,2015,oil,,209.4
BEL,Belgium,2015,other,184.6,1713.6
BEL,Belgium,2015,pumped,1307.0,1099.1
BEL,Belgium,2015,solar,3108.1,3056.5
BEL,Belgium,2015,wind_offshore,712.0,2613.2
BEL,Belgium,2015,wind_onshore,1469.3,2960.8
BEL,Belgium,2016,bio,923.35,5376.8
BEL,Belgium,2016,coal,,2639.5
BEL,Belgium,2016,fossil_nes,7288.7,
BEL,Belgium,2016,gas,,22073.7
BEL,Belgium,2016,hydro,109.1,370.0
BEL,Belgium,2016,nuclear,5913.0,43523.0
BEL,Belgium,2016,oil,,189.2
BEL,Belgium,2016,other,186.95,1799.8
BEL,Belgium,2016,pumped,1307.0,1119.1
BEL,Belgium,2016,solar,3291.2,3095.4
BEL,Belgium,2016,wind_offshore,712.2,2390.1
BEL,Belgium,2016,wind_onshore,1621.5,3029.4
BEL,Belgium,2017,bio,912.3,5706.6
BEL,Belgium,2017,coal,,2425.0
BEL,Belgium,2017,fossil_nes,7265.3,
BEL,Belgium,2017,gas,,23013.9
BEL,Belgium,2017,hydro,107.0,270.1
BEL,Belgium,2017,nuclear,5918.0,42226.8
BEL,Belgium,2017,oil,,176.0
BEL,Belgium,2017,other,189.7,1844.6
BEL,Belgium,2017,pumped,1307.0,1127.3
BEL,Belgium,2017,solar,3600.4,3308.0
BEL,Belgium,2017,wind_offshore,877.2,2870.4
BEL,Belgium,2017,wind_onshore,1902.2,3650.3
BEL,Belgium,2018,bio,886.9,5412.5
BEL,Belgium,2018,coal,,2344.8
BEL,Belgium,2018,fossil_nes,7013.3,
BEL,Belgium,2018,gas,,23980.5
BEL,Belgium,2018,hydro,107.8,292.3
BEL,Belgium,2018,nuclear,5918.0,28597.0
BEL,Belgium,2018,oil,,160.8
BEL,Belgium,2018,other,188.4,1759.1
BEL,Belgium,2018,pumped,1307.0,1015.3
BEL,Belgium,2018,solar,3962.8,3903.536
BEL,Belgium,2018,wind_offshore,1185.9,3411.1
BEL,Belgium,2018,wind_onshore,2119.0,4163.0
BEL,Belgium,2019,bio,906.45,5165.4
BEL,Belgium,2019,coal,,2515.6
BEL,Belgium,2019,fossil_nes,6983.2,
BEL,Belgium,2019,gas,,25528.8
BEL,Belgium,2019,hydro,104.1,301.0
BEL,Belgium,2019,nuclear,5930.0,43523.6
BEL,Belgium,2019,oil,,70.9
BEL,Belgium,2019,other,191.75,1652.0
BEL,Belgium,2019,pumped,1307.0,879.2
BEL,Belgium,2019,solar,4523.0,4252.395
BEL,Belgium,2019,wind_offshore,1555.5,4794.1
BEL,Belgium,2019,wind_onshore,2308.2,4961.3
BEL,Belgium,2020,bio,921.75,5262.5
BEL,Belgium,2020,coal,,1877.1
BEL,Belgium,2020,fossil_nes,6974.4,
BEL,Belgium,2020,gas,,26774.6
BEL,Belgium,2020,hydro,105.8,266.9
BEL,Belgium,2020,nuclear,5942.0,34434.7
BEL,Belgium,2020,oil,,119.9
BEL,Belgium,2020,other,191.65,1738.9
BEL,Belgium,2020,pumped,1307.0,1047.7
BEL,Belgium,2020,solar,5453.0,5112.691
BEL,Belgium,2020,wind_offshore,2261.8,6973.7
BEL,Belgium,2020,wind_onshore,2411.0,5844.9
BEL,Belgium,2021,bio,816.9,4703.0
BEL,Belgium,2021,coal,,2028.1
BEL,Belgium,2021,fossil_nes,6969.6,
BEL,Belgium,2021,gas,,22520.0
BEL,Belgium,2021,hydro,110.7,418.1
BEL,Belgium,2021,nuclear,5930.0,50326.2
BEL,Belgium,2021,oil,,180.8
BEL,Belgium,2021,other,213.6,1753.4
BEL,Belgium,2021,pumped,1307.0,931.7
BEL,Belgium,2021,solar,5934.0,5622.7
BEL,Belgium,2021,wind_offshore,2261.8,6926.2
BEL,Belgium,2021,wind_onshore,2686.6,5071.4
BEL,Belgium,2022,bio,869.85,4925.9
BEL,Belgium,2022,coal,,2318.0
BEL,Belgium,2022,fossil_nes,7095.7,
BEL,Belgium,2022,gas,,21943.6
BEL,Belgium,2022,hydro,123.3,271.1
BEL,Belgium,2022,nuclear,4924.0,43879.1
BEL,Belgium,2022,oil,,292.5
BEL,Belgium,2022,other,301.35,1711.6
BEL,Belgium,2022,pumped,1307.0,1374.6
BEL,Belgium,2022,solar,6781.2,6878.8
BEL,Belgium,2022,wind_offshore,2261.8,6651.8
BEL,Belgium,2022,wind_onshore,3041.6,5700.8
BEL,Belgium,2023,bio,840.55,3802.4
BEL,Belgium,2023,coal,,1832.4
BEL,Belgium,2023,fossil_nes,6951.3,
BEL,Belgium,2023,gas,,18289.2
BEL,Belgium,2023,hydro,124.3,406.6
BEL,Belgium,2023,nuclear,3916.0,32927.9
BEL,Belgium,2023,oil,,197.6
BEL,Belgium,2023,other,318.15,1700.1
BEL,Belgium,2023,pumped,1307.0,1249.3
BEL,Belgium,2023,solar,8351.9,7820.0
BEL,Belgium,2023,wind_offshore,2261.8,8039.7
BEL,Belgium,2023,wind_onshore,3192.3,7404.2
BEL,Belgium,2024,bio,795.55,
BEL,Belgium,2024,fossil_nes,6884.3,
BEL,Belgium,2024,hydro,128.3,
BEL,Belgium,2024,nuclear,3916.0,
BEL,Belgium,2024,other,318.15,
BEL,Belgium,2024,pumped,1307.0,
BEL,Belgium,2024,solar,9751.9,
BEL,Belgium,2024,wind_offshore,2261.8,
BEL,Belgium,2024,wind_onshore,3336.96,
BEN,Benin,2015,hydro,0.5,1.125
BEN,Benin,2015,oil,100.0,322.957
BEN,Benin,2015,solar,1.436,2.876
BEN,Benin,2016,hydro,0.5,
BEN,Benin,2016,oil,200.0,265.437
BEN,Benin,2016,solar,2.195,3.588
BEN,Benin,2017,hydro,0.5,0.072
BEN,Benin,2017,oil,200.0,324.565
BEN,Benin,2017,solar,2.436,3.894
BEN,Benin,2018,hydro,0.5,0.072
BEN,Benin,2018,oil,174.0,324.565
BEN,Benin,2018,solar,2.585,4.083
BEN,Benin,2019,gas,127.0,1015.731
BEN,Benin,2019,hydro,0.5,0.072
BEN,Benin,2019,oil,174.0,324.565
BEN,Benin,2019,solar,3.806,5.599
BEN,Benin,2020,gas,127.0,1015.731
BEN,Benin,2020,hydro,0.5,0.072
BEN,Benin,2020,oil,174.0,324.565
BEN,Benin,2020,solar,4.847,6.921
BEN,Benin,2021,gas,127.0,1015.731
BEN,Benin,2021,hydro,0.5,0.072
BEN,Benin,2021,oil,174.0,324.565
BEN,Benin,2021,solar,6.016,8.405
BEN,Benin,2022,gas,127.0,1015.731
BEN,Benin,2022,hydro,0.5,0.072
BEN,Benin,2022,oil,174.0,324.565
BEN,Benin,2022,solar,33.382,45.41
BEN,Benin,2023,gas,127.0,1015.731
BEN,Benin,2023,hydro,0.5,0.072
BEN,Benin,2023,oil,174.0,324.565
BEN,Benin,2023,solar,35.258,47.792
BEN,Benin,2024,gas,127.0,
BEN,Benin,2024,hydro,0.5,
BEN,Benin,2024,oil,174.0,
BEN,Benin,2024,solar,35.258,
BES,"Bonaire, Sint Eustatius and Saba",2015,oil,27.04,86.7
BES,"Bonaire, Sint Eustatius and Saba",2015,solar,0.3,0.441
BES,"Bonaire, Sint Eustatius and Saba",2015,wind_onshore,11.13,39.659
BES,"Bonaire, Sint Eustatius and Saba",2016,oil,27.84,82.9
BES,"Bonaire, Sint Eustatius and Saba",2016,solar,2.245,2.841
BES,"Bonaire, Sint Eustatius and Saba",2016,wind_onshore,11.13,34.659
BES,"Bonaire, Sint Eustatius and Saba",2017,oil,27.84,101.3
BES,"Bonaire, Sint Eustatius and Saba",2017,solar,4.505,4.341
BES,"Bonaire, Sint Eustatius and Saba",2017,wind_onshore,11.13,31.059
BES,"Bonaire, Sint Eustatius and Saba",2018,oil,27.84,91.4
BES,"Bonaire, Sint Eustatius and Saba",2018,solar,5.645,8.441
BES,"Bonaire, Sint Eustatius and Saba",2018,wind_onshore,11.13,36.659
BES,"Bonaire, Sint Eustatius and Saba",2019,oil,27.84,103.7
BES,"Bonaire, Sint Eustatius and Saba",2019,solar,6.645,9.141
BES,"Bonaire, Sint Eustatius and Saba",2019,wind_onshore,11.13,32.059
BES,"Bonaire, Sint Eustatius and Saba",2020,oil,36.84,112.1
BES,"Bonaire, Sint Eustatius and Saba",2020,solar,6.645,8.041
BES,"Bonaire, Sint Eustatius and Saba",2020,wind_onshore,11.13,24.959
BES,"Bonaire, Sint Eustatius and Saba",2021,oil,36.84,118.5
BES,"Bonaire, Sint Eustatius and Saba",2021,solar,6.645,8.941
BES,"Bonaire, Sint Eustatius and Saba",2021,wind_onshore,11.13,28.759
BES,"Bonaire, Sint Eustatius and Saba",2022,oil,36.84,125.5
BES,"Bonaire, Sint Eustatius and Saba",2022,solar,6.645,8.041
BES,"Bonaire, Sint Eustatius and Saba",2022,wind_onshore,11.13,29.359
BES,"Bonaire, Sint Eustatius and Saba",2023,oil,36.84,140.0
BES,"Bonaire, Sint Eustatius and Saba",2023,solar,7.775,8.641
BES,"Bonaire, Sint Eustatius and Saba",2023,wind_onshore,11.13,34.65
BES,"Bonaire, Sint Eustatius and Saba",2024,oil,36.84,
BES,"Bonaire, Sint Eustatius and Saba",2024,solar,13.075,
BES,"Bonaire, Sint Eustatius and Saba",2024,wind_onshore,11.13,
BFA,Burkina Faso,2015,bio,0.9,0.3
BFA,Burkina Faso,2015,hydro,32.0,93.462
BFA,Burkina Faso,2015,oil,296.0,905.673
BFA,Burkina Faso,2015,solar,2.75,4.5
BFA,Burkina Faso,2016,bio,0.9,0.3
BFA,Burkina Faso,2016,hydro,32.0,139.485
BFA,Burkina Faso,2016,oil,293.0,833.685
BFA,Burkina Faso,2016,solar,3.165,5.1
BFA,Burkina Faso,2017,bio,0.9,1.3
BFA,Burkina Faso,2017,hydro,32.0,127.933
BFA,Burkina Faso,2017,oil,289.16,957.903
BFA,Burkina Faso,2017,solar,38.252,15.047
BFA,Burkina Faso,2018,bio,0.9,1.3
BFA,Burkina Faso,2018,hydro,32.0,91.447
BFA,Burkina Faso,2018,oil,289.16,875.294
BFA,Burkina Faso,2018,solar,53.695,84.692
BFA,Burkina Faso,2019,bio,0.9,1.3
BFA,Burkina Faso,2019,hydro,32.0,105.317
BFA,Burkina Faso,2019,oil,339.16,588.1
BFA,Burkina Faso,2019,solar,58.027,91.24
BFA,Burkina Faso,2020,bio,0.9,1.3
BFA,Burkina Faso,2020,hydro,32.0,112.393
BFA,Burkina Faso,2020,oil,339.16,528.214
BFA,Burkina Faso,2020,solar,58.517,90.352
BFA,Burkina Faso,2021,bio,0.9,1.3
BFA,Burkina Faso,2021,hydro,32.0,127.496
BFA,Burkina Faso,2021,oil,389.16,686.356
BFA,Burkina Faso,2021,solar,59.302,92.774
BFA,Burkina Faso,2022,bio,0.9,1.3
BFA,Burkina Faso,2022,hydro,32.0,82.285
BFA,Burkina Faso,2022,oil,389.16,565.62
BFA,Burkina Faso,2022,solar,89.897,92.944
BFA,Burkina Faso,2023,bio,0.9,1.3
BFA,Burkina Faso,2023,hydro,34.0,89.302
BFA,Burkina Faso,2023,oil,395.0,878.88
BFA,Burkina Faso,2023,solar,177.042,194.927
BFA,Burkina Faso,2024,bio,0.9,
BFA,Burkina Faso,2024,hydro,34.0,
BFA,Burkina Faso,2024,oil,395.0,
BFA,Burkina Faso,2024,solar,205.642,
BGD,Bangladesh,2015,bio,44.65,29.808
BGD,Bangladesh,2015,coal,250.0,938.937
BGD,Bangladesh,2015,fossil_nes,2008.0,8205.486
BGD,Bangladesh,2015,gas,7628.0,34423.966
BGD,Bangladesh,2015,hydro,230.0,802.4
BGD,Bangladesh,2015,oil,3657.0,10428.594
BGD,Bangladesh,2015,solar,196.129,265.92
BGD,Bangladesh,2015,wind_onshore,2.9,4.205
BGD,Bangladesh,2016,bio,45.05,23.428
BGD,Bangladesh,2016,coal,250.0,974.718
BGD,Bangladesh,2016,fossil_nes,2100.0,9553.611
BGD,Bangladesh,2016,gas,8810.0,38796.346
BGD,Bangladesh,2016,hydro,230.0,1020.927
BGD,Bangladesh,2016,oil,3665.0,12245.416
BGD,Bangladesh,2016,solar,165.412,219.934
BGD,Bangladesh,2016,wind_onshore,2.9,5.081
BGD,Bangladesh,2017,bio,45.05,43.428
BGD,Bangladesh,2017,coal,250.0,1415.246
BGD,Bangladesh,2017,fossil_nes,2200.0,10899.647
BGD,Bangladesh,2017,gas,8934.0,40799.713
BGD,Bangladesh,2017,hydro,230.0,1051.229
BGD,Bangladesh,2017,oil,3769.0,14642.891
BGD,Bangladesh,2017,solar,216.654,291.529
BGD,Bangladesh,2017,wind_onshore,2.9,5.081
BGD,Bangladesh,2018,bio,45.05,30.928
BGD,Bangladesh,2018,coal,524.0,1528.53
BGD,Bangladesh,2018,fossil_nes,2800.0,12082.049
BGD,Bangladesh,2018,gas,10481.0,46075.756
BGD,Bangladesh,2018,hydro,230.0,914.608
BGD,Bangladesh,2018,oil,5267.0,15069.877
BGD,Bangladesh,2018,solar,240.359,314.983
BGD,Bangladesh,2018,wind_onshore,2.9,5.081
BGD,Bangladesh,2019,bio,45.05,34.978
BGD,Bangladesh,2019,coal,524.0,2201.093
BGD,Bangladesh,2019,fossil_nes,2800.0,12985.437
BGD,Bangladesh,2019,gas,10678.0,52182.905
BGD,Bangladesh,2019,hydro,230.0,812.168
BGD,Bangladesh,2019,oil,7003.0,12071.487
BGD,Bangladesh,2019,solar,279.614,376.359
BGD,Bangladesh,2019,wind_onshore,2.9,5.081
BGD,Bangladesh,2020,bio,45.35,35.11
BGD,Bangladesh,2020,coal,1768.0,4179.591
BGD,Bangladesh,2020,fossil_nes,2800.0,12929.088
BGD,Bangladesh,2020,gas,11252.0,52316.63
BGD,Bangladesh,2020,hydro,230.0,776.685
BGD,Bangladesh,2020,oil,7280.0,14538.406
BGD,Bangladesh,2020,solar,343.267,461.511
BGD,Bangladesh,2020,wind_onshore,2.9,5.081
BGD,Bangladesh,2021,bio,45.35,31.985
BGD,Bangladesh,2021,coal,1768.0,5427.489
BGD,Bangladesh,2021,fossil_nes,2800.0,12187.659
BGD,Bangladesh,2021,gas,11330.0,50152.218
BGD,Bangladesh,2021,hydro,230.0,734.421
BGD,Bangladesh,2021,oil,7349.0,22288.782
BGD,Bangladesh,2021,solar,505.717,614.329
BGD,Bangladesh,2021,wind_onshore,2.9,5.081
BGD,Bangladesh,2022,bio,45.35,11.685
BGD,Bangladesh,2022,coal,2692.0,8093.344
BGD,Bangladesh,2022,fossil_nes,2800.0,
BGD,Bangladesh,2022,gas,11522.0,60605.918
BGD,Bangladesh,2022,hydro,230.0,710.72
BGD,Bangladesh,2022,oil,7619.0,23620.422
BGD,Bangladesh,2022,solar,522.855,867.16
BGD,Bangladesh,2022,wind_onshore,2.9,5.081
BGD,Bangladesh,2023,bio,45.35,13.56
BGD,Bangladesh,2023,coal,5987.0,15402.292
BGD,Bangladesh,2023,fossil_nes,2800.0,
BGD,Bangladesh,2023,gas,11686.0,59748.889
BGD,Bangladesh,2023,hydro,230.0,755.975
BGD,Bangladesh,2023,oil,6982.0,17065.997
BGD,Bangladesh,2023,solar,745.905,1180.534
BGD,Bangladesh,2023,wind_onshore,2.9,5.081
BGD,Bangladesh,2024,bio,45.35,
BGD,Bangladesh,2024,coal,7179.0,
BGD,Bangladesh,2024,fossil_nes,2800.0,
BGD,Bangladesh,2024,gas,12413.0,
BGD,Bangladesh,2024,hydro,230.0,
BGD,Bangladesh,2024,oil,6175.0,
BGD,Bangladesh,2024,solar,846.048,
BGD,Bangladesh,2024,wind_onshore,62.9,
BGR,Bulgaria,2015,bio,54.0,272.0
BGR,Bulgaria,2015,coal,,22522.0
BGR,Bulgaria,2015,fossil_nes,3937.0,
BGR,Bulgaria,2015,gas,,1864.0
BGR,Bulgaria,2015,hydro,2355.0,5654.786
BGR,Bulgaria,2015,nuclear,1975.0,15383.0
BGR,Bulgaria,2015,oil,,182.0
BGR,Bulgaria,2015,other,,23.0
BGR,Bulgaria,2015,pumped,864.0,491.756
BGR,Bulgaria,2015,solar,1028.0,1381.661
BGR,Bulgaria,2015,wind_onshore,699.0,1451.511
BGR,Bulgaria,2016,bio,57.0,353.0
BGR,Bulgaria,2016,coal,,19364.0
BGR,Bulgaria,2016,fossil_nes,3765.0,
BGR,Bulgaria,2016,gas,,2053.0
BGR,Bulgaria,2016,hydro,2359.0,3880.328
BGR,Bulgaria,2016,nuclear,1967.0,15776.0
BGR,Bulgaria,2016,oil,,318.0
BGR,Bulgaria,2016,other,,34.0
BGR,Bulgaria,2016,pumped,864.0,687.514
BGR,Bulgaria,2016,solar,1030.0,1387.99
BGR,Bulgaria,2016,wind_onshore,699.0,1424.97
BGR,Bulgaria,2017,bio,52.003,395.981
BGR,Bulgaria,2017,coal,,20914.091
BGR,Bulgaria,2017,fossil_nes,3733.36,
BGR,Bulgaria,2017,gas,,1926.646
BGR,Bulgaria,2017,hydro,2507.55,2828.103
BGR,Bulgaria,2017,nuclear,1967.0,15545.499
BGR,Bulgaria,2017,oil,,396.592
BGR,Bulgaria,2017,other,,34.003
BGR,Bulgaria,2017,pumped,864.0,664.842
BGR,Bulgaria,2017,solar,1030.701,1402.97
BGR,Bulgaria,2017,wind_onshore,698.39,1504.064
BGR,Bulgaria,2018,bio,69.428,1572.966
BGR,Bulgaria,2018,coal,,18659.473
BGR,Bulgaria,2018,fossil_nes,4150.975,
BGR,Bulgaria,2018,gas,,2022.758
BGR,Bulgaria,2018,hydro,2515.0,5146.578
BGR,Bulgaria,2018,nuclear,2008.0,16125.281
BGR,Bulgaria,2018,oil,,332.109
BGR,Bulgaria,2018,other,,41.453
BGR,Bulgaria,2018,pumped,864.0,276.154
BGR,Bulgaria,2018,solar,1033.058,1342.788
BGR,Bulgaria,2018,wind_onshore,698.92,1318.123
BGR,Bulgaria,2019,bio,56.869,1820.811
BGR,Bulgaria,2019,coal,,17224.985
BGR,Bulgaria,2019,fossil_nes,4040.362,
BGR,Bulgaria,2019,gas,,2152.903
BGR,Bulgaria,2019,hydro,2514.35,2929.499
BGR,Bulgaria,2019,nuclear,2006.0,16555.288
BGR,Bulgaria,2019,oil,,364.272
BGR,Bulgaria,2019,other,,41.313
BGR,Bulgaria,2019,pumped,864.0,453.246
BGR,Bulgaria,2019,solar,1044.39,1417.286
BGR,Bulgaria,2019,wind_onshore,703.12,1316.988
BGR,Bulgaria,2020,bio,48.054,1699.341
BGR,Bulgaria,2020,coal,,13532.66
BGR,Bulgaria,2020,fossil_nes,3758.402,
BGR,Bulgaria,2020,gas,,2292.316
BGR,Bulgaria,2020,hydro,2512.456,2820.398
BGR,Bulgaria,2020,nuclear,2006.0,16625.765
BGR,Bulgaria,2020,oil,,298.855
BGR,Bulgaria,2020,other,,39.395
BGR,Bulgaria,2020,pumped,864.0,499.86
BGR,Bulgaria,2020,solar,1100.211,1468.72
BGR,Bulgaria,2020,wind_onshore,702.8,1477.131
BGR,Bulgaria,2021,bio,47.321,2588.892
BGR,Bulgaria,2021,coal,,17085.89
BGR,Bulgaria,2021,fossil_nes,3806.665,
BGR,Bulgaria,2021,gas,,3045.672
BGR,Bulgaria,2021,hydro,2505.233,4819.205
BGR,Bulgaria,2021,nuclear,2006.0,16486.894
BGR,Bulgaria,2021,oil,,358.153
BGR,Bulgaria,2021,other,,35.303
BGR,Bulgaria,2021,pumped,864.0,247.928
BGR,Bulgaria,2021,solar,1274.713,1466.598
BGR,Bulgaria,2021,wind_onshore,704.375,1433.561
BGR,Bulgaria,2022,bio,78.689,2243.594
BGR,Bulgaria,2022,coal,,21785.51
BGR,Bulgaria,2022,fossil_nes,3974.582,
BGR,Bulgaria,2022,gas,,2053.411
BGR,Bulgaria,2022,hydro,2484.185,3803.279
BGR,Bulgaria,2022,nuclear,2006.0,16462.018
BGR,Bulgaria,2022,oil,,500.824
BGR,Bulgaria,2022,other,,27.728
BGR,Bulgaria,2022,pumped,864.0,29.977
BGR,Bulgaria,2022,solar,1736.537,2093.838
BGR,Bulgaria,2022,wind_onshore,704.31,1499.125
BGR,Bulgaria,2023,bio,78.689,1874.002
BGR,Bulgaria,2023,coal,,11733.796
BGR,Bulgaria,2023,fossil_nes,3974.582,
BGR,Bulgaria,2023,gas,,1942.008
BGR,Bulgaria,2023,hydro,2486.28,3080.132
BGR,Bulgaria,2023,nuclear,2006.0,16163.276
BGR,Bulgaria,2023,oil,,281.444
BGR,Bulgaria,2023,other,,26.193
BGR,Bulgaria,2023,pumped,864.0,50.096
BGR,Bulgaria,2023,solar,2908.126,3520.708
BGR,Bulgaria,2023,wind_onshore,704.31,1583.852
BGR,Bulgaria,2024,bio,78.689,
BGR,Bulgaria,2024,fossil_nes,3974.582,
BGR,Bulgaria,2024,hydro,2486.28,
BGR,Bulgaria,2024,nuclear,2006.0,
BGR,Bulgaria,2024,pumped,864.0,
BGR,Bulgaria,2024,solar,3908.126,
BGR,Bulgaria,2024,wind_onshore,704.31,
BHR,Bahrain,2015,gas,6822.0,28453.0
BHR,Bahrain,2015,oil,150.0,
BHR,Bahrain,2015,solar,5.0,9.0
BHR,Bahrain,2015,wind_onshore,0.675,1.2
BHR,Bahrain,2016,gas,6821.0,28469.0
BHR,Bahrain,2016,oil,150.0,
BHR,Bahrain,2016,solar,6.0,11.0
BHR,Bahrain,2016,wind_onshore,0.675,1.0
BHR,Bahrain,2017,gas,6821.0,29183.0
BHR,Bahrain,2017,oil,150.0,
BHR,Bahrain,2017,solar,6.0,11.0
BHR,Bahrain,2017,wind_onshore,0.675,1.0
BHR,Bahrain,2018,gas,6821.0,30880.28
BHR,Bahrain,2018,oil,150.0,3.24
BHR,Bahrain,2018,solar,6.31,11.0
BHR,Bahrain,2018,wind_onshore,0.675,1.2
BHR,Bahrain,2019,gas,8613.0,34426.17
BHR,Bahrain,2019,oil,150.0,3.74
BHR,Bahrain,2019,solar,9.704,18.0
BHR,Bahrain,2019,wind_onshore,0.675,1.2
BHR,Bahrain,2020,gas,8613.0,34747.24
BHR,Bahrain,2020,oil,150.0,4.68
BHR,Bahrain,2020,solar,10.101,18.0
BHR,Bahrain,2020,wind_onshore,0.675,1.2
BHR,Bahrain,2021,gas,9618.0,35401.393
BHR,Bahrain,2021,oil,150.0,5.75
BHR,Bahrain,2021,solar,21.335,39.0
BHR,Bahrain,2021,wind_onshore,0.675,0.37
BHR,Bahrain,2022,gas,9735.0,36876.78
BHR,Bahrain,2022,oil,150.0,2.71
BHR,Bahrain,2022,solar,45.592,83.0
BHR,Bahrain,2022,wind_onshore,2.675,1.64
BHR,Bahrain,2023,gas,9735.0,37426.65
BHR,Bahrain,2023,oil,150.0,2.71
BHR,Bahrain,2023,solar,56.623,92.15
BHR,Bahrain,2023,wind_onshore,2.675,1.76
BHR,Bahrain,2024,gas,9735.0,
BHR,Bahrain,2024,oil,150.0,
BHR,Bahrain,2024,solar,66.028,
BHR,Bahrain,2024,wind_onshore,2.675,
BHS,Bahamas (the),2015,bio,0.925,6.482
BHS,Bahamas (the),2015,oil,669.0,1930.685
BHS,Bahamas (the),2015,other,22.0,58.105
BHS,Bahamas (the),2015,solar,2.776,3.687
BHS,Bahamas (the),2015,wind_onshore,0.3,0.788
BHS,Bahamas (the),2016,bio,0.925,6.482
BHS,Bahamas (the),2016,oil,709.0,1894.539
BHS,Bahamas (the),2016,other,22.0,57.018
BHS,Bahamas (the),2016,solar,2.872,4.374
BHS,Bahamas (the),2016,wind_onshore,0.3,0.788
BHS,Bahamas (the),2017,bio,0.925,6.482
BHS,Bahamas (the),2017,oil,709.0,1830.298
BHS,Bahamas (the),2017,other,22.0,55.084
BHS,Bahamas (the),2017,solar,2.813,4.402
BHS,Bahamas (the),2017,wind_onshore,0.3,0.788
BHS,Bahamas (the),2018,bio,0.925,6.482
BHS,Bahamas (the),2018,oil,709.0,1842.853
BHS,Bahamas (the),2018,other,22.0,46.816
BHS,Bahamas (the),2018,solar,2.927,4.443
BHS,Bahamas (the),2018,wind_onshore,0.3,0.788
BHS,Bahamas (the),2019,bio,0.925,6.482
BHS,Bahamas (the),2019,oil,844.0,1800.221
BHS,Bahamas (the),2019,other,22.0,44.005
BHS,Bahamas (the),2019,solar,4.669,5.876
BHS,Bahamas (the),2019,wind_onshore,0.3,0.788
BHS,Bahamas (the),2020,bio,0.925,6.482
BHS,Bahamas (the),2020,oil,878.0,1653.924
BHS,Bahamas (the),2020,other,22.0,40.929
BHS,Bahamas (the),2020,solar,5.112,7.562
BHS,Bahamas (the),2020,wind_onshore,0.3,0.788
BHS,Bahamas (the),2021,bio,0.925,6.482
BHS,Bahamas (the),2021,gas,9.0,18.258
BHS,Bahamas (the),2021,oil,880.0,1839.969
BHS,Bahamas (the),2021,other,22.0,44.63
BHS,Bahamas (the),2021,solar,10.212,11.859
BHS,Bahamas (the),2021,wind_onshore,0.3,0.788
BHS,Bahamas (the),2022,bio,0.925,6.482
BHS,Bahamas (the),2022,gas,9.0,21.439
BHS,Bahamas (the),2022,oil,907.0,2160.539
BHS,Bahamas (the),2022,other,22.0,52.406
BHS,Bahamas (the),2022,solar,15.264,19.71
BHS,Bahamas (the),2022,wind_onshore,0.3,0.788
BHS,Bahamas (the),2023,bio,0.925,6.482
BHS,Bahamas (the),2023,gas,9.0,21.022
BHS,Bahamas (the),2023,oil,907.0,2118.505
BHS,Bahamas (the),2023,other,22.0,51.386
BHS,Bahamas (the),2023,solar,15.335,23.66
BHS,Bahamas (the),2023,wind_onshore,0.3,0.788
BHS,Bahamas (the),2024,bio,0.925,
BHS,Bahamas (the),2024,gas,9.0,
BHS,Bahamas (the),2024,oil,907.0,
BHS,Bahamas (the),2024,other,22.0,
BHS,Bahamas (the),2024,solar,21.335,
BHS,Bahamas (the),2024,wind_onshore,0.3,
BIH,Bosnia and Herzegovina,2015,coal,1765.0,10803.0
BIH,Bosnia and Herzegovina,2015,fossil_nes,60.23,
BIH,Bosnia and Herzegovina,2015,gas,10.0,33.0
BIH,Bosnia and Herzegovina,2015,hydro,1716.943,5537.0
BIH,Bosnia and Herzegovina,2015,oil,21.0,51.0
BIH,Bosnia and Herzegovina,2015,pumped,420.0,14.0
BIH,Bosnia and Herzegovina,2015,solar,8.17,9.477
BIH,Bosnia and Herzegovina,2015,wind_onshore,0.3,0.8
BIH,Bosnia and Herzegovina,2016,bio,1.0,0.65
BIH,Bosnia and Herzegovina,2016,coal,2065.0,12021.0
BIH,Bosnia and Herzegovina,2016,fossil_nes,59.0,
BIH,Bosnia and Herzegovina,2016,gas,10.23,22.0
BIH,Bosnia and Herzegovina,2016,hydro,1760.24,5595.0
BIH,Bosnia and Herzegovina,2016,oil,21.0,59.0
BIH,Bosnia and Herzegovina,2016,pumped,420.0,46.0
BIH,Bosnia and Herzegovina,2016,solar,14.12,23.607
BIH,Bosnia and Herzegovina,2016,wind_onshore,0.3,0.8
BIH,Bosnia and Herzegovina,2017,bio,1.0,6.0
BIH,Bosnia and Herzegovina,2017,coal,2133.0,12339.0
BIH,Bosnia and Herzegovina,2017,fossil_nes,59.0,
BIH,Bosnia and Herzegovina,2017,gas,10.23,23.0
BIH,Bosnia and Herzegovina,2017,hydro,1791.0,3790.0
BIH,Bosnia and Herzegovina,2017,oil,21.0,62.0
BIH,Bosnia and Herzegovina,2017,pumped,420.0,197.0
BIH,Bosnia and Herzegovina,2017,solar,16.0,21.0
BIH,Bosnia and Herzegovina,2017,wind_onshore,0.3,0.8
BIH,Bosnia and Herzegovina,2018,bio,1.24,8.0
BIH,Bosnia and Herzegovina,2018,coal,2134.0,12437.0
BIH,Bosnia and Herzegovina,2018,fossil_nes,58.76,
BIH,Bosnia and Herzegovina,2018,gas,10.23,25.0
BIH,Bosnia and Herzegovina,2018,hydro,1815.6,6418.0
BIH,Bosnia and Herzegovina,2018,oil,21.0,47.0
BIH,Bosnia and Herzegovina,2018,pumped,420.0,101.0
BIH,Bosnia and Herzegovina,2018,solar,18.15,21.0
BIH,Bosnia and Herzegovina,2018,wind_onshore,51.0,103.0
BIH,Bosnia and Herzegovina,2019,bio,2.21,8.0
BIH,Bosnia and Herzegovina,2019,coal,2135.08,10963.0
BIH,Bosnia and Herzegovina,2019,fossil_nes,57.79,
BIH,Bosnia and Herzegovina,2019,gas,10.23,20.0
BIH,Bosnia and Herzegovina,2019,hydro,1818.84,6101.0
BIH,Bosnia and Herzegovina,2019,oil,21.0,46.0
BIH,Bosnia and Herzegovina,2019,pumped,420.0,71.0
BIH,Bosnia and Herzegovina,2019,solar,22.35,30.0
BIH,Bosnia and Herzegovina,2019,wind_onshore,87.0,254.0
BIH,Bosnia and Herzegovina,2020,bio,2.11,13.0
BIH,Bosnia and Herzegovina,2020,coal,2134.0,11847.0
BIH,Bosnia and Herzegovina,2020,fossil_nes,57.89,
BIH,Bosnia and Herzegovina,2020,gas,10.23,1.0
BIH,Bosnia and Herzegovina,2020,hydro,1828.79,4580.0
BIH,Bosnia and Herzegovina,2020,oil,21.0,43.0
BIH,Bosnia and Herzegovina,2020,pumped,420.0,83.0
BIH,Bosnia and Herzegovina,2020,solar,34.89,45.0
BIH,Bosnia and Herzegovina,2020,wind_onshore,87.0,262.0
BIH,Bosnia and Herzegovina,2021,bio,10.21,42.0
BIH,Bosnia and Herzegovina,2021,coal,2135.62,11205.0
BIH,Bosnia and Herzegovina,2021,fossil_nes,57.89,
BIH,Bosnia and Herzegovina,2021,gas,10.23,5.0
BIH,Bosnia and Herzegovina,2021,hydro,1836.78,6690.0
BIH,Bosnia and Herzegovina,2021,oil,21.0,34.0
BIH,Bosnia and Herzegovina,2021,pumped,420.0,106.0
BIH,Bosnia and Herzegovina,2021,solar,56.51,72.0
BIH,Bosnia and Herzegovina,2021,wind_onshore,135.0,382.0
BIH,Bosnia and Herzegovina,2022,bio,10.21,31.0
BIH,Bosnia and Herzegovina,2022,coal,2135.62,11048.0
BIH,Bosnia and Herzegovina,2022,fossil_nes,57.89,
BIH,Bosnia and Herzegovina,2022,gas,10.23,10.0
BIH,Bosnia and Herzegovina,2022,hydro,1838.49,4712.0
BIH,Bosnia and Herzegovina,2022,oil,21.0,48.0
BIH,Bosnia and Herzegovina,2022,pumped,420.0,27.0
BIH,Bosnia and Herzegovina,2022,solar,101.56,114.0
BIH,Bosnia and Herzegovina,2022,wind_onshore,135.0,391.0
BIH,Bosnia and Herzegovina,2023,bio,10.21,36.0
BIH,Bosnia and Herzegovina,2023,coal,2135.62,9696.0
BIH,Bosnia and Herzegovina,2023,fossil_nes,57.89,
BIH,Bosnia and Herzegovina,2023,gas,10.23,9.0
BIH,Bosnia and Herzegovina,2023,hydro,1842.48,6750.0
BIH,Bosnia and Herzegovina,2023,oil,21.0,74.0
BIH,Bosnia and Herzegovina,2023,pumped,420.0,11.0
BIH,Bosnia and Herzegovina,2023,solar,212.19,253.0
BIH,Bosnia and Herzegovina,2023,wind_onshore,135.0,356.0
BIH,Bosnia and Herzegovina,2024,bio,10.21,
BIH,Bosnia and Herzegovina,2024,coal,2135.62,
BIH,Bosnia and Herzegovina,2024,fossil_nes,57.89,
BIH,Bosnia and Herzegovina,2024,gas,10.23,
BIH,Bosnia and Herzegovina,2024,hydro,1868.18,
BIH,Bosnia and Herzegovina,2024,oil,21.0,
BIH,Bosnia and Herzegovina,2024,pumped,420.0,
BIH,Bosnia and Herzegovina,2024,solar,212.19,
BIH,Bosnia and Herzegovina,2024,wind_onshore,219.0,
BLM,Saint Barthélemy,2015,fossil_nes,34.2,111.4
BLM,Saint Barthélemy,2016,fossil_nes,34.2,117.3
BLM,Saint Barthélemy,2016,solar,0.024,0.041
BLM,Saint Barthélemy,2017,fossil_nes,34.2,107.0
BLM,Saint Barthélemy,2017,solar,0.024,0.041
BLM,Saint Barthélemy,2018,fossil_nes,34.2,100.66
BLM,Saint Barthélemy,2018,solar,0.024,0.041
BLM,Saint Barthélemy,2019,fossil_nes,34.2,115.854
BLM,Saint Barthélemy,2019,solar,0.024,0.041
BLM,Saint Barthélemy,2020,fossil_nes,34.2,121.087
BLM,Saint Barthélemy,2020,solar,0.043,0.066
BLM,Saint Barthélemy,2021,fossil_nes,34.2,132.031
BLM,Saint Barthélemy,2021,solar,0.043,0.066
BLM,Saint Barthélemy,2022,fossil_nes,34.2,142.881
BLM,Saint Barthélemy,2022,solar,0.062,0.09
BLM,Saint Barthélemy,2023,fossil_nes,39.2,146.383
BLM,Saint Barthélemy,2023,solar,0.062,0.09
BLM,Saint Barthélemy,2024,fossil_nes,39.2,
BLM,Saint Barthélemy,2024,solar,1.2,
BLR,Belarus,2015,bio,35.2,140.049
BLR,Belarus,2015,coal,,38.0
BLR,Belarus,2015,fossil_nes,9750.0,
BLR,Belarus,2015,gas,,33355.0
BLR,Belarus,2015,hydro,33.504,107.195
BLR,Belarus,2015,oil,,362.0
BLR,Belarus,2015,other,,46.972
BLR,Belarus,2015,solar,6.0,7.466
BLR,Belarus,2015,wind_onshore,22.0,26.392
BLR,Belarus,2016,bio,39.6,147.198
BLR,Belarus,2016,coal,,34.0
BLR,Belarus,2016,fossil_nes,9826.0,
BLR,Belarus,2016,gas,,32529.0
BLR,Belarus,2016,hydro,73.564,141.942
BLR,Belarus,2016,oil,,582.0
BLR,Belarus,2016,other,,29.14
BLR,Belarus,2016,solar,47.0,28.091
BLR,Belarus,2016,wind_onshore,62.0,74.775
BLR,Belarus,2017,bio,40.7,163.0
BLR,Belarus,2017,coal,,27.0
BLR,Belarus,2017,fossil_nes,9883.0,
BLR,Belarus,2017,gas,,33507.0
BLR,Belarus,2017,hydro,95.364,405.0
BLR,Belarus,2017,oil,,195.0
BLR,Belarus,2017,other,,32.0
BLR,Belarus,2017,solar,80.0,89.0
BLR,Belarus,2017,wind_onshore,84.0,97.0
BLR,Belarus,2018,bio,48.4,174.0
BLR,Belarus,2018,coal,,26.0
BLR,Belarus,2018,fossil_nes,9807.0,
BLR,Belarus,2018,gas,,37890.0
BLR,Belarus,2018,hydro,95.364,324.0
BLR,Belarus,2018,oil,,264.0
BLR,Belarus,2018,other,,32.0
BLR,Belarus,2018,solar,154.0,177.0
BLR,Belarus,2018,wind_onshore,92.0,99.311
BLR,Belarus,2019,bio,53.3,303.656
BLR,Belarus,2019,coal,,30.0
BLR,Belarus,2019,fossil_nes,9820.0,
BLR,Belarus,2019,gas,,39191.0
BLR,Belarus,2019,hydro,95.364,350.525
BLR,Belarus,2019,oil,,199.0
BLR,Belarus,2019,other,,32.0
BLR,Belarus,2019,solar,154.0,181.0
BLR,Belarus,2019,wind_onshore,112.0,177.81
BLR,Belarus,2020,bio,122.5,578.0
BLR,Belarus,2020,coal,,31.0
BLR,Belarus,2020,fossil_nes,9800.0,
BLR,Belarus,2020,gas,,34686.0
BLR,Belarus,2020,hydro,96.0,399.0
BLR,Belarus,2020,nuclear,,338.0
BLR,Belarus,2020,oil,,2132.0
BLR,Belarus,2020,other,,14.0
BLR,Belarus,2020,solar,160.3,176.0
BLR,Belarus,2020,wind_onshore,112.0,194.0
BLR,Belarus,2021,bio,120.4,580.8
BLR,Belarus,2021,coal,,31.0
BLR,Belarus,2021,fossil_nes,9680.0,
BLR,Belarus,2021,gas,,34686.0
BLR,Belarus,2021,hydro,96.0,370.0
BLR,Belarus,2021,nuclear,1170.0,338.0
BLR,Belarus,2021,oil,,2132.0
BLR,Belarus,2021,other,,14.0
BLR,Belarus,2021,solar,163.7,173.8
BLR,Belarus,2021,wind_onshore,111.7,173.0
BLR,Belarus,2022,bio,139.2,518.8
BLR,Belarus,2022,coal,,20.913
BLR,Belarus,2022,fossil_nes,9719.8,
BLR,Belarus,2022,gas,,28853.292
BLR,Belarus,2022,hydro,96.2,371.9
BLR,Belarus,2022,nuclear,1170.0,4685.5
BLR,Belarus,2022,oil,,1465.495
BLR,Belarus,2022,other,,3052.2
BLR,Belarus,2022,solar,272.5,208.6
BLR,Belarus,2022,wind_onshore,120.0,176.6
BLR,Belarus,2023,bio,140.7,505.6
BLR,Belarus,2023,coal,,17.372
BLR,Belarus,2023,fossil_nes,9719.8,
BLR,Belarus,2023,gas,,23944.828
BLR,Belarus,2023,hydro,96.5,365.0
BLR,Belarus,2023,nuclear,1170.0,11734.4
BLR,Belarus,2023,oil,,1214.8
BLR,Belarus,2023,other,,2982.0
BLR,Belarus,2023,solar,272.7,157.3
BLR,Belarus,2023,wind_onshore,122.0,177.5
BLR,Belarus,2024,bio,140.7,
BLR,Belarus,2024,fossil_nes,9735.0,
BLR,Belarus,2024,hydro,86.3,
BLR,Belarus,2024,nuclear,2340.0,
BLR,Belarus,2024,solar,265.0,
BLR,Belarus,2024,wind_onshore,122.0,
BLZ,Belize,2015,bio,27.5,121.379
BLZ,Belize,2015,hydro,55.15,236.163
BLZ,Belize,2015,oil,97.17,60.803
BLZ,Belize,2015,solar,0.7,0.724
BLZ,Belize,2015,wind_onshore,0.02,0.025
BLZ,Belize,2016,bio,27.5,114.967
BLZ,Belize,2016,hydro,55.15,260.763
BLZ,Belize,2016,oil,97.17,61.582
BLZ,Belize,2016,solar,0.7,0.308
BLZ,Belize,2016,wind_onshore,0.02,0.025
BLZ,Belize,2017,bio,35.5,119.921
BLZ,Belize,2017,hydro,55.15,282.463
BLZ,Belize,2017,oil,97.17,64.68
BLZ,Belize,2017,solar,0.737,0.907
BLZ,Belize,2017,wind_onshore,0.02,0.025
BLZ,Belize,2018,bio,35.5,136.523
BLZ,Belize,2018,hydro,55.15,249.959
BLZ,Belize,2018,oil,97.17,83.628
BLZ,Belize,2018,solar,1.091,1.493
BLZ,Belize,2018,wind_onshore,0.02,0.025
BLZ,Belize,2019,bio,35.5,163.145
BLZ,Belize,2019,hydro,55.15,74.863
BLZ,Belize,2019,oil,97.17,147.731
BLZ,Belize,2019,solar,6.839,9.8
BLZ,Belize,2019,wind_onshore,0.02,0.025
BLZ,Belize,2020,bio,35.5,270.239
BLZ,Belize,2020,gas,,0.306
BLZ,Belize,2020,hydro,55.15,242.396
BLZ,Belize,2020,oil,97.17,24.687
BLZ,Belize,2020,solar,6.902,10.217
BLZ,Belize,2020,wind_onshore,0.02,0.025
BLZ,Belize,2021,bio,35.5,133.1
BLZ,Belize,2021,hydro,55.15,157.589
BLZ,Belize,2021,oil,97.17,69.7
BLZ,Belize,2021,solar,6.902,7.243
BLZ,Belize,2021,wind_onshore,0.02,0.025
BLZ,Belize,2022,bio,35.5,173.592
BLZ,Belize,2022,hydro,55.15,239.029
BLZ,Belize,2022,oil,97.17,48.2
BLZ,Belize,2022,solar,6.912,8.101
BLZ,Belize,2022,wind_onshore,0.02,0.025
BLZ,Belize,2023,bio,35.5,140.652
BLZ,Belize,2023,hydro,55.15,176.944
BLZ,Belize,2023,oil,97.17,96.1
BLZ,Belize,2023,solar,6.959,9.323
BLZ,Belize,2023,wind_onshore,0.02,0.035
BLZ,Belize,2024,bio,35.5,
BLZ,Belize,2024,hydro,55.15,
BLZ,Belize,2024,oil,147.17,
BLZ,Belize,2024,solar,6.959,
BLZ,Belize,2024,wind_onshore,0.02,
BOL,Bolivia (Plurinational State of),2015,bio,115.5,201.994
BOL,Bolivia (Plurinational State of),2015,gas,1473.45,6090.558
BOL,Bolivia (Plurinational State of),2015,hydro,484.14,2463.031
BOL,Bolivia (Plurinational State of),2015,oil,109.7,348.685
BOL,Bolivia (Plurinational State of),2015,solar,5.617,4.809
BOL,Bolivia (Plurinational State of),2015,wind_onshore,3.0,11.45
BOL,Bolivia (Plurinational State of),2016,bio,130.5,176.192
BOL,Bolivia (Plurinational State of),2016,gas,1390.8,7070.36
BOL,Bolivia (Plurinational State of),2016,hydro,483.61,1719.834
BOL,Bolivia (Plurinational State of),2016,oil,125.96,396.534
BOL,Bolivia (Plurinational State of),2016,solar,5.627,5.67
BOL,Bolivia (Plurinational State of),2016,wind_onshore,27.0,34.911
BOL,Bolivia (Plurinational State of),2017,bio,115.0,163.222
BOL,Bolivia (Plurinational State of),2017,gas,1485.52,6802.689
BOL,Bolivia (Plurinational State of),2017,hydro,602.31,2233.534
BOL,Bolivia (Plurinational State of),2017,oil,143.62,427.18
BOL,Bolivia (Plurinational State of),2017,solar,10.699,6.891
BOL,Bolivia (Plurinational State of),2017,wind_onshore,27.0,60.383
BOL,Bolivia (Plurinational State of),2018,bio,138.5,168.335
BOL,Bolivia (Plurinational State of),2018,gas,1500.79,6542.577
BOL,Bolivia (Plurinational State of),2018,hydro,734.72,2612.399
BOL,Bolivia (Plurinational State of),2018,oil,146.81,439.476
BOL,Bolivia (Plurinational State of),2018,solar,70.497,127.427
BOL,Bolivia (Plurinational State of),2018,wind_onshore,27.0,58.84
BOL,Bolivia (Plurinational State of),2019,bio,143.5,216.974
BOL,Bolivia (Plurinational State of),2019,gas,1501.33,6066.621
BOL,Bolivia (Plurinational State of),2019,hydro,734.96,3250.667
BOL,Bolivia (Plurinational State of),2019,oil,138.04,441.416
BOL,Bolivia (Plurinational State of),2019,solar,71.003,187.516
BOL,Bolivia (Plurinational State of),2019,wind_onshore,27.0,70.219
BOL,Bolivia (Plurinational State of),2020,bio,143.5,326.619
BOL,Bolivia (Plurinational State of),2020,gas,2176.95,6060.587
BOL,Bolivia (Plurinational State of),2020,hydro,735.64,2942.195
BOL,Bolivia (Plurinational State of),2020,oil,161.15,393.236
BOL,Bolivia (Plurinational State of),2020,solar,121.322,249.991
BOL,Bolivia (Plurinational State of),2020,wind_onshore,27.0,64.209
BOL,Bolivia (Plurinational State of),2021,bio,142.63,454.798
BOL,Bolivia (Plurinational State of),2021,gas,2392.55,6329.224
BOL,Bolivia (Plurinational State of),2021,hydro,735.64,3236.829
BOL,Bolivia (Plurinational State of),2021,oil,159.78,388.441
BOL,Bolivia (Plurinational State of),2021,solar,171.154,350.531
BOL,Bolivia (Plurinational State of),2021,wind_onshore,127.8,119.623
BOL,Bolivia (Plurinational State of),2022,bio,192.33,527.654
BOL,Bolivia (Plurinational State of),2022,gas,1615.31,6893.917
BOL,Bolivia (Plurinational State of),2022,hydro,735.64,2851.788
BOL,Bolivia (Plurinational State of),2022,oil,137.16,350.448
BOL,Bolivia (Plurinational State of),2022,solar,171.827,351.544
BOL,Bolivia (Plurinational State of),2022,wind_onshore,127.8,440.542
BOL,Bolivia (Plurinational State of),2023,bio,268.53,521.721
BOL,Bolivia (Plurinational State of),2023,fossil_nes,220.7,
BOL,Bolivia (Plurinational State of),2023,gas,2426.42,8055.887
BOL,Bolivia (Plurinational State of),2023,hydro,736.04,2322.679
BOL,Bolivia (Plurinational State of),2023,oil,40.9,330.175
BOL,Bolivia (Plurinational State of),2023,solar,173.315,370.246
BOL,Bolivia (Plurinational State of),2023,wind_onshore,135.0,482.811
BOL,Bolivia (Plurinational State of),2024,bio,268.53,
BOL,Bolivia (Plurinational State of),2024,fossil_nes,220.7,
BOL,Bolivia (Plurinational State of),2024,gas,2426.42,
BOL,Bolivia (Plurinational State of),2024,hydro,717.01,
BOL,Bolivia (Plurinational State of),2024,oil,40.9,
BOL,Bolivia (Plurinational State of),2024,solar,177.07,
BOL,Bolivia (Plurinational State of),2024,wind_onshore,135.0,
BRA,Brazil,2015,bio,14079.411,49098.114
BRA,Brazil,2015,coal,3213.515,20076.731
BRA,Brazil,2015,gas,13800.172,82599.431
BRA,Brazil,2015,hydro,94841.886,359742.884
BRA,Brazil,2015,nuclear,1990.0,14734.153
BRA,Brazil,2015,oil,9145.413,30501.267
BRA,Brazil,2015,other,154.489,7566.435
BRA,Brazil,2015,solar,49.046,62.614
BRA,Brazil,2015,wind_onshore,7682.371,21625.702
BRA,Brazil,2016,bio,14651.824,51047.742
BRA,Brazil,2016,coal,3403.162,18043.022
BRA,Brazil,2016,gas,14189.394,60561.333
BRA,Brazil,2016,hydro,106584.358,380911.013
BRA,Brazil,2016,nuclear,1990.0,15864.344
BRA,Brazil,2016,oil,9278.444,16014.506
BRA,Brazil,2016,other,160.139,8085.541
BRA,Brazil,2016,solar,135.812,91.682
BRA,Brazil,2016,wind_onshore,10322.335,33488.872
BRA,Brazil,2017,bio,15038.892,52636.448
BRA,Brazil,2017,coal,3727.0,17864.006
BRA,Brazil,2017,gas,13020.025,70518.308
BRA,Brazil,2017,hydro,107548.652,370906.525
BRA,Brazil,2017,nuclear,1990.0,15739.196
BRA,Brazil,2017,oil,10574.0,16526.13
BRA,Brazil,2017,other,160.139,7903.034
BRA,Brazil,2017,solar,1212.934,840.904
BRA,Brazil,2017,wind_onshore,12451.017,42373.258
BRA,Brazil,2018,bio,15142.536,53999.189
BRA,Brazil,2018,coal,3251.83,15724.144
BRA,Brazil,2018,gas,13369.714,59263.39
BRA,Brazil,2018,hydro,107747.661,388970.977
BRA,Brazil,2018,nuclear,1990.0,15673.887
BRA,Brazil,2018,oil,8876.48,13317.015
BRA,Brazil,2018,other,160.139,7934.924
BRA,Brazil,2018,solar,2467.658,3472.782
BRA,Brazil,2018,wind_onshore,14514.008,48474.65
BRA,Brazil,2019,bio,15351.312,54496.083
BRA,Brazil,2019,coal,3582.83,16821.111
BRA,Brazil,2019,gas,14143.889,65569.873
BRA,Brazil,2019,hydro,109094.562,397876.688
BRA,Brazil,2019,nuclear,1990.0,16128.824
BRA,Brazil,2019,oil,9120.757,11438.54
BRA,Brazil,2019,other,168.159,7635.689
BRA,Brazil,2019,solar,4708.735,6666.641
BRA,Brazil,2019,wind_onshore,15456.63,55985.901
BRA,Brazil,2020,bio,15712.655,58199.863
BRA,Brazil,2020,coal,3582.83,13380.067
BRA,Brazil,2020,gas,15702.129,59480.001
BRA,Brazil,2020,hydro,109275.796,396381.656
BRA,Brazil,2020,nuclear,1990.0,14052.598
BRA,Brazil,2020,oil,9398.056,12025.698
BRA,Brazil,2020,other,170.384,6902.1
BRA,Brazil,2020,solar,8485.171,10760.394
BRA,Brazil,2020,wind_onshore,17216.551,57050.319
BRA,Brazil,2021,bio,16378.367,55334.568
BRA,Brazil,2021,coal,3582.83,19251.35
BRA,Brazil,2021,gas,17095.48,86957.516
BRA,Brazil,2021,hydro,109408.528,362818.169
BRA,Brazil,2021,nuclear,1990.0,14704.588
BRA,Brazil,2021,oil,9400.377,20245.498
BRA,Brazil,2021,other,178.027,7369.414
BRA,Brazil,2021,solar,14513.669,16763.652
BRA,Brazil,2021,wind_onshore,21002.386,72285.965
BRA,Brazil,2022,bio,17229.478,54637.795
BRA,Brazil,2022,coal,3469.18,9502.216
BRA,Brazil,2022,gas,17624.806,41910.782
BRA,Brazil,2022,hydro,109756.093,427113.621
BRA,Brazil,2022,nuclear,1990.0,14559.013
BRA,Brazil,2022,oil,7875.993,10138.977
BRA,Brazil,2022,other,179.027,7155.985
BRA,Brazil,2022,solar,25398.738,30135.148
BRA,Brazil,2022,wind_onshore,24195.735,81631.71
BRA,Brazil,2023,bio,17485.4,57447.595
BRA,Brazil,2023,coal,3469.18,10097.314
BRA,Brazil,2023,gas,18293.092,38588.873
BRA,Brazil,2023,hydro,109921.316,426013.42
BRA,Brazil,2023,nuclear,1990.0,14503.723
BRA,Brazil,2023,oil,8120.47,8925.681
BRA,Brazil,2023,other,179.775,5817.741
BRA,Brazil,2023,solar,37943.111,50641.96
BRA,Brazil,2023,wind_onshore,29112.879,95800.748
BRA,Brazil,2024,bio,17807.11,
BRA,Brazil,2024,coal,3469.18,
BRA,Brazil,2024,gas,18293.092,
BRA,Brazil,2024,hydro,109981.651,
BRA,Brazil,2024,nuclear,1990.0,
BRA,Brazil,2024,oil,8440.906,
BRA,Brazil,2024,other,179.775,
BRA,Brazil,2024,solar,53115.777,
BRA,Brazil,2024,wind_onshore,32959.31,
BRB,Barbados,2015,oil,264.54,1029.29
BRB,Barbados,2015,solar,3.094,13.986
BRB,Barbados,2015,wind_onshore,0.04,0.037
BRB,Barbados,2016,oil,264.54,1045.44
BRB,Barbados,2016,solar,14.937,12.974
BRB,Barbados,2016,wind_onshore,0.06,0.056
BRB,Barbados,2017,oil,264.54,1031.77
BRB,Barbados,2017,solar,16.397,29.007
BRB,Barbados,2017,wind_onshore,0.06,0.056
BRB,Barbados,2018,oil,264.54,1112.338
BRB,Barbados,2018,solar,17.246,30.8
BRB,Barbados,2018,wind_onshore,0.06,0.056
BRB,Barbados,2019,oil,264.54,1112.338
BRB,Barbados,2019,solar,33.21,43.864
BRB,Barbados,2019,wind_onshore,0.06,0.056
BRB,Barbados,2020,oil,264.54,1112.338
BRB,Barbados,2020,solar,49.154,68.657
BRB,Barbados,2020,wind_onshore,0.06,0.056
BRB,Barbados,2021,oil,264.54,1112.338
BRB,Barbados,2021,solar,63.926,84.58
BRB,Barbados,2021,wind_onshore,0.06,0.056
BRB,Barbados,2022,oil,297.54,1181.717
BRB,Barbados,2022,solar,69.342,108.37
BRB,Barbados,2022,wind_onshore,1.16,0.056
BRB,Barbados,2023,oil,297.54,1075.95
BRB,Barbados,2023,solar,269.353,112.38
BRB,Barbados,2023,wind_onshore,1.16,0.056
BRB,Barbados,2024,oil,297.54,
BRB,Barbados,2024,solar,69.353,
BRB,Barbados,2024,wind_onshore,1.16,
BRN,Brunei Darussalam,2015,gas,909.99,4156.405
BRN,Brunei Darussalam,2015,oil,12.0,42.381
BRN,Brunei Darussalam,2015,solar,1.215,1.309
BRN,Brunei Darussalam,2016,gas,909.99,4224.666
BRN,Brunei Darussalam,2016,oil,12.0,45.183
BRN,Brunei Darussalam,2016,solar,1.215,1.083
BRN,Brunei Darussalam,2017,fossil_nes,,5.85
BRN,Brunei Darussalam,2017,gas,981.19,4104.464
BRN,Brunei Darussalam,2017,oil,12.0,45.491
BRN,Brunei Darussalam,2017,solar,1.216,1.563
BRN,Brunei Darussalam,2018,fossil_nes,,440.231
BRN,Brunei Darussalam,2018,gas,994.0,3804.899
BRN,Brunei Darussalam,2018,oil,12.0,46.875
BRN,Brunei Darussalam,2018,solar,1.224,1.596
BRN,Brunei Darussalam,2019,fossil_nes,,427.776
BRN,Brunei Darussalam,2019,gas,994.0,3972.512
BRN,Brunei Darussalam,2019,oil,12.0,48.87
BRN,Brunei Darussalam,2019,solar,1.226,1.089
BRN,Brunei Darussalam,2020,coal,220.0,
BRN,Brunei Darussalam,2020,fossil_nes,,433.46
BRN,Brunei Darussalam,2020,gas,994.0,4024.36
BRN,Brunei Darussalam,2020,oil,12.0,49.519
BRN,Brunei Darussalam,2020,solar,1.461,1.296
BRN,Brunei Darussalam,2021,coal,220.0,
BRN,Brunei Darussalam,2021,gas,994.0,4397.628
BRN,Brunei Darussalam,2021,oil,12.0,48.884
BRN,Brunei Darussalam,2021,solar,4.881,4.312
BRN,Brunei Darussalam,2022,coal,220.0,
BRN,Brunei Darussalam,2022,gas,994.0,4337.029
BRN,Brunei Darussalam,2022,oil,12.0,48.211
BRN,Brunei Darussalam,2022,solar,4.909,4.337
BRN,Brunei Darussalam,2023,coal,220.0,
BRN,Brunei Darussalam,2023,gas,994.0,4407.862
BRN,Brunei Darussalam,2023,oil,12.0,48.999
BRN,Brunei Darussalam,2023,solar,5.054,4.467
BRN,Brunei Darussalam,2024,coal,220.0,
BRN,Brunei Darussalam,2024,gas,994.0,
BRN,Brunei Darussalam,2024,oil,12.0,
BRN,Brunei Darussalam,2024,solar,5.199,
BTN,Bhutan,2015,hydro,1614.078,7747.15
BTN,Bhutan,2015,oil,10.73,0.02
BTN,Bhutan,2015,solar,0.12,0.168
BTN,Bhutan,2015,wind_onshore,0.6,
BTN,Bhutan,2016,hydro,1614.078,7952.88
BTN,Bhutan,2016,oil,8.04,
BTN,Bhutan,2016,solar,0.12,0.168
BTN,Bhutan,2016,wind_onshore,0.6,0.7
BTN,Bhutan,2017,hydro,1614.078,7728.36
BTN,Bhutan,2017,oil,8.93,0.3
BTN,Bhutan,2017,solar,0.12,0.168
BTN,Bhutan,2017,wind_onshore,0.6,1.11
BTN,Bhutan,2018,hydro,1614.315,6958.64
BTN,Bhutan,2018,oil,8.93,0.035
BTN,Bhutan,2018,solar,0.12,0.168
BTN,Bhutan,2018,wind_onshore,0.6,1.135
BTN,Bhutan,2019,hydro,2334.315,8875.87
BTN,Bhutan,2019,oil,6.8,
BTN,Bhutan,2019,solar,0.12,0.168
BTN,Bhutan,2019,wind_onshore,0.6,
BTN,Bhutan,2020,hydro,2334.315,11388.146
BTN,Bhutan,2020,oil,8.32,0.004
BTN,Bhutan,2020,solar,0.12,0.168
BTN,Bhutan,2020,wind_onshore,0.6,1.11
BTN,Bhutan,2021,hydro,2334.335,10821.315
BTN,Bhutan,2021,oil,8.32,0.001
BTN,Bhutan,2021,solar,0.392,0.375
BTN,Bhutan,2021,wind_onshore,0.6,0.389
BTN,Bhutan,2022,hydro,2334.335,10753.528
BTN,Bhutan,2022,oil,8.32,0.001
BTN,Bhutan,2022,solar,0.392,0.373
BTN,Bhutan,2022,wind_onshore,0.6,0.428
BTN,Bhutan,2023,hydro,2334.335,10535.078
BTN,Bhutan,2023,oil,8.32,0.001
BTN,Bhutan,2023,solar,1.27,0.552
BTN,Bhutan,2023,wind_onshore,0.6,0.428
BTN,Bhutan,2024,hydro,2452.335,
BTN,Bhutan,2024,oil,8.32,
BTN,Bhutan,2024,solar,3.37,
BTN,Bhutan,2024,wind_onshore,0.6,
BWA,Botswana,2015,coal,757.0,2890.19
BWA,Botswana,2015,oil,160.0,66.0
BWA,Botswana,2015,solar,2.153,3.326
BWA,Botswana,2016,coal,757.0,2735.5
BWA,Botswana,2016,oil,160.0,66.0
BWA,Botswana,2016,solar,3.28,5.239
BWA,Botswana,2017,coal,757.0,3039.5
BWA,Botswana,2017,oil,160.0,66.0
BWA,Botswana,2017,solar,3.415,5.47
BWA,Botswana,2018,coal,757.0,3465.5
BWA,Botswana,2018,oil,160.0,66.0
BWA,Botswana,2018,solar,3.72,5.992
BWA,Botswana,2019,coal,757.0,3259.5
BWA,Botswana,2019,oil,160.0,66.0
BWA,Botswana,2019,solar,5.919,5.941
BWA,Botswana,2020,coal,757.0,2207.5
BWA,Botswana,2020,oil,160.0,66.0
BWA,Botswana,2020,solar,5.918,5.94
BWA,Botswana,2021,coal,757.0,2435.5
BWA,Botswana,2021,oil,160.0,66.0
BWA,Botswana,2021,solar,6.301,6.183
BWA,Botswana,2022,coal,757.0,2573.5
BWA,Botswana,2022,oil,160.0,66.0
BWA,Botswana,2022,solar,6.289,6.163
BWA,Botswana,2023,coal,757.0,2744.5
BWA,Botswana,2023,oil,160.0,66.0
BWA,Botswana,2023,solar,10.3,6.066
BWA,Botswana,2024,coal,757.0,
BWA,Botswana,2024,oil,160.0,
BWA,Botswana,2024,solar,10.3,
CAF,Central African Republic (the),2015,hydro,18.85,138.202
CAF,Central African Republic (the),2015,oil,22.0,0.384
CAF,Central African Republic (the),2015,solar,0.099,0.141
CAF,Central African Republic (the),2016,hydro,18.85,131.264
CAF,Central African Republic (the),2016,oil,22.0,6.023
CAF,Central African Republic (the),2016,solar,0.209,0.296
CAF,Central African Republic (the),2017,hydro,18.85,141.265
CAF,Central African Republic (the),2017,oil,22.0,5.182
CAF,Central African Republic (the),2017,solar,0.274,0.389
CAF,Central African Republic (the),2018,hydro,18.85,141.265
CAF,Central African Republic (the),2018,oil,22.0,5.182
CAF,Central African Republic (the),2018,solar,0.299,0.425
CAF,Central African Republic (the),2019,hydro,18.85,141.265
CAF,Central African Republic (the),2019,oil,22.0,5.182
CAF,Central African Republic (the),2019,solar,0.296,0.421
CAF,Central African Republic (the),2020,hydro,18.85,141.265
CAF,Central African Republic (the),2020,oil,22.0,5.182
CAF,Central African Republic (the),2020,solar,0.339,0.481
CAF,Central African Republic (the),2021,hydro,18.85,141.265
CAF,Central African Republic (the),2021,oil,72.0,5.182
CAF,Central African Republic (the),2021,solar,0.337,0.478
CAF,Central African Republic (the),2022,hydro,18.85,141.265
CAF,Central African Republic (the),2022,oil,72.0,5.182
CAF,Central African Republic (the),2022,solar,0.334,0.474
CAF,Central African Republic (the),2023,hydro,18.85,141.265
CAF,Central African Republic (the),2023,oil,72.0,5.182
CAF,Central African Republic (the),2023,solar,40.423,57.401
CAF,Central African Republic (the),2024,hydro,18.85,
CAF,Central African Republic (the),2024,oil,72.0,
CAF,Central African Republic (the),2024,solar,40.423,
CAN,Canada,2015,bio,2554.0,9804.0
CAN,Canada,2015,coal,9791.0,62055.0
CAN,Canada,2015,fossil_nes,1603.0,
CAN,Canada,2015,gas,16873.0,64639.0
CAN,Canada,2015,hydro,79231.0,382155.0
CAN,Canada,2015,nuclear,14033.0,101809.0
CAN,Canada,2015,oil,6011.0,7718.0
CAN,Canada,2015,other,63.0,274.0
CAN,Canada,2015,pumped,174.0,111.0
CAN,Canada,2015,solar,2141.0,2841.0
CAN,Canada,2015,wind_onshore,11214.0,26964.0
CAN,Canada,2016,bio,2609.5,12460.001
CAN,Canada,2016,coal,9641.0,62197.0
CAN,Canada,2016,fossil_nes,1734.0,
CAN,Canada,2016,gas,17553.0,61795.0
CAN,Canada,2016,hydro,80130.0,385394.0
CAN,Canada,2016,nuclear,14033.0,101429.0
CAN,Canada,2016,oil,5978.0,7783.0
CAN,Canada,2016,other,65.5,325.0
CAN,Canada,2016,pumped,174.0,111.0
CAN,Canada,2016,solar,2265.0,3005.0
CAN,Canada,2016,wind_onshore,11973.0,30930.0
CAN,Canada,2017,bio,2729.0,12027.999
CAN,Canada,2017,coal,9636.0,60104.0
CAN,Canada,2017,fossil_nes,1635.0,
CAN,Canada,2017,gas,17241.0,54248.0
CAN,Canada,2017,hydro,80657.0,394548.0
CAN,Canada,2017,nuclear,14033.0,101299.0
CAN,Canada,2017,oil,6018.0,5672.0
CAN,Canada,2017,other,66.0,334.0
CAN,Canada,2017,pumped,174.0,111.0
CAN,Canada,2017,solar,2493.0,3308.0
CAN,Canada,2017,wind_onshore,12250.0,31511.0
CAN,Canada,2018,bio,2728.5,11663.0
CAN,Canada,2018,coal,9689.0,50536.0
CAN,Canada,2018,fossil_nes,1618.0,
CAN,Canada,2018,gas,17472.0,66895.0
CAN,Canada,2018,hydro,81396.0,385856.0
CAN,Canada,2018,nuclear,13338.0,100731.0
CAN,Canada,2018,oil,6002.0,5821.0
CAN,Canada,2018,other,59.5,363.0
CAN,Canada,2018,pumped,174.0,111.0
CAN,Canada,2018,solar,2631.0,3491.0
CAN,Canada,2018,wind_onshore,12816.0,33468.0
CAN,Canada,2019,bio,2523.5,11427.001
CAN,Canada,2019,coal,9689.0,47873.0
CAN,Canada,2019,fossil_nes,1488.0,
CAN,Canada,2019,gas,17634.0,68235.0
CAN,Canada,2019,hydro,81396.0,381732.0
CAN,Canada,2019,nuclear,13338.0,101197.0
CAN,Canada,2019,oil,6019.0,5081.0
CAN,Canada,2019,other,59.5,299.0
CAN,Canada,2019,pumped,174.0,111.0
CAN,Canada,2019,solar,2828.0,3752.0
CAN,Canada,2019,wind_onshore,13220.0,32873.0
CAN,Canada,2020,bio,2580.5,10705.0
CAN,Canada,2020,coal,9247.0,38665.0
CAN,Canada,2020,fossil_nes,1466.0,
CAN,Canada,2020,gas,19802.0,72972.0
CAN,Canada,2020,hydro,81209.0,386506.0
CAN,Canada,2020,nuclear,12513.0,98195.0
CAN,Canada,2020,oil,6019.0,4536.0
CAN,Canada,2020,other,40.0,451.0
CAN,Canada,2020,pumped,174.0,111.0
CAN,Canada,2020,solar,3068.0,4072.0
CAN,Canada,2020,wind_onshore,13532.0,35761.0
CAN,Canada,2021,bio,2704.5,11242.999
CAN,Canada,2021,coal,7996.0,34448.0
CAN,Canada,2021,fossil_nes,1376.0,
CAN,Canada,2021,gas,17592.0,79314.0
CAN,Canada,2021,hydro,82893.0,382391.0
CAN,Canada,2021,nuclear,13085.0,92629.0
CAN,Canada,2021,oil,6019.0,4246.0
CAN,Canada,2021,other,40.0,502.0
CAN,Canada,2021,pumped,174.0,111.0
CAN,Canada,2021,solar,3854.0,5115.0
CAN,Canada,2021,wind_onshore,13878.0,37293.0
CAN,Canada,2022,bio,2722.5,10245.0
CAN,Canada,2022,coal,5748.0,26251.0
CAN,Canada,2022,fossil_nes,1358.0,
CAN,Canada,2022,gas,18500.0,85856.0
CAN,Canada,2022,hydro,83498.0,397686.0
CAN,Canada,2022,nuclear,13085.0,87239.0
CAN,Canada,2022,oil,6019.0,5545.0
CAN,Canada,2022,other,40.7,435.0
CAN,Canada,2022,pumped,174.0,111.0
CAN,Canada,2022,solar,4323.0,5737.0
CAN,Canada,2022,wind_onshore,15237.0,39474.0
CAN,Canada,2023,bio,2708.0,10559.999
CAN,Canada,2023,coal,4594.0,23548.0
CAN,Canada,2023,fossil_nes,1374.0,
CAN,Canada,2023,gas,21170.0,96299.0
CAN,Canada,2023,hydro,83498.0,360699.0
CAN,Canada,2023,nuclear,12669.0,89047.0
CAN,Canada,2023,oil,6019.0,4684.0
CAN,Canada,2023,other,39.2,478.0
CAN,Canada,2023,pumped,174.0,111.0
CAN,Canada,2023,solar,5328.0,7071.0
CAN,Canada,2023,wind_onshore,16137.0,40506.0
CAN,Canada,2024,bio,2708.0,
CAN,Canada,2024,coal,3714.0,
CAN,Canada,2024,fossil_nes,1374.0,
CAN,Canada,2024,gas,21284.0,
CAN,Canada,2024,hydro,83498.0,
CAN,Canada,2024,nuclear,12669.0,
CAN,Canada,2024,oil,6019.0,
CAN,Canada,2024,other,39.2,
CAN,Canada,2024,pumped,174.0,
CAN,Canada,2024,solar,5773.4,
CAN,Canada,2024,wind_onshore,17523.9,
CHE,Switzerland,2015,bio,272.0,1624.0
CHE,Switzerland,2015,fossil_nes,207.0,
CHE,Switzerland,2015,gas,239.0,629.0
CHE,Switzerland,2015,hydro,13346.0,38258.0
CHE,Switzerland,2015,nuclear,3333.0,23089.0
CHE,Switzerland,2015,oil,87.0,35.0
CHE,Switzerland,2015,other,211.0,1195.0
CHE,Switzerland,2015,pumped,469.0,1623.0
CHE,Switzerland,2015,solar,1360.0,1119.0
CHE,Switzerland,2015,wind_onshore,60.0,110.0
CHE,Switzerland,2016,bio,274.5,1750.0
CHE,Switzerland,2016,fossil_nes,158.0,
CHE,Switzerland,2016,gas,230.0,860.0
CHE,Switzerland,2016,hydro,14279.0,34623.0
CHE,Switzerland,2016,nuclear,3333.0,21146.0
CHE,Switzerland,2016,oil,87.0,33.0
CHE,Switzerland,2016,other,211.5,1249.0
CHE,Switzerland,2016,pumped,527.0,2066.0
CHE,Switzerland,2016,solar,1617.0,1333.0
CHE,Switzerland,2016,wind_onshore,75.0,109.0
CHE,Switzerland,2017,bio,279.7,1859.938
CHE,Switzerland,2017,fossil_nes,143.8,
CHE,Switzerland,2017,gas,228.0,723.209
CHE,Switzerland,2017,hydro,14826.0,34091.446
CHE,Switzerland,2017,nuclear,3333.0,20376.0
CHE,Switzerland,2017,oil,83.0,35.619
CHE,Switzerland,2017,other,211.5,1250.805
CHE,Switzerland,2017,pumped,527.0,2941.414
CHE,Switzerland,2017,solar,1860.0,1683.208
CHE,Switzerland,2017,wind_onshore,75.0,133.0
CHE,Switzerland,2018,bio,282.59,1832.759
CHE,Switzerland,2018,fossil_nes,138.91,
CHE,Switzerland,2018,gas,225.0,620.032
CHE,Switzerland,2018,hydro,14980.0,34984.176
CHE,Switzerland,2018,nuclear,3333.0,25513.0
CHE,Switzerland,2018,oil,82.0,23.88
CHE,Switzerland,2018,other,211.5,1254.849
CHE,Switzerland,2018,pumped,562.0,2818.414
CHE,Switzerland,2018,solar,2117.0,1945.1
CHE,Switzerland,2018,wind_onshore,75.0,122.0
CHE,Switzerland,2019,bio,281.614,1879.702
CHE,Switzerland,2019,fossil_nes,150.386,
CHE,Switzerland,2019,gas,224.0,613.228
CHE,Switzerland,2019,hydro,15012.0,38039.529
CHE,Switzerland,2019,nuclear,3333.0,26417.6
CHE,Switzerland,2019,oil,76.0,29.057
CHE,Switzerland,2019,other,211.0,1261.184
CHE,Switzerland,2019,pumped,562.0,2922.031
CHE,Switzerland,2019,solar,2425.0,2177.671
CHE,Switzerland,2019,wind_onshore,75.0,145.92
CHE,Switzerland,2020,bio,285.235,1991.152
CHE,Switzerland,2020,fossil_nes,157.762,
CHE,Switzerland,2020,gas,223.63,615.265
CHE,Switzerland,2020,hydro,15032.07,37869.647
CHE,Switzerland,2020,nuclear,3333.0,24024.55
CHE,Switzerland,2020,oil,76.303,21.074
CHE,Switzerland,2020,other,210.75,1232.609
CHE,Switzerland,2020,pumped,562.0,3152.513
CHE,Switzerland,2020,solar,2875.26,2598.659
CHE,Switzerland,2020,wind_onshore,87.12,145.45
CHE,Switzerland,2021,bio,278.92,2066.657
CHE,Switzerland,2021,fossil_nes,178.363,
CHE,Switzerland,2021,gas,228.367,501.259
CHE,Switzerland,2021,hydro,15049.66,36964.485
CHE,Switzerland,2021,nuclear,2960.0,19363.85
CHE,Switzerland,2021,oil,76.303,31.47
CHE,Switzerland,2021,other,202.945,1192.298
CHE,Switzerland,2021,pumped,562.0,2930.515
CHE,Switzerland,2021,solar,3515.429,2842.003
CHE,Switzerland,2021,wind_onshore,88.319,144.94
CHE,Switzerland,2022,bio,274.488,2078.648
CHE,Switzerland,2022,fossil_nes,189.446,
CHE,Switzerland,2022,gas,228.559,373.093
CHE,Switzerland,2022,hydro,16005.586,29900.141
CHE,Switzerland,2022,nuclear,2960.0,24153.085
CHE,Switzerland,2022,oil,76.303,38.542
CHE,Switzerland,2022,other,197.745,1174.683
CHE,Switzerland,2022,pumped,562.0,3935.869
CHE,Switzerland,2022,solar,4528.377,3857.759
CHE,Switzerland,2022,wind_onshore,88.321,149.694
CHE,Switzerland,2023,bio,274.554,2083.347
CHE,Switzerland,2023,fossil_nes,442.823,
CHE,Switzerland,2023,gas,216.805,272.022
CHE,Switzerland,2023,hydro,16034.936,37387.675
CHE,Switzerland,2023,nuclear,2973.0,24384.03
CHE,Switzerland,2023,oil,75.563,30.719
CHE,Switzerland,2023,other,197.745,1127.04
CHE,Switzerland,2023,pumped,562.0,3800.125
CHE,Switzerland,2023,solar,6063.678,4624.305
CHE,Switzerland,2023,wind_onshore,88.321,168.527
CHE,Switzerland,2024,bio,274.554,
CHE,Switzerland,2024,fossil_nes,442.823,
CHE,Switzerland,2024,gas,216.805,
CHE,Switzerland,2024,hydro,16034.936,
CHE,Switzerland,2024,nuclear,2973.0,
CHE,Switzerland,2024,oil,75.563,
CHE,Switzerland,2024,other,197.745,
CHE,Switzerland,2024,pumped,562.0,
CHE,Switzerland,2024,solar,7763.678,
CHE,Switzerland,2024,wind_onshore,102.121,
CHL,Chile,2015,bio,466.0,5615.0
CHL,Chile,2015,coal,3124.0,28029.0
CHL,Chile,2015,fossil_nes,5853.0,
CHL,Chile,2015,gas,729.0,11357.0
CHL,Chile,2015,hydro,6499.765,23925.0
CHL,Chile,2015,oil,3295.86,3583.0
CHL,Chile,2015,solar,576.078,1261.11
CHL,Chile,2015,wind_onshore,910.0,2115.0
CHL,Chile,2016,bio,463.0,5957.0
CHL,Chile,2016,coal,4108.0,30258.0
CHL,Chile,2016,fossil_nes,6671.0,
CHL,Chile,2016,gas,396.0,11845.0
CHL,Chile,2016,hydro,6671.765,23435.0
CHL,Chile,2016,oil,4073.86,3468.0
CHL,Chile,2016,solar,1125.11,2639.141
CHL,Chile,2016,wind_onshore,1039.0,2449.0
CHL,Chile,2017,bio,499.796,6061.58
CHL,Chile,2017,coal,4114.0,29304.049
CHL,Chile,2017,fossil_nes,6878.48,
CHL,Chile,2017,gas,179.703,13348.5
CHL,Chile,2017,geothermal,24.0,63.8
CHL,Chile,2017,hydro,6657.004,21359.315
CHL,Chile,2017,oil,4845.343,2476.242
CHL,Chile,2017,solar,1724.348,3914.962
CHL,Chile,2017,wind_onshore,1302.0,3520.972
CHL,Chile,2018,bio,500.681,5688.767
CHL,Chile,2018,coal,3924.6,29893.126
CHL,Chile,2018,fossil_nes,7067.65,
CHL,Chile,2018,gas,193.716,13083.828
CHL,Chile,2018,geothermal,39.7,214.1
CHL,Chile,2018,hydro,6628.145,23426.808
CHL,Chile,2018,oil,5207.027,1725.742
CHL,Chile,2018,solar,2298.101,5218.254
CHL,Chile,2018,wind_onshore,1692.271,3587.895
CHL,Chile,2019,bio,451.802,5393.952
CHL,Chile,2019,coal,4886.363,28134.331
CHL,Chile,2019,fossil_nes,2957.814,
CHL,Chile,2019,gas,2339.623,15865.3
CHL,Chile,2019,geothermal,39.7,202.0
CHL,Chile,2019,hydro,6342.097,22506.982
CHL,Chile,2019,oil,5925.359,1580.301
CHL,Chile,2019,solar,2720.784,6419.175
CHL,Chile,2019,wind_onshore,1998.934,4896.804
CHL,Chile,2020,bio,454.365,5236.978
CHL,Chile,2020,coal,4620.774,26070.681
CHL,Chile,2020,fossil_nes,2995.459,
CHL,Chile,2020,gas,3101.298,15292.329
CHL,Chile,2020,geothermal,39.7,216.0
CHL,Chile,2020,hydro,6819.816,21930.61
CHL,Chile,2020,oil,6408.546,2322.9
CHL,Chile,2020,solar,3287.322,7971.964
CHL,Chile,2020,wind_onshore,2292.538,5602.3
CHL,Chile,2021,bio,489.613,5124.81
CHL,Chile,2021,coal,4609.008,26065.448
CHL,Chile,2021,fossil_nes,2995.459,
CHL,Chile,2021,gas,3102.023,15902.227
CHL,Chile,2021,geothermal,51.4,324.0
CHL,Chile,2021,hydro,6798.377,19515.465
CHL,Chile,2021,oil,6573.959,3718.526
CHL,Chile,2021,solar,4712.268,10566.245
CHL,Chile,2021,wind_onshore,3140.43,7628.098
CHL,Chile,2022,bio,489.909,4595.088
CHL,Chile,2022,coal,4609.008,21516.984
CHL,Chile,2022,fossil_nes,2995.163,
CHL,Chile,2022,gas,3102.023,16088.323
CHL,Chile,2022,geothermal,83.37,466.51
CHL,Chile,2022,hydro,7504.098,20873.438
CHL,Chile,2022,oil,6574.709,3718.125
CHL,Chile,2022,solar,6887.131,15714.661
CHL,Chile,2022,wind_onshore,3824.044,8893.309
CHL,Chile,2023,bio,521.253,5707.643
CHL,Chile,2023,coal,3733.578,14502.481
CHL,Chile,2023,fossil_nes,1445.377,
CHL,Chile,2023,gas,3660.016,16762.975
CHL,Chile,2023,geothermal,83.58,368.0
CHL,Chile,2023,hydro,7411.866,23713.148
CHL,Chile,2023,oil,4937.554,2287.568
CHL,Chile,2023,solar,8742.236,18441.306
CHL,Chile,2023,wind_onshore,4532.896,9390.954
CHL,Chile,2024,bio,521.253,
CHL,Chile,2024,coal,3733.578,
CHL,Chile,2024,fossil_nes,1445.377,
CHL,Chile,2024,gas,3660.016,
CHL,Chile,2024,geothermal,83.58,
CHL,Chile,2024,hydro,7464.866,
CHL,Chile,2024,oil,4937.554,
CHL,Chile,2024,solar,10897.529,
CHL,Chile,2024,wind_onshore,4716.896,
CHN,China,2015,bio,7976.877,40738.408
CHN,China,2015,coal,900093.0,3897746.0
CHN,China,2015,fossil_nes,9423.613,166746.371
CHN,China,2015,gas,66033.0,166907.0
CHN,China,2015,geothermal,25.75,143.5
CHN,China,2015,hydro,296500.0,1114515.0
CHN,China,2015,nuclear,27170.0,170790.0
CHN,China,2015,oil,4342.0,4155.0
CHN,China,2015,other,2345.76,11964.738
CHN,China,2015,pumped,23030.0,15755.0
CHN,China,2015,solar,43548.8,39986.646
CHN,China,2015,wind_offshore,559.0,793.502
CHN,China,2015,wind_onshore,130488.73,185171.634
CHN,China,2016,bio,9269.499,49403.788
CHN,China,2016,coal,946244.0,3945678.0
CHN,China,2016,fossil_nes,11157.514,224889.446
CHN,China,2016,gas,70105.0,188280.0
CHN,China,2016,geothermal,25.75,143.5
CHN,China,2016,hydro,305380.493,1162589.0
CHN,China,2016,nuclear,33640.0,213290.0
CHN,China,2016,oil,2094.0,2782.0
CHN,China,2016,other,2874.237,15302.713
CHN,China,2016,pumped,26690.0,30781.0
CHN,China,2016,solar,77818.8,67874.141
CHN,China,2016,wind_offshore,1480.0,2416.83
CHN,China,2016,wind_onshore,147036.89,239970.869
CHN,China,2017,bio,11234.0,59991.705
CHN,China,2017,coal,985620.0,4149763.0
CHN,China,2017,fossil_nes,9386.0,301359.197
CHN,China,2017,gas,75800.0,202760.0
CHN,China,2017,geothermal,25.75,143.5
CHN,China,2017,hydro,314384.938,1165117.0
CHN,China,2017,nuclear,35819.24,248070.0
CHN,China,2017,oil,1970.0,2723.0
CHN,China,2017,other,3644.25,19444.795
CHN,China,2017,pumped,29390.0,32753.0
CHN,China,2017,solar,130832.29,118266.601
CHN,China,2017,wind_offshore,2788.0,5177.412
CHN,China,2017,wind_onshore,161586.477,299838.064
CHN,China,2018,bio,13235.0,67300.603
CHN,China,2018,coal,1008350.0,4482900.0
CHN,China,2018,fossil_nes,32440.0,305849.36
CHN,China,2018,gas,83750.0,215500.0
CHN,China,2018,geothermal,25.75,143.5
CHN,China,2018,hydro,322271.434,1198890.0
CHN,China,2018,nuclear,44660.0,294360.0
CHN,China,2018,oil,1730.0,1500.0
CHN,China,2018,other,4579.25,23270.592
CHN,China,2018,pumped,29990.0,32900.0
CHN,China,2018,solar,175261.864,178070.754
CHN,China,2018,wind_offshore,4588.0,9112.079
CHN,China,2018,wind_onshore,180076.877,357340.125
CHN,China,2019,bio,16537.072,82250.0
CHN,China,2019,coal,1040630.0,4553800.0
CHN,China,2019,fossil_nes,34404.147,320245.54
CHN,China,2019,gas,90240.0,232500.0
CHN,China,2019,geothermal,25.75,143.5
CHN,China,2019,hydro,327750.0,1272540.0
CHN,China,2019,nuclear,48740.0,348350.0
CHN,China,2019,oil,1750.0,1300.0
CHN,China,2019,other,6013.031,30356.5
CHN,China,2019,pumped,30290.0,31900.0
CHN,China,2019,solar,204970.8,224541.518
CHN,China,2019,wind_offshore,5930.0,11512.11
CHN,China,2019,wind_onshore,203651.91,395047.584
CHN,China,2020,bio,21855.0,98200.0
CHN,China,2020,coal,1084319.0,4589600.0
CHN,China,2020,fossil_nes,35849.0,364080.0
CHN,China,2020,gas,94029.0,242300.0
CHN,China,2020,geothermal,25.75,143.5
CHN,China,2020,hydro,338670.0,1322010.0
CHN,China,2020,nuclear,49890.0,366250.0
CHN,China,2020,oil,1823.0,1300.0
CHN,China,2020,other,7669.75,34406.5
CHN,China,2020,pumped,31490.0,33200.0
CHN,China,2020,solar,253863.8,261639.073
CHN,China,2020,wind_offshore,8990.0,14895.625
CHN,China,2020,wind_onshore,273002.67,452141.793
CHN,China,2021,bio,27345.0,117800.0
CHN,China,2021,coal,1123286.0,5035200.0
CHN,China,2021,fossil_nes,37137.0,353280.0
CHN,China,2021,gas,97408.0,251000.0
CHN,China,2021,geothermal,25.75,143.5
CHN,China,2021,hydro,354530.0,1300600.0
CHN,China,2021,nuclear,53260.0,407520.0
CHN,China,2021,oil,1889.0,1300.0
CHN,China,2021,other,10649.75,45906.5
CHN,China,2021,pumped,36390.0,38400.0
CHN,China,2021,solar,306972.8,327551.088
CHN,China,2021,wind_offshore,26390.0,52710.908
CHN,China,2021,wind_onshore,302583.43,603994.235
CHN,China,2022,bio,29390.0,129700.0
CHN,China,2022,coal,1155325.0,5220700.0
CHN,China,2022,fossil_nes,38196.0,225650.0
CHN,China,2022,gas,100186.0,258200.0
CHN,China,2022,geothermal,25.75,143.5
CHN,China,2022,hydro,367710.0,1303900.0
CHN,China,2022,nuclear,55530.0,417800.0
CHN,China,2022,oil,1943.0,1300.0
CHN,China,2022,other,11934.75,52706.5
CHN,China,2022,pumped,45790.0,48300.0
CHN,China,2022,solar,393031.8,428163.103
CHN,China,2022,wind_offshore,30460.0,63572.247
CHN,China,2022,wind_onshore,335504.19,699770.62
CHN,China,2023,bio,31255.0,140100.0
CHN,China,2023,coal,1200427.0,5579300.0
CHN,China,2023,fossil_nes,39687.0,219750.0
CHN,China,2023,gas,104097.0,268300.0
CHN,China,2023,geothermal,25.75,143.5
CHN,China,2023,hydro,370600.0,1232150.0
CHN,China,2023,nuclear,56910.0,434720.0
CHN,China,2023,oil,2019.0,1300.0
CHN,China,2023,other,12889.75,57806.5
CHN,China,2023,pumped,50940.0,53700.0
CHN,China,2023,solar,609920.8,583875.118
CHN,China,2023,wind_offshore,37290.0,74849.532
CHN,China,2023,wind_onshore,404604.95,811701.059
CHN,China,2024,bio,32300.0,
CHN,China,2024,coal,1247045.0,
CHN,China,2024,fossil_nes,41228.0,
CHN,China,2024,gas,108140.0,
CHN,China,2024,geothermal,25.75,
CHN,China,2024,hydro,377260.0,
CHN,China,2024,nuclear,60830.0,
CHN,China,2024,oil,2097.0,
CHN,China,2024,other,13694.75,
CHN,China,2024,pumped,58690.0,
CHN,China,2024,solar,887099.8,
CHN,China,2024,wind_offshore,41270.0,
CHN,China,2024,wind_onshore,479995.71,
CIV,Côte d'Ivoire,2015,gas,694.0,6799.0
CIV,Côte d'Ivoire,2015,hydro,604.0,1352.5
CIV,Côte d'Ivoire,2015,oil,516.141,466.0
CIV,Côte d'Ivoire,2015,solar,0.284,0.4
CIV,Côte d'Ivoire,2016,gas,809.0,8477.5
CIV,Côte d'Ivoire,2016,hydro,604.0,1529.1
CIV,Côte d'Ivoire,2016,oil,516.141,73.8
CIV,Côte d'Ivoire,2016,solar,0.45,0.6
CIV,Côte d'Ivoire,2017,gas,809.0,7891.3
CIV,Côte d'Ivoire,2017,hydro,879.0,2047.2
CIV,Côte d'Ivoire,2017,oil,516.141,9.4
CIV,Côte d'Ivoire,2017,solar,1.007,1.3
CIV,Côte d'Ivoire,2018,gas,809.0,7025.0
CIV,Côte d'Ivoire,2018,hydro,879.0,2962.0
CIV,Côte d'Ivoire,2018,oil,516.141,9.9
CIV,Côte d'Ivoire,2018,solar,2.097,2.7
CIV,Côte d'Ivoire,2019,gas,809.0,7115.0
CIV,Côte d'Ivoire,2019,hydro,879.0,3481.0
CIV,Côte d'Ivoire,2019,oil,546.141,16.6
CIV,Côte d'Ivoire,2019,solar,4.206,5.5
CIV,Côte d'Ivoire,2020,gas,809.0,7799.4
CIV,Côte d'Ivoire,2020,hydro,879.0,3376.0
CIV,Côte d'Ivoire,2020,oil,546.141,34.4
CIV,Côte d'Ivoire,2020,solar,6.402,8.3
CIV,Côte d'Ivoire,2021,gas,809.0,8497.7
CIV,Côte d'Ivoire,2021,hydro,879.0,2627.0
CIV,Côte d'Ivoire,2021,oil,586.141,300.4
CIV,Côte d'Ivoire,2021,solar,7.759,10.1
CIV,Côte d'Ivoire,2022,gas,988.0,8880.8
CIV,Côte d'Ivoire,2022,hydro,879.0,2864.0
CIV,Côte d'Ivoire,2022,oil,686.141,403.5
CIV,Côte d'Ivoire,2022,solar,9.009,11.7
CIV,Côte d'Ivoire,2023,gas,1317.0,9397.0
CIV,Côte d'Ivoire,2023,hydro,879.0,3199.9
CIV,Côte d'Ivoire,2023,oil,686.141,723.414
CIV,Côte d'Ivoire,2023,solar,40.076,36.93
CIV,Côte d'Ivoire,2024,gas,1317.0,
CIV,Côte d'Ivoire,2024,hydro,879.0,
CIV,Côte d'Ivoire,2024,oil,686.141,
CIV,Côte d'Ivoire,2024,solar,40.076,
CMR,Cameroon,2015,gas,266.0,456.699
CMR,Cameroon,2015,hydro,732.296,4373.259
CMR,Cameroon,2015,oil,359.402,1328.791
CMR,Cameroon,2015,solar,0.134,0.185
CMR,Cameroon,2016,gas,266.0,407.961
CMR,Cameroon,2016,hydro,732.296,4359.279
CMR,Cameroon,2016,oil,359.402,1088.049
CMR,Cameroon,2016,solar,0.153,0.211
CMR,Cameroon,2017,gas,268.213,448.031
CMR,Cameroon,2017,hydro,732.096,4752.579
CMR,Cameroon,2017,oil,426.739,1172.919
CMR,Cameroon,2017,solar,11.58,15.911
CMR,Cameroon,2018,gas,268.213,503.577
CMR,Cameroon,2018,hydro,732.096,5033.419
CMR,Cameroon,2018,oil,433.009,1421.993
CMR,Cameroon,2018,solar,11.841,16.27
CMR,Cameroon,2019,gas,268.213,427.125
CMR,Cameroon,2019,hydro,812.516,5026.476
CMR,Cameroon,2019,oil,433.009,1171.585
CMR,Cameroon,2019,solar,12.697,17.446
CMR,Cameroon,2020,gas,268.213,432.993
CMR,Cameroon,2020,hydro,812.516,5232.836
CMR,Cameroon,2020,oil,433.009,1160.027
CMR,Cameroon,2020,solar,13.56,18.631
CMR,Cameroon,2021,gas,268.213,432.993
CMR,Cameroon,2021,hydro,812.516,5232.836
CMR,Cameroon,2021,oil,434.369,1160.027
CMR,Cameroon,2021,solar,26.236,36.048
CMR,Cameroon,2022,gas,268.213,432.993
CMR,Cameroon,2022,hydro,813.996,5232.836
CMR,Cameroon,2022,oil,434.369,1160.027
CMR,Cameroon,2022,solar,26.312,36.153
CMR,Cameroon,2023,gas,268.213,432.993
CMR,Cameroon,2023,hydro,813.996,5232.836
CMR,Cameroon,2023,oil,434.369,1160.027
CMR,Cameroon,2023,solar,62.652,116.619
CMR,Cameroon,2024,gas,268.213,
CMR,Cameroon,2024,hydro,813.996,
CMR,Cameroon,2024,oil,434.369,
CMR,Cameroon,2024,solar,62.652,
COD,Democratic Republic of the Congo (the),2015,bio,0.16,0.42
COD,Democratic Republic of the Congo (the),2015,hydro,2417.0,8766.746
COD,Democratic Republic of the Congo (the),2015,oil,29.0,163.055
COD,Democratic Republic of the Congo (the),2015,solar,1.355,1.734
COD,Democratic Republic of the Congo (the),2016,bio,0.16,0.42
COD,Democratic Republic of the Congo (the),2016,hydro,2429.0,8827.527
COD,Democratic Republic of the Congo (the),2016,oil,29.0,61.567
COD,Democratic Republic of the Congo (the),2016,solar,4.614,5.906
COD,Democratic Republic of the Congo (the),2017,bio,2.16,5.676
COD,Democratic Republic of the Congo (the),2017,hydro,2439.8,9406.162
COD,Democratic Republic of the Congo (the),2017,oil,29.0,83.067
COD,Democratic Republic of the Congo (the),2017,solar,5.67,7.258
COD,Democratic Republic of the Congo (the),2018,bio,2.96,7.779
COD,Democratic Republic of the Congo (the),2018,hydro,2597.8,10517.343
COD,Democratic Republic of the Congo (the),2018,oil,31.84,119.168
COD,Democratic Republic of the Congo (the),2018,solar,8.333,10.666
COD,Democratic Republic of the Congo (the),2019,bio,2.96,7.779
COD,Democratic Republic of the Congo (the),2019,hydro,2607.7,11497.144
COD,Democratic Republic of the Congo (the),2019,oil,31.84,104.89
COD,Democratic Republic of the Congo (the),2019,solar,9.578,12.26
COD,Democratic Republic of the Congo (the),2020,bio,2.96,7.779
COD,Democratic Republic of the Congo (the),2020,hydro,2607.7,12563.875
COD,Democratic Republic of the Congo (the),2020,oil,31.84,7.007
COD,Democratic Republic of the Congo (the),2020,solar,14.388,17.006
COD,Democratic Republic of the Congo (the),2021,bio,2.96,7.779
COD,Democratic Republic of the Congo (the),2021,hydro,2607.7,13423.979
COD,Democratic Republic of the Congo (the),2021,oil,31.84,2.692
COD,Democratic Republic of the Congo (the),2021,solar,17.713,21.647
COD,Democratic Republic of the Congo (the),2022,bio,2.96,7.779
COD,Democratic Republic of the Congo (the),2022,hydro,2932.452,13302.845
COD,Democratic Republic of the Congo (the),2022,oil,75.574,5.552
COD,Democratic Republic of the Congo (the),2022,solar,22.365,26.049
COD,Democratic Republic of the Congo (the),2023,bio,2.96,7.779
COD,Democratic Republic of the Congo (the),2023,hydro,3188.212,13423.694
COD,Democratic Republic of the Congo (the),2023,oil,77.507,6.84
COD,Democratic Republic of the Congo (the),2023,solar,25.178,30.016
COD,Democratic Republic of the Congo (the),2024,bio,2.96,
COD,Democratic Republic of the Congo (the),2024,hydro,3247.1,
COD,Democratic Republic of the Congo (the),2024,oil,421.4,
COD,Democratic Republic of the Congo (the),2024,solar,30.028,
COG,Congo (the),2015,bio,12.2,31.093
COG,Congo (the),2015,gas,364.0,1434.5
COG,Congo (the),2015,hydro,194.0,1098.2
COG,Congo (the),2015,oil,60.5,4.8
COG,Congo (the),2015,solar,0.02,0.051
COG,Congo (the),2016,bio,12.2,31.591
COG,Congo (the),2016,gas,364.0,1643.5
COG,Congo (the),2016,hydro,200.5,1131.9
COG,Congo (the),2016,oil,60.5,2.2
COG,Congo (the),2016,solar,0.04,0.073
COG,Congo (the),2017,bio,12.2,31.735
COG,Congo (the),2017,gas,364.0,1646.7
COG,Congo (the),2017,hydro,213.9,1202.9
COG,Congo (the),2017,oil,62.66,2.0
COG,Congo (the),2017,solar,0.057,0.082
COG,Congo (the),2018,bio,12.2,31.888
COG,Congo (the),2018,gas,364.0,1570.4
COG,Congo (the),2018,hydro,213.9,1046.0
COG,Congo (the),2018,oil,62.66,3.0
COG,Congo (the),2018,solar,0.064,0.08
COG,Congo (the),2019,bio,12.2,31.888
COG,Congo (the),2019,gas,364.0,1570.4
COG,Congo (the),2019,hydro,213.9,1046.0
COG,Congo (the),2019,oil,62.66,3.0
COG,Congo (the),2019,solar,0.062,0.668
COG,Congo (the),2020,bio,12.2,31.888
COG,Congo (the),2020,gas,534.0,1570.4
COG,Congo (the),2020,hydro,213.9,1046.0
COG,Congo (the),2020,oil,62.66,3.0
COG,Congo (the),2020,solar,0.522,0.723
COG,Congo (the),2021,bio,12.2,31.888
COG,Congo (the),2021,gas,534.0,1570.4
COG,Congo (the),2021,hydro,213.9,1046.0
COG,Congo (the),2021,oil,62.66,3.0
COG,Congo (the),2021,solar,0.565,0.819
COG,Congo (the),2022,bio,12.2,31.888
COG,Congo (the),2022,gas,534.0,1570.4
COG,Congo (the),2022,hydro,213.9,1046.0
COG,Congo (the),2022,oil,62.66,3.0
COG,Congo (the),2022,solar,0.64,0.951
COG,Congo (the),2023,bio,12.2,31.888
COG,Congo (the),2023,gas,534.0,1570.4
COG,Congo (the),2023,hydro,213.9,1046.0
COG,Congo (the),2023,oil,62.66,3.0
COG,Congo (the),2023,solar,0.743,0.951
COG,Congo (the),2024,bio,12.2,
COG,Congo (the),2024,gas,561.0,
COG,Congo (the),2024,hydro,213.9,
COG,Congo (the),2024,oil,62.66,
COG,Congo (the),2024,solar,0.743,
COK,Cook Islands (the),2015,oil,13.55,29.33
COK,Cook Islands (the),2015,solar,2.897,3.461
COK,Cook Islands (the),2016,oil,18.35,29.588
COK,Cook Islands (the),2016,solar,3.011,4.668
COK,Cook Islands (the),2017,oil,18.35,30.767
COK,Cook Islands (the),2017,solar,3.011,5.858
COK,Cook Islands (the),2018,oil,18.35,31.815
COK,Cook Islands (the),2018,solar,4.833,10.171
COK,Cook Islands (the),2019,oil,18.35,29.314
COK,Cook Islands (the),2019,solar,5.57,9.805
COK,Cook Islands (the),2020,oil,18.35,25.01
COK,Cook Islands (the),2020,solar,5.57,8.882
COK,Cook Islands (the),2021,oil,18.35,26.552
COK,Cook Islands (the),2021,solar,5.57,7.117
COK,Cook Islands (the),2022,oil,18.35,30.337
COK,Cook Islands (the),2022,solar,5.57,7.18
COK,Cook Islands (the),2023,oil,18.525,34.184
COK,Cook Islands (the),2023,solar,5.57,9.387
COK,Cook Islands (the),2024,oil,18.525,
COK,Cook Islands (the),2024,solar,5.57,
COL,Colombia,2015,bio,236.559,1380.877
COL,Colombia,2015,coal,1348.0,7090.0
COL,Colombia,2015,gas,1667.0,17955.0
COL,Colombia,2015,hydro,11501.318,48568.657
COL,Colombia,2015,oil,2071.0,2191.632
COL,Colombia,2015,solar,1.463,9.0
COL,Colombia,2015,wind_onshore,18.0,68.377
COL,Colombia,2016,bio,258.609,1417.789
COL,Colombia,2016,coal,1356.0,6210.0
COL,Colombia,2016,gas,2093.0,15896.0
COL,Colombia,2016,hydro,11606.318,49089.845
COL,Colombia,2016,oil,1643.0,2392.68
COL,Colombia,2016,solar,1.52,9.0
COL,Colombia,2016,wind_onshore,18.0,50.887
COL,Colombia,2017,bio,311.849,1566.221
COL,Colombia,2017,coal,1369.0,3183.0
COL,Colombia,2017,gas,1708.0,11005.0
COL,Colombia,2017,hydro,11731.318,61417.694
COL,Colombia,2017,oil,2092.382,2524.395
COL,Colombia,2017,solar,11.32,14.388
COL,Colombia,2017,wind_onshore,18.0,8.459
COL,Colombia,2018,bio,321.849,1710.327
COL,Colombia,2018,coal,1657.0,4546.0
COL,Colombia,2018,gas,1703.0,11622.0
COL,Colombia,2018,hydro,11842.318,59968.999
COL,Colombia,2018,oil,2180.473,2570.577
COL,Colombia,2018,solar,13.377,19.381
COL,Colombia,2018,wind_onshore,18.0,55.437
COL,Colombia,2019,bio,321.809,1656.992
COL,Colombia,2019,coal,1654.9,8163.0
COL,Colombia,2019,gas,2178.59,13165.0
COL,Colombia,2019,hydro,11929.557,55582.463
COL,Colombia,2019,oil,1489.555,3165.529
COL,Colombia,2019,solar,23.086,142.061
COL,Colombia,2019,wind_onshore,18.42,63.324
COL,Colombia,2020,bio,329.809,1712.19
COL,Colombia,2020,coal,1654.9,9397.0
COL,Colombia,2020,gas,2290.09,15189.0
COL,Colombia,2020,hydro,11958.857,50742.127
COL,Colombia,2020,oil,1490.87,3102.164
COL,Colombia,2020,solar,82.718,200.796
COL,Colombia,2020,wind_onshore,18.42,10.117
COL,Colombia,2021,bio,352.329,1841.462
COL,Colombia,2021,coal,1654.9,4527.0
COL,Colombia,2021,gas,2345.09,13757.0
COL,Colombia,2021,hydro,11953.727,62711.959
COL,Colombia,2021,oil,1474.677,3271.131
COL,Colombia,2021,other,,821.0
COL,Colombia,2021,solar,180.975,335.017
COL,Colombia,2021,wind_onshore,18.42,60.462
COL,Colombia,2022,bio,354.029,1760.248
COL,Colombia,2022,coal,1654.9,5160.0
COL,Colombia,2022,gas,2545.09,13894.0
COL,Colombia,2022,hydro,13182.082,66712.975
COL,Colombia,2022,oil,1484.922,3265.921
COL,Colombia,2022,solar,480.043,531.604
COL,Colombia,2022,wind_onshore,33.8,74.298
COL,Colombia,2023,bio,386.229,1815.663
COL,Colombia,2023,coal,1654.9,10936.96
COL,Colombia,2023,gas,3102.09,16117.04
COL,Colombia,2023,hydro,13224.34,58865.724
COL,Colombia,2023,oil,1482.119,3272.44
COL,Colombia,2023,solar,715.986,1234.364
COL,Colombia,2023,wind_onshore,33.8,203.338
COL,Colombia,2024,bio,388.229,
COL,Colombia,2024,coal,1654.9,
COL,Colombia,2024,gas,3170.39,
COL,Colombia,2024,hydro,13224.34,
COL,Colombia,2024,oil,1502.019,
COL,Colombia,2024,other,2.0,
COL,Colombia,2024,solar,1392.459,
COL,Colombia,2024,wind_onshore,33.8,
COM,Comoros (the),2015,hydro,1.448,
COM,Comoros (the),2015,oil,21.6,37.9
COM,Comoros (the),2016,hydro,1.448,
COM,Comoros (the),2016,oil,21.6,50.12
COM,Comoros (the),2016,solar,0.805,1.151
COM,Comoros (the),2017,hydro,1.448,
COM,Comoros (the),2017,oil,21.6,50.12
COM,Comoros (the),2017,solar,1.146,1.638
COM,Comoros (the),2018,hydro,1.448,
COM,Comoros (the),2018,oil,21.6,50.12
COM,Comoros (the),2018,solar,1.146,1.638
COM,Comoros (the),2019,hydro,1.448,
COM,Comoros (the),2019,oil,21.6,50.12
COM,Comoros (the),2019,solar,1.165,1.666
COM,Comoros (the),2020,hydro,1.448,
COM,Comoros (the),2020,oil,21.6,50.12
COM,Comoros (the),2020,solar,1.152,1.648
COM,Comoros (the),2021,hydro,1.448,
COM,Comoros (the),2021,oil,21.6,50.12
COM,Comoros (the),2021,solar,3.362,4.807
COM,Comoros (the),2022,hydro,1.448,
COM,Comoros (the),2022,oil,21.6,50.12
COM,Comoros (the),2022,solar,3.034,4.339
COM,Comoros (the),2023,hydro,1.448,
COM,Comoros (the),2023,oil,21.6,50.12
COM,Comoros (the),2023,solar,3.07,4.39
COM,Comoros (the),2024,hydro,1.448,
COM,Comoros (the),2024,oil,21.6,
COM,Comoros (the),2024,solar,3.07,
CPV,Cabo Verde,2015,oil,145.327,334.514
CPV,Cabo Verde,2015,solar,5.959,6.208
CPV,Cabo Verde,2015,wind_onshore,27.2,78.813
CPV,Cabo Verde,2016,oil,143.338,361.406
CPV,Cabo Verde,2016,solar,6.059,5.637
CPV,Cabo Verde,2016,wind_onshore,27.2,76.932
CPV,Cabo Verde,2017,oil,143.338,349.932
CPV,Cabo Verde,2017,solar,6.217,6.61
CPV,Cabo Verde,2017,wind_onshore,27.2,68.318
CPV,Cabo Verde,2018,oil,140.938,340.268
CPV,Cabo Verde,2018,solar,10.71,9.121
CPV,Cabo Verde,2018,wind_onshore,26.9,80.231
CPV,Cabo Verde,2019,oil,133.5,360.926
CPV,Cabo Verde,2019,solar,14.072,8.985
CPV,Cabo Verde,2019,wind_onshore,26.9,73.795
CPV,Cabo Verde,2020,oil,141.9,348.787
CPV,Cabo Verde,2020,solar,14.88,6.591
CPV,Cabo Verde,2020,wind_onshore,26.9,63.932
CPV,Cabo Verde,2021,oil,141.9,360.98
CPV,Cabo Verde,2021,solar,17.094,6.884
CPV,Cabo Verde,2021,wind_onshore,26.9,73.784
CPV,Cabo Verde,2022,oil,165.0,390.107
CPV,Cabo Verde,2022,solar,22.941,6.726
CPV,Cabo Verde,2022,wind_onshore,26.9,72.171
CPV,Cabo Verde,2023,oil,157.693,405.596
CPV,Cabo Verde,2023,solar,26.043,6.824
CPV,Cabo Verde,2023,wind_onshore,26.8,70.234
CPV,Cabo Verde,2024,oil,157.693,
CPV,Cabo Verde,2024,solar,31.043,
CPV,Cabo Verde,2024,wind_onshore,26.8,
CRI,Costa Rica,2015,bio,49.102,100.941
CRI,Costa Rica,2015,geothermal,217.361,1375.629
CRI,Costa Rica,2015,hydro,1935.86,8068.225
CRI,Costa Rica,2015,oil,595.69,108.12
CRI,Costa Rica,2015,solar,8.525,13.728
CRI,Costa Rica,2015,wind_onshore,278.145,1079.522
CRI,Costa Rica,2016,bio,49.102,93.173
CRI,Costa Rica,2016,geothermal,206.86,1339.515
CRI,Costa Rica,2016,hydro,2328.604,8027.591
CRI,Costa Rica,2016,oil,571.69,193.026
CRI,Costa Rica,2016,solar,13.4,20.426
CRI,Costa Rica,2016,wind_onshore,319.145,1147.305
CRI,Costa Rica,2017,bio,49.102,106.179
CRI,Costa Rica,2017,geothermal,206.86,1117.832
CRI,Costa Rica,2017,hydro,2328.604,8678.606
CRI,Costa Rica,2017,oil,571.69,37.415
CRI,Costa Rica,2017,solar,18.884,23.388
CRI,Costa Rica,2017,wind_onshore,377.825,1287.692
CRI,Costa Rica,2018,bio,61.602,95.331
CRI,Costa Rica,2018,geothermal,206.86,968.571
CRI,Costa Rica,2018,hydro,2373.168,8344.542
CRI,Costa Rica,2018,oil,571.69,158.551
CRI,Costa Rica,2018,solar,31.569,49.146
CRI,Costa Rica,2018,wind_onshore,407.775,1798.888
CRI,Costa Rica,2019,bio,80.102,90.714
CRI,Costa Rica,2019,geothermal,261.86,1512.575
CRI,Costa Rica,2019,hydro,2343.637,7828.306
CRI,Costa Rica,2019,oil,474.111,95.636
CRI,Costa Rica,2019,solar,47.265,71.4
CRI,Costa Rica,2019,wind_onshore,410.92,1796.358
CRI,Costa Rica,2020,bio,80.461,77.548
CRI,Costa Rica,2020,geothermal,261.86,1689.174
CRI,Costa Rica,2020,hydro,2331.762,8295.964
CRI,Costa Rica,2020,oil,474.111,23.731
CRI,Costa Rica,2020,solar,55.763,82.805
CRI,Costa Rica,2020,wind_onshore,393.52,1459.456
CRI,Costa Rica,2021,bio,80.759,86.553
CRI,Costa Rica,2021,geothermal,258.84,1601.729
CRI,Costa Rica,2021,hydro,2379.359,9287.359
CRI,Costa Rica,2021,oil,425.961,2.86
CRI,Costa Rica,2021,solar,72.587,107.488
CRI,Costa Rica,2021,wind_onshore,390.22,1573.311
CRI,Costa Rica,2022,bio,80.761,74.756
CRI,Costa Rica,2022,geothermal,262.66,1618.691
CRI,Costa Rica,2022,hydro,2331.023,9450.354
CRI,Costa Rica,2022,oil,380.961,92.115
CRI,Costa Rica,2022,solar,72.593,106.36
CRI,Costa Rica,2022,wind_onshore,390.22,1369.245
CRI,Costa Rica,2023,bio,80.761,74.419
CRI,Costa Rica,2023,geothermal,262.66,1479.254
CRI,Costa Rica,2023,hydro,2372.39,8328.669
CRI,Costa Rica,2023,oil,380.961,608.067
CRI,Costa Rica,2023,solar,72.549,107.275
CRI,Costa Rica,2023,wind_onshore,407.62,1461.261
CRI,Costa Rica,2024,bio,80.761,
CRI,Costa Rica,2024,geothermal,262.66,
CRI,Costa Rica,2024,hydro,2352.97,
CRI,Costa Rica,2024,oil,520.962,
CRI,Costa Rica,2024,solar,72.549,
CRI,Costa Rica,2024,wind_onshore,402.335,
CUB,Cuba,2015,bio,440.36,704.119
CUB,Cuba,2015,gas,580.0,2950.1
CUB,Cuba,2015,hydro,66.684,48.3
CUB,Cuba,2015,oil,5108.2,16381.446
CUB,Cuba,2015,other,90.0,195.3
CUB,Cuba,2015,solar,18.299,29.1
CUB,Cuba,2015,wind_onshore,15.55,21.0
CUB,Cuba,2016,bio,405.36,687.719
CUB,Cuba,2016,gas,580.0,2924.6
CUB,Cuba,2016,hydro,69.784,64.2
CUB,Cuba,2016,oil,5267.1,16502.514
CUB,Cuba,2016,other,90.0,263.0
CUB,Cuba,2016,solar,31.412,39.1
CUB,Cuba,2016,wind_onshore,15.55,21.0
CUB,Cuba,2017,bio,442.36,623.619
CUB,Cuba,2017,gas,580.0,2801.6
CUB,Cuba,2017,hydro,69.784,82.573
CUB,Cuba,2017,oil,5213.8,16699.928
CUB,Cuba,2017,other,90.0,340.7
CUB,Cuba,2017,solar,70.397,61.173
CUB,Cuba,2017,wind_onshore,15.55,21.1
CUB,Cuba,2018,bio,464.36,445.419
CUB,Cuba,2018,gas,580.0,2637.2
CUB,Cuba,2018,hydro,67.884,145.5
CUB,Cuba,2018,oil,5325.12,17235.86
CUB,Cuba,2018,other,90.0,319.0
CUB,Cuba,2018,solar,124.31,125.673
CUB,Cuba,2018,wind_onshore,15.55,43.5
CUB,Cuba,2019,bio,370.26,522.911
CUB,Cuba,2019,gas,580.0,2449.8
CUB,Cuba,2019,hydro,67.884,131.304
CUB,Cuba,2019,oil,5245.7,17169.08
CUB,Cuba,2019,other,90.0,322.9
CUB,Cuba,2019,solar,151.862,192.799
CUB,Cuba,2019,wind_onshore,16.0,65.986
CUB,Cuba,2020,bio,476.36,564.219
CUB,Cuba,2020,gas,580.0,2014.9
CUB,Cuba,2020,hydro,68.484,118.704
CUB,Cuba,2020,oil,5229.4,15908.024
CUB,Cuba,2020,other,90.0,351.3
CUB,Cuba,2020,solar,214.153,206.199
CUB,Cuba,2020,wind_onshore,16.0,68.794
CUB,Cuba,2021,bio,481.809,541.819
CUB,Cuba,2021,gas,580.0,1580.4
CUB,Cuba,2021,hydro,68.484,126.504
CUB,Cuba,2021,oil,5311.9,15277.442
CUB,Cuba,2021,other,90.0,320.2
CUB,Cuba,2021,solar,246.44,219.06
CUB,Cuba,2021,wind_onshore,16.0,69.886
CUB,Cuba,2022,bio,439.651,393.219
CUB,Cuba,2022,gas,580.0,1946.3
CUB,Cuba,2022,hydro,68.584,127.004
CUB,Cuba,2022,oil,4813.8,12975.604
CUB,Cuba,2022,other,90.0,312.6
CUB,Cuba,2022,solar,267.156,211.042
CUB,Cuba,2022,wind_onshore,16.0,63.776
CUB,Cuba,2023,bio,439.651,363.619
CUB,Cuba,2023,gas,580.0,2498.7
CUB,Cuba,2023,hydro,68.584,113.304
CUB,Cuba,2023,oil,5226.4,12015.557
CUB,Cuba,2023,other,90.0,254.8
CUB,Cuba,2023,solar,279.643,189.914
CUB,Cuba,2023,wind_onshore,16.0,60.161
CUB,Cuba,2024,bio,439.651,
CUB,Cuba,2024,gas,580.0,
CUB,Cuba,2024,hydro,68.584,
CUB,Cuba,2024,oil,5226.4,
CUB,Cuba,2024,other,90.0,
CUB,Cuba,2024,solar,291.693,
CUB,Cuba,2024,wind_onshore,16.45,
CUW,Curaçao,2015,oil,187.0,766.173
CUW,Curaçao,2015,solar,10.125,15.298
CUW,Curaçao,2015,wind_onshore,30.0,130.796
CUW,Curaçao,2016,oil,187.0,802.838
CUW,Curaçao,2016,solar,11.125,18.212
CUW,Curaçao,2016,wind_onshore,30.0,113.756
CUW,Curaçao,2017,oil,165.0,738.953
CUW,Curaçao,2017,solar,11.125,19.069
CUW,Curaçao,2017,wind_onshore,47.25,161.658
CUW,Curaçao,2018,oil,165.0,648.217
CUW,Curaçao,2018,solar,11.925,19.754
CUW,Curaçao,2018,wind_onshore,47.25,231.148
CUW,Curaçao,2019,oil,204.2,669.586
CUW,Curaçao,2019,solar,11.925,20.44
CUW,Curaçao,2019,wind_onshore,47.25,223.714
CUW,Curaçao,2020,oil,204.2,650.008
CUW,Curaçao,2020,solar,13.225,22.12
CUW,Curaçao,2020,wind_onshore,47.25,185.121
CUW,Curaçao,2021,oil,204.2,652.171
CUW,Curaçao,2021,solar,13.225,13.982
CUW,Curaçao,2021,wind_onshore,47.25,193.106
CUW,Curaçao,2022,oil,204.2,682.589
CUW,Curaçao,2022,solar,13.225,14.114
CUW,Curaçao,2022,wind_onshore,47.25,183.393
CUW,Curaçao,2023,oil,204.2,682.589
CUW,Curaçao,2023,solar,13.361,14.114
CUW,Curaçao,2023,wind_onshore,47.25,172.67
CUW,Curaçao,2024,oil,204.2,
CUW,Curaçao,2024,solar,14.361,
CUW,Curaçao,2024,wind_onshore,69.75,
CYM,Cayman Islands,2015,oil,145.35,717.002
CYM,Cayman Islands,2016,oil,185.05,744.064
CYM,Cayman Islands,2016,solar,2.754,2.245
CYM,Cayman Islands,2017,oil,185.05,740.57
CYM,Cayman Islands,2017,solar,8.766,9.389
CYM,Cayman Islands,2018,oil,185.05,720.195
CYM,Cayman Islands,2018,solar,9.917,15.227
CYM,Cayman Islands,2018,wind_onshore,0.8,0.117
CYM,Cayman Islands,2019,oil,185.05,759.107
CYM,Cayman Islands,2019,solar,11.194,17.205
CYM,Cayman Islands,2019,wind_onshore,0.8,1.402
CYM,Cayman Islands,2020,oil,185.05,726.129
CYM,Cayman Islands,2020,solar,12.837,19.585
CYM,Cayman Islands,2020,wind_onshore,0.8,1.402
CYM,Cayman Islands,2021,oil,185.05,735.435
CYM,Cayman Islands,2021,solar,13.801,21.71
CYM,Cayman Islands,2021,wind_onshore,0.8,1.402
CYM,Cayman Islands,2022,oil,190.05,755.669
CYM,Cayman Islands,2022,solar,13.801,21.9
CYM,Cayman Islands,2022,wind_onshore,0.8,1.402
CYM,Cayman Islands,2023,oil,195.05,825.596
CYM,Cayman Islands,2023,solar,14.1,22.7
CYM,Cayman Islands,2023,wind_onshore,0.8,1.402
CYM,Cayman Islands,2024,oil,206.05,
CYM,Cayman Islands,2024,solar,14.1,
CYM,Cayman Islands,2024,wind_onshore,0.8,
CYP,Cyprus,2015,bio,10.0,51.0
CYP,Cyprus,2015,fossil_nes,1512.0,
CYP,Cyprus,2015,oil,,4135.0
CYP,Cyprus,2015,solar,76.0,126.659
CYP,Cyprus,2015,wind_onshore,157.725,221.857
CYP,Cyprus,2016,bio,10.0,52.0
CYP,Cyprus,2016,fossil_nes,1508.0,
CYP,Cyprus,2016,oil,,4463.0
CYP,Cyprus,2016,solar,84.0,145.937
CYP,Cyprus,2016,wind_onshore,157.725,226.701
CYP,Cyprus,2017,bio,9.75,51.75
CYP,Cyprus,2017,fossil_nes,1507.56,
CYP,Cyprus,2017,oil,,4569.154
CYP,Cyprus,2017,solar,110.046,172.013
CYP,Cyprus,2017,wind_onshore,157.725,211.448
CYP,Cyprus,2018,bio,12.718,56.896
CYP,Cyprus,2018,fossil_nes,1504.71,
CYP,Cyprus,2018,oil,,4583.138
CYP,Cyprus,2018,solar,118.479,199.493
CYP,Cyprus,2018,wind_onshore,157.725,221.04
CYP,Cyprus,2019,bio,12.718,57.92
CYP,Cyprus,2019,fossil_nes,1497.51,
CYP,Cyprus,2019,oil,,4626.739
CYP,Cyprus,2019,solar,151.261,218.267
CYP,Cyprus,2019,wind_onshore,157.725,238.565
CYP,Cyprus,2020,bio,12.718,60.639
CYP,Cyprus,2020,fossil_nes,1497.51,
CYP,Cyprus,2020,oil,,4252.546
CYP,Cyprus,2020,solar,229.134,295.608
CYP,Cyprus,2020,wind_onshore,157.725,240.408
CYP,Cyprus,2021,bio,13.154,59.94
CYP,Cyprus,2021,fossil_nes,1497.5,
CYP,Cyprus,2021,oil,,4344.667
CYP,Cyprus,2021,solar,314.523,468.338
CYP,Cyprus,2021,wind_onshore,157.5,246.478
CYP,Cyprus,2022,bio,13.644,57.84
CYP,Cyprus,2022,fossil_nes,1496.63,
CYP,Cyprus,2022,oil,,4383.966
CYP,Cyprus,2022,solar,424.093,601.859
CYP,Cyprus,2022,wind_onshore,157.5,224.266
CYP,Cyprus,2023,bio,13.644,53.873
CYP,Cyprus,2023,fossil_nes,1499.772,
CYP,Cyprus,2023,oil,,4236.214
CYP,Cyprus,2023,solar,580.72,830.523
CYP,Cyprus,2023,wind_onshore,157.5,208.477
CYP,Cyprus,2024,bio,13.644,
CYP,Cyprus,2024,fossil_nes,1499.772,
CYP,Cyprus,2024,solar,725.87,
CYP,Cyprus,2024,wind_onshore,157.5,
CZE,Czechia,2015,bio,770.5,4790.0
CZE,Czechia,2015,coal,,43837.0
CZE,Czechia,2015,fossil_nes,12164.0,
CZE,Czechia,2015,gas,,2264.0
CZE,Czechia,2015,hydro,1088.0,1794.807
CZE,Czechia,2015,nuclear,4290.0,26841.0
CZE,Czechia,2015,oil,,94.0
CZE,Czechia,2015,other,25.5,158.0
CZE,Czechia,2015,pumped,1172.0,1275.962
CZE,Czechia,2015,solar,2074.9,2263.846
CZE,Czechia,2015,wind_onshore,281.0,572.612
CZE,Czechia,2016,bio,772.5,4756.0
CZE,Czechia,2016,coal,,44641.0
CZE,Czechia,2016,fossil_nes,12284.0,
CZE,Czechia,2016,gas,,3710.0
CZE,Czechia,2016,hydro,1090.0,2000.488
CZE,Czechia,2016,nuclear,4290.0,24104.0
CZE,Czechia,2016,oil,,92.0
CZE,Czechia,2016,other,30.5,176.0
CZE,Czechia,2016,pumped,1172.0,1201.548
CZE,Czechia,2016,solar,2067.9,2131.455
CZE,Czechia,2016,wind_onshore,282.0,496.957
CZE,Czechia,2017,bio,801.536,4966.98
CZE,Czechia,2017,coal,,43925.284
CZE,Czechia,2017,fossil_nes,12502.264,
CZE,Czechia,2017,gas,,3679.422
CZE,Czechia,2017,hydro,1092.7,1869.464
CZE,Czechia,2017,nuclear,4290.0,28339.6
CZE,Czechia,2017,oil,,119.377
CZE,Czechia,2017,other,30.5,195.276
CZE,Czechia,2017,pumped,1172.0,1170.455
CZE,Czechia,2017,solar,2061.906,2199.263
CZE,Czechia,2017,wind_onshore,308.205,591.038
CZE,Czechia,2018,bio,781.083,4828.278
CZE,Czechia,2018,coal,,43570.832
CZE,Czechia,2018,fossil_nes,12538.269,
CZE,Czechia,2018,gas,,3750.465
CZE,Czechia,2018,hydro,1092.519,1628.83
CZE,Czechia,2018,nuclear,4290.0,29921.311
CZE,Czechia,2018,oil,,107.841
CZE,Czechia,2018,other,30.5,205.666
CZE,Czechia,2018,pumped,1171.5,1050.588
CZE,Czechia,2018,solar,2067.52,2364.775
CZE,Czechia,2018,wind_onshore,316.2,609.33
CZE,Czechia,2019,bio,830.975,5031.661
CZE,Czechia,2019,coal,,39449.039
CZE,Czechia,2019,fossil_nes,12169.598,
CZE,Czechia,2019,gas,,5790.61
CZE,Czechia,2019,hydro,1093.71,2008.029
CZE,Czechia,2019,nuclear,4290.0,30246.209
CZE,Czechia,2019,oil,,118.032
CZE,Czechia,2019,other,30.5,208.78
CZE,Czechia,2019,pumped,1171.5,1166.657
CZE,Czechia,2019,solar,2084.848,2316.154
CZE,Czechia,2019,wind_onshore,339.414,700.014
CZE,Czechia,2020,bio,845.716,5214.793
CZE,Czechia,2020,coal,,32686.082
CZE,Czechia,2020,fossil_nes,11507.88,
CZE,Czechia,2020,gas,,6848.36
CZE,Czechia,2020,hydro,1093.926,2143.884
CZE,Czechia,2020,nuclear,4290.0,30043.28
CZE,Czechia,2020,oil,,89.491
CZE,Czechia,2020,other,30.5,212.12
CZE,Czechia,2020,pumped,1171.5,1293.079
CZE,Czechia,2020,solar,2124.177,2294.363
CZE,Czechia,2020,wind_onshore,339.424,699.083
CZE,Czechia,2021,bio,853.015,5384.662
CZE,Czechia,2021,coal,,34807.235
CZE,Czechia,2021,fossil_nes,10990.832,
CZE,Czechia,2021,gas,,7291.373
CZE,Czechia,2021,hydro,1113.363,2408.52
CZE,Czechia,2021,nuclear,4290.0,30731.18
CZE,Czechia,2021,oil,,92.561
CZE,Czechia,2021,other,30.5,237.347
CZE,Czechia,2021,pumped,1171.5,1211.404
CZE,Czechia,2021,solar,2176.671,2249.863
CZE,Czechia,2021,wind_onshore,339.414,601.534
CZE,Czechia,2022,bio,860.689,5405.665
CZE,Czechia,2022,coal,,37444.476
CZE,Czechia,2022,fossil_nes,10900.426,
CZE,Czechia,2022,gas,,4311.864
CZE,Czechia,2022,hydro,1113.576,2093.465
CZE,Czechia,2022,nuclear,4290.0,31021.81
CZE,Czechia,2022,oil,,81.37
CZE,Czechia,2022,other,30.5,234.723
CZE,Czechia,2022,pumped,1171.5,989.708
CZE,Czechia,2022,solar,2403.759,2626.272
CZE,Czechia,2022,wind_onshore,339.095,641.331
CZE,Czechia,2023,bio,821.141,5190.458
CZE,Czechia,2023,coal,,30392.64
CZE,Czechia,2023,fossil_nes,11048.554,
CZE,Czechia,2023,gas,,3664.896
CZE,Czechia,2023,hydro,1116.892,2362.978
CZE,Czechia,2023,nuclear,4290.0,30410.464
CZE,Czechia,2023,oil,,89.021
CZE,Czechia,2023,other,30.5,235.631
CZE,Czechia,2023,pumped,1171.5,1064.434
CZE,Czechia,2023,solar,3250.961,2892.093
CZE,Czechia,2023,wind_onshore,342.5,701.641
CZE,Czechia,2024,bio,821.141,
CZE,Czechia,2024,fossil_nes,11181.854,
CZE,Czechia,2024,hydro,1117.092,
CZE,Czechia,2024,nuclear,4290.0,
CZE,Czechia,2024,other,30.5,
CZE,Czechia,2024,pumped,1171.5,
CZE,Czechia,2024,solar,4159.411,
CZE,Czechia,2024,wind_onshore,355.8,
DEU,Germany,2015,bio,8429.0,50326.0
DEU,Germany,2015,coal,,283710.0
DEU,Germany,2015,fossil_nes,86623.0,
DEU,Germany,2015,gas,,63017.0
DEU,Germany,2015,geothermal,29.0,133.0
DEU,Germany,2015,hydro,5589.0,18976.0
DEU,Germany,2015,nuclear,10799.0,91786.0
DEU,Germany,2015,oil,,6209.0
DEU,Germany,2015,other,2318.0,8880.0
DEU,Germany,2015,pumped,5666.0,5921.0
DEU,Germany,2015,solar,38601.0,38726.0
DEU,Germany,2015,wind_offshore,3283.0,8284.0
DEU,Germany,2015,wind_onshore,41297.0,72340.0
DEU,Germany,2016,bio,8659.5,50929.0
DEU,Germany,2016,coal,,273196.0
DEU,Germany,2016,fossil_nes,85125.0,
DEU,Germany,2016,gas,,82294.0
DEU,Germany,2016,geothermal,33.0,175.0
DEU,Germany,2016,hydro,5629.0,20546.0
DEU,Germany,2016,nuclear,10799.0,84634.0
DEU,Germany,2016,oil,,5846.0
DEU,Germany,2016,other,2279.5,9219.0
DEU,Germany,2016,pumped,5578.0,5588.0
DEU,Germany,2016,solar,39908.0,38098.0
DEU,Germany,2016,wind_offshore,4152.0,12274.0
DEU,Germany,2016,wind_onshore,45283.0,67650.0
DEU,Germany,2017,bio,8982.0,50916.0
DEU,Germany,2017,coal,,252823.0
DEU,Germany,2017,fossil_nes,84194.0,
DEU,Germany,2017,gas,,87685.0
DEU,Germany,2017,geothermal,32.0,163.0
DEU,Germany,2017,hydro,5627.0,20150.0
DEU,Germany,2017,nuclear,10799.0,76324.0
DEU,Germany,2017,oil,,5571.0
DEU,Germany,2017,other,2326.0,8992.0
DEU,Germany,2017,pumped,5493.0,6005.0
DEU,Germany,2017,solar,41404.001,39401.0
DEU,Germany,2017,wind_offshore,5406.0,17675.0
DEU,Germany,2017,wind_onshore,50174.0,88018.0
DEU,Germany,2018,bio,9661.5,50794.0
DEU,Germany,2018,coal,,238974.0
DEU,Germany,2018,fossil_nes,91401.0,
DEU,Germany,2018,gas,,83425.0
DEU,Germany,2018,geothermal,35.0,178.0
DEU,Germany,2018,hydro,5329.0,17693.0
DEU,Germany,2018,nuclear,10799.0,76005.0
DEU,Germany,2018,oil,,5186.0
DEU,Germany,2018,other,2335.5,8633.0
DEU,Germany,2018,pumped,5355.0,6170.0
DEU,Germany,2018,solar,44035.0,43459.0
DEU,Germany,2018,wind_offshore,6393.0,19467.0
DEU,Germany,2018,wind_onshore,52328.0,90484.0
DEU,Germany,2019,bio,9994.0,50127.0
DEU,Germany,2019,coal,,181807.0
DEU,Germany,2019,fossil_nes,88534.0,
DEU,Germany,2019,gas,,90753.0
DEU,Germany,2019,geothermal,40.0,197.0
DEU,Germany,2019,hydro,5378.0,19731.0
DEU,Germany,2019,nuclear,9525.0,75071.0
DEU,Germany,2019,oil,,4776.0
DEU,Germany,2019,other,3007.0,8238.0
DEU,Germany,2019,pumped,5355.0,5940.0
DEU,Germany,2019,solar,47487.0,44383.0
DEU,Germany,2019,wind_offshore,7555.0,24744.0
DEU,Germany,2019,wind_onshore,53187.0,101150.0
DEU,Germany,2020,bio,10320.0,50931.0
DEU,Germany,2020,coal,,143699.0
DEU,Germany,2020,fossil_nes,86044.0,
DEU,Germany,2020,gas,,96285.0
DEU,Germany,2020,geothermal,40.0,231.0
DEU,Germany,2020,hydro,5454.0,18721.0
DEU,Germany,2020,nuclear,8113.0,64382.0
DEU,Germany,2020,oil,,4694.0
DEU,Germany,2020,other,2529.0,8367.0
DEU,Germany,2020,pumped,5354.0,6554.0
DEU,Germany,2020,solar,51784.999,49496.001
DEU,Germany,2020,wind_offshore,7787.0,27306.0
DEU,Germany,2020,wind_onshore,54414.0,104796.0
DEU,Germany,2021,bio,9791.5,49096.2
DEU,Germany,2021,coal,,174864.0
DEU,Germany,2021,fossil_nes,87486.0,
DEU,Germany,2021,gas,,97025.0
DEU,Germany,2021,geothermal,46.0,244.0
DEU,Germany,2021,hydro,5490.0,19657.0
DEU,Germany,2021,nuclear,8113.0,69130.0
DEU,Germany,2021,oil,,4558.0
DEU,Germany,2021,other,2618.5,8269.0
DEU,Germany,2021,pumped,5354.0,5315.0
DEU,Germany,2021,solar,57463.001,50472.0
DEU,Germany,2021,wind_offshore,7807.0,24374.0
DEU,Germany,2021,wind_onshore,55904.0,89795.0
DEU,Germany,2022,bio,9830.0,48599.0
DEU,Germany,2022,coal,,189500.015
DEU,Germany,2022,fossil_nes,89018.0,
DEU,Germany,2022,gas,,83601.0
DEU,Germany,2022,geothermal,52.0,206.0
DEU,Germany,2022,hydro,5570.0,17624.0
DEU,Germany,2022,nuclear,4205.0,34709.0
DEU,Germany,2022,oil,,5237.0
DEU,Germany,2022,other,3369.77,7683.0
DEU,Germany,2022,pumped,5353.0,5951.0
DEU,Germany,2022,solar,61188.0,61022.0
DEU,Germany,2022,wind_offshore,8216.0,25124.0
DEU,Germany,2022,wind_onshore,57986.0,99692.0
DEU,Germany,2023,bio,9859.5,45907.0
DEU,Germany,2023,coal,,134892.341
DEU,Germany,2023,fossil_nes,88571.0,
DEU,Germany,2023,gas,,80875.0
DEU,Germany,2023,geothermal,52.0,195.0
DEU,Germany,2023,hydro,5606.0,19894.0
DEU,Germany,2023,nuclear,,7216.0
DEU,Germany,2023,oil,,5372.0
DEU,Germany,2023,other,3350.27,7972.902
DEU,Germany,2023,pumped,5345.0,5443.0
DEU,Germany,2023,solar,74882.0,63576.0
DEU,Germany,2023,wind_offshore,8473.0,23887.0
DEU,Germany,2023,wind_onshore,61013.0,116651.0
DEU,Germany,2024,bio,10000.5,
DEU,Germany,2024,fossil_nes,87936.0,
DEU,Germany,2024,geothermal,44.0,
DEU,Germany,2024,hydro,5844.0,
DEU,Germany,2024,other,3999.27,
DEU,Germany,2024,pumped,5280.0,
DEU,Germany,2024,solar,89943.0,
DEU,Germany,2024,wind_offshore,9215.0,
DEU,Germany,2024,wind_onshore,63608.0,
DJI,Djibouti,2015,oil,130.0,178.0
DJI,Djibouti,2015,solar,0.105,0.2
DJI,Djibouti,2016,oil,130.0,88.0
DJI,Djibouti,2016,solar,0.405,0.7
DJI,Djibouti,2017,oil,123.0,59.0
DJI,Djibouti,2017,solar,0.416,0.7
DJI,Djibouti,2018,oil,123.0,55.0
DJI,Djibouti,2018,solar,0.429,0.7
DJI,Djibouti,2019,oil,123.0,91.0
DJI,Djibouti,2019,solar,0.429,0.7
DJI,Djibouti,2020,oil,123.0,125.0
DJI,Djibouti,2020,solar,0.429,0.7
DJI,Djibouti,2021,oil,123.0,125.0
DJI,Djibouti,2021,solar,0.429,0.7
DJI,Djibouti,2021,wind_onshore,20.0,69.4
DJI,Djibouti,2022,oil,123.0,128.0
DJI,Djibouti,2022,solar,0.429,0.7
DJI,Djibouti,2022,wind_onshore,20.0,69.4
DJI,Djibouti,2023,oil,123.0,130.0
DJI,Djibouti,2023,solar,0.429,0.7
DJI,Djibouti,2023,wind_onshore,80.0,69.4
DJI,Djibouti,2024,oil,123.0,
DJI,Djibouti,2024,solar,0.429,
DJI,Djibouti,2024,wind_onshore,80.0,
DMA,Dominica,2015,hydro,6.64,24.441
DMA,Dominica,2015,oil,20.1,82.548
DMA,Dominica,2015,solar,0.23,0.357
DMA,Dominica,2015,wind_onshore,0.231,0.598
DMA,Dominica,2016,hydro,6.64,36.367
DMA,Dominica,2016,oil,20.1,75.422
DMA,Dominica,2016,solar,0.63,0.357
DMA,Dominica,2016,wind_onshore,0.231,0.598
DMA,Dominica,2017,hydro,6.64,27.152
DMA,Dominica,2017,oil,20.1,58.495
DMA,Dominica,2017,solar,0.63,0.357
DMA,Dominica,2017,wind_onshore,0.231,0.598
DMA,Dominica,2018,hydro,6.64,24.18
DMA,Dominica,2018,oil,20.1,41.224
DMA,Dominica,2018,solar,0.315,0.178
DMA,Dominica,2018,wind_onshore,0.231,0.598
DMA,Dominica,2019,hydro,6.64,20.152
DMA,Dominica,2019,oil,20.1,73.029
DMA,Dominica,2019,solar,0.315,0.178
DMA,Dominica,2019,wind_onshore,0.231,0.598
DMA,Dominica,2020,hydro,6.64,19.242
DMA,Dominica,2020,oil,21.6,78.185
DMA,Dominica,2020,solar,0.315,0.178
DMA,Dominica,2020,wind_onshore,0.231,0.598
DMA,Dominica,2021,hydro,6.64,19.822
DMA,Dominica,2021,oil,21.6,80.94
DMA,Dominica,2021,solar,0.315,0.178
DMA,Dominica,2021,wind_onshore,0.231,0.598
DMA,Dominica,2022,hydro,6.64,22.691
DMA,Dominica,2022,oil,18.876,77.806
DMA,Dominica,2022,solar,0.315,0.178
DMA,Dominica,2022,wind_onshore,0.231,0.598
DMA,Dominica,2023,hydro,7.6,20.112
DMA,Dominica,2023,oil,18.876,87.398
DMA,Dominica,2023,solar,0.315,0.178
DMA,Dominica,2023,wind_onshore,0.231,0.598
DMA,Dominica,2024,hydro,7.6,
DMA,Dominica,2024,oil,18.876,
DMA,Dominica,2024,solar,0.325,
DMA,Dominica,2024,wind_onshore,0.231,
DNK,Denmark,2015,bio,1243.451,4181.667
DNK,Denmark,2015,coal,,7109.878
DNK,Denmark,2015,fossil_nes,6726.927,
DNK,Denmark,2015,gas,,1824.288
DNK,Denmark,2015,hydro,6.878,18.03
DNK,Denmark,2015,oil,,317.756
DNK,Denmark,2015,other,165.532,751.659
DNK,Denmark,2015,solar,782.108,604.262
DNK,Denmark,2015,wind_offshore,1271.05,4832.686
DNK,Denmark,2015,wind_onshore,3805.916,9300.406
DNK,Denmark,2016,bio,1304.571,4845.242
DNK,Denmark,2016,coal,,8865.235
DNK,Denmark,2016,fossil_nes,6649.614,
DNK,Denmark,2016,gas,,2254.877
DNK,Denmark,2016,hydro,9.267,19.272
DNK,Denmark,2016,oil,,323.939
DNK,Denmark,2016,other,165.976,704.33
DNK,Denmark,2016,solar,850.953,743.78
DNK,Denmark,2016,wind_offshore,1271.05,4650.028
DNK,Denmark,2016,wind_onshore,3974.092,8131.703
DNK,Denmark,2017,bio,1791.267,6248.551
DNK,Denmark,2017,coal,,6205.663
DNK,Denmark,2017,fossil_nes,5942.514,
DNK,Denmark,2017,gas,,2017.258
DNK,Denmark,2017,hydro,7.153,17.871
DNK,Denmark,2017,oil,,278.761
DNK,Denmark,2017,other,181.876,722.963
DNK,Denmark,2017,solar,906.35,751.485
DNK,Denmark,2017,wind_offshore,1263.8,5179.772
DNK,Denmark,2017,wind_onshore,4225.149,9600.228
DNK,Denmark,2018,bio,1774.253,5889.68
DNK,Denmark,2018,coal,,6570.418
DNK,Denmark,2018,fossil_nes,5907.387,
DNK,Denmark,2018,gas,,2071.918
DNK,Denmark,2018,hydro,7.153,14.862
DNK,Denmark,2018,oil,,263.746
DNK,Denmark,2018,other,181.458,704.211
DNK,Denmark,2018,solar,998.0,952.973
DNK,Denmark,2018,wind_offshore,1700.8,4630.14
DNK,Denmark,2018,wind_onshore,4421.86,9271.815
DNK,Denmark,2019,bio,1982.4,5943.146
DNK,Denmark,2019,coal,,3311.005
DNK,Denmark,2019,fossil_nes,5609.11,
DNK,Denmark,2019,gas,,2102.249
DNK,Denmark,2019,hydro,7.163,16.955
DNK,Denmark,2019,oil,,241.809
DNK,Denmark,2019,other,180.524,788.689
DNK,Denmark,2019,solar,1080.0,963.269
DNK,Denmark,2019,wind_offshore,1700.8,6197.569
DNK,Denmark,2019,wind_onshore,4409.743,9952.264
DNK,Denmark,2020,bio,2086.314,5919.057
DNK,Denmark,2020,coal,,3061.706
DNK,Denmark,2020,fossil_nes,5304.687,
DNK,Denmark,2020,gas,,1184.095
DNK,Denmark,2020,hydro,7.163,17.064
DNK,Denmark,2020,oil,,262.941
DNK,Denmark,2020,other,177.993,773.049
DNK,Denmark,2020,solar,1304.295,1180.532
DNK,Denmark,2020,wind_offshore,1700.9,6603.086
DNK,Denmark,2020,wind_onshore,4557.637,9727.128
DNK,Denmark,2021,bio,2152.089,8718.286
DNK,Denmark,2021,coal,,4365.471
DNK,Denmark,2021,fossil_nes,5148.0,
DNK,Denmark,2021,gas,,1535.814
DNK,Denmark,2021,hydro,7.123,16.294
DNK,Denmark,2021,oil,,256.859
DNK,Denmark,2021,other,175.514,794.505
DNK,Denmark,2021,solar,1704.041,1308.929
DNK,Denmark,2021,wind_offshore,2305.7,7592.837
DNK,Denmark,2021,wind_onshore,4698.248,8461.63
DNK,Denmark,2022,bio,2006.645,7273.093
DNK,Denmark,2022,coal,,4429.298
DNK,Denmark,2022,fossil_nes,5246.757,
DNK,Denmark,2022,gas,,1015.201
DNK,Denmark,2022,hydro,6.644,14.944
DNK,Denmark,2022,oil,,331.792
DNK,Denmark,2022,other,174.481,834.754
DNK,Denmark,2022,solar,3069.9,2202.567
DNK,Denmark,2022,wind_offshore,2305.7,8742.582
DNK,Denmark,2022,wind_onshore,4778.118,10279.657
DNK,Denmark,2023,bio,1966.0,6436.815
DNK,Denmark,2023,coal,,2525.079
DNK,Denmark,2023,fossil_nes,5248.824,
DNK,Denmark,2023,gas,,1000.193
DNK,Denmark,2023,hydro,7.091,19.628
DNK,Denmark,2023,oil,,239.016
DNK,Denmark,2023,other,173.728,755.729
DNK,Denmark,2023,solar,3529.0,3363.278
DNK,Denmark,2023,wind_offshore,2469.1,8573.167
DNK,Denmark,2023,wind_onshore,4807.906,10820.025
DNK,Denmark,2024,bio,1966.0,
DNK,Denmark,2024,fossil_nes,4230.824,
DNK,Denmark,2024,hydro,7.091,
DNK,Denmark,2024,other,173.728,
DNK,Denmark,2024,solar,3945.0,
DNK,Denmark,2024,wind_offshore,2813.1,
DNK,Denmark,2024,wind_onshore,4807.906,
DOM,Dominican Republic (the),2015,bio,19.77,110.163
DOM,Dominican Republic (the),2015,coal,313.6,2312.925
DOM,Dominican Republic (the),2015,gas,990.495,4284.371
DOM,Dominican Republic (the),2015,hydro,613.396,945.215
DOM,Dominican Republic (the),2015,oil,2068.012,9956.929
DOM,Dominican Republic (the),2015,solar,23.6,39.202
DOM,Dominican Republic (the),2015,wind_onshore,85.5,283.69
DOM,Dominican Republic (the),2016,bio,20.05,112.156
DOM,Dominican Republic (the),2016,coal,305.8,2359.265
DOM,Dominican Republic (the),2016,gas,991.187,3832.789
DOM,Dominican Republic (the),2016,hydro,613.417,1518.806
DOM,Dominican Republic (the),2016,oil,1891.152,10478.122
DOM,Dominican Republic (the),2016,solar,71.31,93.458
DOM,Dominican Republic (the),2016,wind_onshore,135.3,312.59
DOM,Dominican Republic (the),2017,bio,80.55,371.408
DOM,Dominican Republic (the),2017,coal,305.8,2407.132
DOM,Dominican Republic (the),2017,gas,1070.658,5498.057
DOM,Dominican Republic (the),2017,hydro,613.548,2196.425
DOM,Dominican Republic (the),2017,oil,1807.501,8221.929
DOM,Dominican Republic (the),2017,solar,94.95,164.347
DOM,Dominican Republic (the),2017,wind_onshore,135.0,377.91
DOM,Dominican Republic (the),2018,bio,81.05,460.658
DOM,Dominican Republic (the),2018,coal,312.0,2226.8
DOM,Dominican Republic (the),2018,gas,1261.658,7211.012
DOM,Dominican Republic (the),2018,hydro,615.628,1779.516
DOM,Dominican Republic (the),2018,oil,1984.501,6803.277
DOM,Dominican Republic (the),2018,solar,191.0,259.45
DOM,Dominican Republic (the),2018,wind_onshore,183.3,492.41
DOM,Dominican Republic (the),2019,bio,81.05,464.58
DOM,Dominican Republic (the),2019,coal,1094.0,3934.36
DOM,Dominican Republic (the),2019,gas,1125.753,7288.062
DOM,Dominican Republic (the),2019,hydro,624.965,1060.243
DOM,Dominican Republic (the),2019,oil,1845.306,7204.037
DOM,Dominican Republic (the),2019,solar,334.8,372.305
DOM,Dominican Republic (the),2019,wind_onshore,370.3,782.22
DOM,Dominican Republic (the),2020,bio,81.05,423.45
DOM,Dominican Republic (the),2020,coal,1094.0,7166.4
DOM,Dominican Republic (the),2020,gas,1125.753,6056.862
DOM,Dominican Republic (the),2020,hydro,624.985,1292.698
DOM,Dominican Republic (the),2020,oil,1845.306,4883.627
DOM,Dominican Republic (the),2020,solar,385.5,597.283
DOM,Dominican Republic (the),2020,wind_onshore,370.3,1101.44
DOM,Dominican Republic (the),2021,bio,81.05,456.65
DOM,Dominican Republic (the),2021,coal,1094.0,6595.94
DOM,Dominican Republic (the),2021,gas,1275.753,6491.43
DOM,Dominican Republic (the),2021,hydro,624.985,1500.96
DOM,Dominican Republic (the),2021,oil,1845.306,6313.629
DOM,Dominican Republic (the),2021,solar,583.8,849.804
DOM,Dominican Republic (the),2021,wind_onshore,370.3,1230.95
DOM,Dominican Republic (the),2022,bio,83.39,448.493
DOM,Dominican Republic (the),2022,coal,1095.0,6794.964
DOM,Dominican Republic (the),2022,gas,1258.0,6714.984
DOM,Dominican Republic (the),2022,hydro,623.96,1465.273
DOM,Dominican Republic (the),2022,oil,1753.059,6444.097
DOM,Dominican Republic (the),2022,solar,735.169,1237.556
DOM,Dominican Republic (the),2022,wind_onshore,417.1,1175.439
DOM,Dominican Republic (the),2023,bio,83.39,475.045
DOM,Dominican Republic (the),2023,coal,1095.0,7420.773
DOM,Dominican Republic (the),2023,gas,1450.0,7180.217
DOM,Dominican Republic (the),2023,hydro,623.96,1164.962
DOM,Dominican Republic (the),2023,oil,1739.059,7074.393
DOM,Dominican Republic (the),2023,solar,1076.787,1724.902
DOM,Dominican Republic (the),2023,wind_onshore,417.1,1129.26
DOM,Dominican Republic (the),2024,bio,83.39,
DOM,Dominican Republic (the),2024,coal,1095.0,
DOM,Dominican Republic (the),2024,gas,1450.0,
DOM,Dominican Republic (the),2024,hydro,625.16,
DOM,Dominican Republic (the),2024,oil,1739.059,
DOM,Dominican Republic (the),2024,solar,1422.587,
DOM,Dominican Republic (the),2024,wind_onshore,432.7,
DZA,Algeria,2015,gas,16582.97,67668.0
DZA,Algeria,2015,hydro,227.6,145.318
DZA,Algeria,2015,oil,1150.76,908.0
DZA,Algeria,2015,solar,61.74,196.954
DZA,Algeria,2015,wind_onshore,10.2,19.235
DZA,Algeria,2016,gas,18224.5,69755.0
DZA,Algeria,2016,hydro,227.6,72.0
DZA,Algeria,2016,oil,1349.26,906.0
DZA,Algeria,2016,solar,261.74,374.1
DZA,Algeria,2016,wind_onshore,10.2,19.4
DZA,Algeria,2017,gas,18510.0,74403.0
DZA,Algeria,2017,hydro,228.0,56.0
DZA,Algeria,2017,oil,1485.26,980.0
DZA,Algeria,2017,solar,354.74,428.0
DZA,Algeria,2017,wind_onshore,10.2,19.4
DZA,Algeria,2018,gas,20121.0,74894.0
DZA,Algeria,2018,hydro,228.0,117.0
DZA,Algeria,2018,oil,1462.26,986.0
DZA,Algeria,2018,solar,366.74,689.664
DZA,Algeria,2018,wind_onshore,10.0,10.0
DZA,Algeria,2019,gas,22460.6,79711.0
DZA,Algeria,2019,hydro,228.0,152.0
DZA,Algeria,2019,oil,1462.26,980.0
DZA,Algeria,2019,solar,366.74,713.045
DZA,Algeria,2019,wind_onshore,10.0,10.0
DZA,Algeria,2020,gas,23201.6,78155.0
DZA,Algeria,2020,hydro,208.6,49.6
DZA,Algeria,2020,oil,1561.26,277.0
DZA,Algeria,2020,solar,366.74,818.11
DZA,Algeria,2020,wind_onshore,10.0,8.0
DZA,Algeria,2021,gas,23657.6,84452.0
DZA,Algeria,2021,hydro,128.9,9.0
DZA,Algeria,2021,oil,1561.26,277.0
DZA,Algeria,2021,solar,366.74,795.11
DZA,Algeria,2021,wind_onshore,10.0,11.0
DZA,Algeria,2022,gas,24457.6,90332.75
DZA,Algeria,2022,hydro,128.9,16.4
DZA,Algeria,2022,oil,1561.26,217.49
DZA,Algeria,2022,solar,450.8,836.11
DZA,Algeria,2022,wind_onshore,10.0,16.0
DZA,Algeria,2023,gas,25657.6,94636.0
DZA,Algeria,2023,hydro,128.9,23.26
DZA,Algeria,2023,oil,1561.26,267.572
DZA,Algeria,2023,solar,461.8,889.28
DZA,Algeria,2023,wind_onshore,10.0,13.57
DZA,Algeria,2024,gas,26571.6,
DZA,Algeria,2024,hydro,128.9,
DZA,Algeria,2024,oil,1561.26,
DZA,Algeria,2024,solar,461.8,
DZA,Algeria,2024,wind_onshore,10.0,
ECU,Ecuador,2015,bio,144.3,407.849
ECU,Ecuador,2015,gas,919.832,2723.962
ECU,Ecuador,2015,hydro,2407.61,13096.27
ECU,Ecuador,2015,oil,2486.547,9587.246
ECU,Ecuador,2015,solar,25.531,36.058
ECU,Ecuador,2015,wind_onshore,21.15,98.807
ECU,Ecuador,2016,bio,146.3,489.448
ECU,Ecuador,2016,gas,926.317,2398.945
ECU,Ecuador,2016,hydro,4446.36,15833.842
ECU,Ecuador,2016,oil,2659.819,8468.914
ECU,Ecuador,2016,solar,26.471,38.755
ECU,Ecuador,2016,wind_onshore,21.15,83.959
ECU,Ecuador,2017,bio,151.56,458.705
ECU,Ecuador,2017,gas,926.317,1637.288
ECU,Ecuador,2017,hydro,4515.96,20088.606
ECU,Ecuador,2017,oil,2409.176,5737.433
ECU,Ecuador,2017,solar,26.471,37.478
ECU,Ecuador,2017,wind_onshore,21.15,73.399
ECU,Ecuador,2018,bio,151.56,427.968
ECU,Ecuador,2018,gas,928.772,1400.045
ECU,Ecuador,2018,hydro,5066.404,20678.002
ECU,Ecuador,2018,oil,2466.383,6619.236
ECU,Ecuador,2018,solar,27.63,38.079
ECU,Ecuador,2018,wind_onshore,21.15,80.258
ECU,Ecuador,2019,bio,151.56,454.752
ECU,Ecuador,2019,gas,928.772,1297.481
ECU,Ecuador,2019,hydro,5076.404,24640.573
ECU,Ecuador,2019,oil,2479.495,5768.008
ECU,Ecuador,2019,solar,27.63,37.617
ECU,Ecuador,2019,wind_onshore,21.15,85.526
ECU,Ecuador,2020,bio,151.56,470.581
ECU,Ecuador,2020,gas,941.845,1099.928
ECU,Ecuador,2020,hydro,5097.75,24324.104
ECU,Ecuador,2020,oil,2471.363,5229.364
ECU,Ecuador,2020,solar,27.63,37.765
ECU,Ecuador,2020,wind_onshore,21.15,77.103
ECU,Ecuador,2021,bio,152.62,414.929
ECU,Ecuador,2021,gas,984.845,983.627
ECU,Ecuador,2021,hydro,5098.746,25562.889
ECU,Ecuador,2021,oil,2498.191,5134.831
ECU,Ecuador,2021,solar,27.653,36.87
ECU,Ecuador,2021,wind_onshore,21.15,62.011
ECU,Ecuador,2022,bio,152.62,389.672
ECU,Ecuador,2022,gas,963.562,1079.816
ECU,Ecuador,2022,hydro,5191.296,24635.158
ECU,Ecuador,2022,oil,2468.031,6804.556
ECU,Ecuador,2022,solar,28.653,38.503
ECU,Ecuador,2022,wind_onshore,21.15,60.595
ECU,Ecuador,2023,bio,152.62,356.354
ECU,Ecuador,2023,gas,963.562,1630.986
ECU,Ecuador,2023,hydro,5192.296,25348.715
ECU,Ecuador,2023,oil,2489.911,7776.823
ECU,Ecuador,2023,solar,31.479,40.569
ECU,Ecuador,2023,wind_onshore,71.13,208.583
ECU,Ecuador,2024,bio,163.62,
ECU,Ecuador,2024,gas,924.062,
ECU,Ecuador,2024,hydro,5215.17,
ECU,Ecuador,2024,oil,2694.181,
ECU,Ecuador,2024,solar,31.549,
ECU,Ecuador,2024,wind_onshore,71.13,
EGY,Egypt,2015,bio,67.0,318.067
EGY,Egypt,2015,gas,29943.0,128949.0
EGY,Egypt,2015,hydro,2800.0,13821.999
EGY,Egypt,2015,oil,1718.9,43700.31
EGY,Egypt,2015,solar,36.0,43.97
EGY,Egypt,2015,wind_onshore,755.0,1456.445
EGY,Egypt,2016,bio,67.0,311.15
EGY,Egypt,2016,gas,32413.0,127691.748
EGY,Egypt,2016,hydro,2800.0,13545.0
EGY,Egypt,2016,oil,2853.0,42857.162
EGY,Egypt,2016,solar,59.0,194.028
EGY,Egypt,2016,wind_onshore,755.0,2070.445
EGY,Egypt,2017,bio,67.0,307.644
EGY,Egypt,2017,gas,38539.0,141945.05
EGY,Egypt,2017,hydro,2800.0,12850.0
EGY,Egypt,2017,oil,2857.15,32054.0
EGY,Egypt,2017,solar,180.0,602.545
EGY,Egypt,2017,wind_onshore,755.0,2212.445
EGY,Egypt,2018,bio,67.0,316.462
EGY,Egypt,2018,gas,49521.0,152567.0
EGY,Egypt,2018,hydro,2832.0,12726.0
EGY,Egypt,2018,oil,1421.5,28529.0
EGY,Egypt,2018,solar,764.2,553.053
EGY,Egypt,2018,wind_onshore,1130.0,2346.445
EGY,Egypt,2019,bio,78.5,336.719
EGY,Egypt,2019,gas,51377.0,149502.0
EGY,Egypt,2019,hydro,2832.0,13121.0
EGY,Egypt,2019,oil,1366.8,32610.0
EGY,Egypt,2019,solar,1647.2,1489.0
EGY,Egypt,2019,wind_onshore,1132.0,3001.445
EGY,Egypt,2020,bio,78.5,347.209
EGY,Egypt,2020,gas,51872.0,164187.0
EGY,Egypt,2020,hydro,2832.0,15038.0
EGY,Egypt,2020,oil,1370.89,9426.89
EGY,Egypt,2020,solar,1643.0,4452.51
EGY,Egypt,2020,wind_onshore,1380.0,4245.445
EGY,Egypt,2021,bio,123.0,349.186
EGY,Egypt,2021,gas,52020.2,170022.026
EGY,Egypt,2021,hydro,2832.0,14646.0
EGY,Egypt,2021,oil,1339.6,9764.154
EGY,Egypt,2021,solar,1662.5,4971.42
EGY,Egypt,2021,wind_onshore,1640.0,5269.445
EGY,Egypt,2022,bio,123.0,341.291
EGY,Egypt,2022,fossil_nes,10.0,
EGY,Egypt,2022,gas,52529.55,179780.36
EGY,Egypt,2022,hydro,2832.0,15458.0
EGY,Egypt,2022,oil,1350.45,10334.305
EGY,Egypt,2022,solar,1724.54,5003.06
EGY,Egypt,2022,wind_onshore,1642.5,5677.445
EGY,Egypt,2023,bio,131.0,335.383
EGY,Egypt,2023,fossil_nes,10.0,
EGY,Egypt,2023,gas,52076.05,191536.778
EGY,Egypt,2023,hydro,2832.0,15056.49
EGY,Egypt,2023,oil,1338.95,11012.412
EGY,Egypt,2023,solar,1856.28,5327.567
EGY,Egypt,2023,wind_onshore,1890.0,6350.426
EGY,Egypt,2024,bio,131.0,
EGY,Egypt,2024,fossil_nes,10.0,
EGY,Egypt,2024,gas,52076.05,
EGY,Egypt,2024,hydro,2832.0,
EGY,Egypt,2024,oil,1338.95,
EGY,Egypt,2024,solar,2590.28,
EGY,Egypt,2024,wind_onshore,2199.0,
ERI,Eritrea,2015,oil,159.0,264.0
ERI,Eritrea,2015,solar,7.859,15.034
ERI,Eritrea,2015,wind_onshore,0.825,2.0
ERI,Eritrea,2016,oil,159.0,269.0
ERI,Eritrea,2016,solar,9.014,17.244
ERI,Eritrea,2016,wind_onshore,0.825,2.0
ERI,Eritrea,2017,oil,205.0,325.76
ERI,Eritrea,2017,solar,23.354,44.677
ERI,Eritrea,2017,wind_onshore,0.825,1.445
ERI,Eritrea,2018,oil,206.0,340.318
ERI,Eritrea,2018,solar,25.864,49.478
ERI,Eritrea,2018,wind_onshore,0.825,1.445
ERI,Eritrea,2019,oil,206.0,350.415
ERI,Eritrea,2019,solar,25.919,49.583
ERI,Eritrea,2019,wind_onshore,0.825,1.445
ERI,Eritrea,2020,oil,206.0,361.229
ERI,Eritrea,2020,solar,25.906,49.559
ERI,Eritrea,2020,wind_onshore,0.825,1.445
ERI,Eritrea,2021,oil,206.0,371.704
ERI,Eritrea,2021,solar,25.125,48.063
ERI,Eritrea,2021,wind_onshore,0.825,1.445
ERI,Eritrea,2022,oil,206.0,389.005
ERI,Eritrea,2022,solar,24.785,47.414
ERI,Eritrea,2022,wind_onshore,0.825,1.445
ERI,Eritrea,2023,oil,206.0,389.005
ERI,Eritrea,2023,solar,24.785,47.414
ERI,Eritrea,2023,wind_onshore,0.825,1.445
ERI,Eritrea,2024,oil,206.0,
ERI,Eritrea,2024,solar,24.785,
ERI,Eritrea,2024,wind_onshore,0.825,
ESP,Spain,2015,bio,1034.676,5764.0
ESP,Spain,2015,coal,,52676.0
ESP,Spain,2015,fossil_nes,48094.229,
ESP,Spain,2015,gas,,52498.0
ESP,Spain,2015,hydro,16721.6,28140.0
ESP,Spain,2015,nuclear,7399.0,57196.0
ESP,Spain,2015,oil,,17241.0
ESP,Spain,2015,other,221.391,985.234
ESP,Spain,2015,pumped,3331.4,3228.0
ESP,Spain,2015,solar,7040.753,13889.454
ESP,Spain,2015,wind_offshore,5.0,11.0
ESP,Spain,2015,wind_onshore,22938.0,49314.0
ESP,Spain,2016,bio,1037.256,5689.0
ESP,Spain,2016,coal,,37453.0
ESP,Spain,2016,fossil_nes,47195.649,
ESP,Spain,2016,gas,,52820.0
ESP,Spain,2016,hydro,16748.6,36395.357
ESP,Spain,2016,nuclear,7399.0,58633.0
ESP,Spain,2016,oil,,16921.0
ESP,Spain,2016,other,225.891,863.0
ESP,Spain,2016,pumped,3331.4,3469.68
ESP,Spain,2016,solar,7043.993,13673.73
ESP,Spain,2016,wind_offshore,5.0,11.0
ESP,Spain,2016,wind_onshore,22985.0,48894.0
ESP,Spain,2017,bio,1044.548,6078.0
ESP,Spain,2017,coal,,46349.0
ESP,Spain,2017,fossil_nes,45240.357,
ESP,Spain,2017,gas,,64037.0
ESP,Spain,2017,hydro,16747.6,18322.0
ESP,Spain,2017,nuclear,7117.29,58039.0
ESP,Spain,2017,oil,,15766.0
ESP,Spain,2017,other,229.891,883.0
ESP,Spain,2017,pumped,3331.4,2748.0
ESP,Spain,2017,solar,7053.262,14430.0
ESP,Spain,2017,wind_offshore,5.0,11.0
ESP,Spain,2017,wind_onshore,23119.479,49116.0
ESP,Spain,2018,bio,1057.449,5911.0
ESP,Spain,2018,coal,,38716.0
ESP,Spain,2018,fossil_nes,44833.375,
ESP,Spain,2018,gas,,58004.0
ESP,Spain,2018,hydro,16748.172,34334.0
ESP,Spain,2018,nuclear,7117.29,55766.0
ESP,Spain,2018,oil,,14498.0
ESP,Spain,2018,other,229.466,1134.0
ESP,Spain,2018,pumped,3331.4,2469.0
ESP,Spain,2018,solar,7100.576,12780.197
ESP,Spain,2018,wind_offshore,5.0,11.0
ESP,Spain,2018,wind_onshore,23400.055,50885.0
ESP,Spain,2019,bio,1112.228,5572.0
ESP,Spain,2019,coal,,13982.0
ESP,Spain,2019,fossil_nes,44414.41,
ESP,Spain,2019,gas,,83703.0
ESP,Spain,2019,hydro,16782.267,24646.0
ESP,Spain,2019,nuclear,7117.29,58349.0
ESP,Spain,2019,oil,,12883.0
ESP,Spain,2019,other,229.466,1144.0
ESP,Spain,2019,pumped,3331.4,2228.0
ESP,Spain,2019,solar,11146.392,15141.7
ESP,Spain,2019,wind_offshore,5.0,11.0
ESP,Spain,2019,wind_onshore,25585.076,55636.0
ESP,Spain,2020,bio,1264.353,6138.0
ESP,Spain,2020,coal,,6149.0
ESP,Spain,2020,fossil_nes,40336.296,
ESP,Spain,2020,gas,,69739.0
ESP,Spain,2020,hydro,16785.192,30507.0
ESP,Spain,2020,nuclear,7117.29,58299.0
ESP,Spain,2020,oil,,10704.0
ESP,Spain,2020,other,229.466,1235.0
ESP,Spain,2020,pumped,3331.4,3491.0
ESP,Spain,2020,solar,12474.767,20705.682
ESP,Spain,2020,wind_offshore,5.0,11.0
ESP,Spain,2020,wind_onshore,26814.19,56433.0
ESP,Spain,2021,bio,1278.12,6942.551
ESP,Spain,2021,coal,,6014.0
ESP,Spain,2021,fossil_nes,38316.721,
ESP,Spain,2021,gas,,71502.0
ESP,Spain,2021,hydro,16800.968,29626.0
ESP,Spain,2021,nuclear,7117.29,56564.0
ESP,Spain,2021,oil,,10044.0
ESP,Spain,2021,other,242.256,1239.449
ESP,Spain,2021,pumped,3331.4,3221.0
ESP,Spain,2021,solar,16056.005,27138.476
ESP,Spain,2021,wind_offshore,5.0,11.0
ESP,Spain,2021,wind_onshore,27902.651,62050.0
ESP,Spain,2022,bio,1278.63,6798.5
ESP,Spain,2022,coal,,8696.0
ESP,Spain,2022,fossil_nes,38008.297,
ESP,Spain,2022,gas,,85975.0
ESP,Spain,2022,hydro,16805.693,17590.0
ESP,Spain,2022,nuclear,7117.29,58590.0
ESP,Spain,2022,oil,,10590.0
ESP,Spain,2022,other,242.256,1195.5
ESP,Spain,2022,pumped,3331.4,4512.0
ESP,Spain,2022,solar,26238.125,35764.049
ESP,Spain,2022,wind_offshore,5.0,11.0
ESP,Spain,2022,wind_onshore,30108.764,62773.0
ESP,Spain,2023,bio,1278.63,5903.0
ESP,Spain,2023,coal,,4450.0
ESP,Spain,2023,fossil_nes,37942.134,
ESP,Spain,2023,gas,,64272.0
ESP,Spain,2023,hydro,16808.811,24996.0
ESP,Spain,2023,nuclear,7117.29,56873.0
ESP,Spain,2023,oil,,9288.91
ESP,Spain,2023,other,242.256,1127.843
ESP,Spain,2023,pumped,3331.4,6109.0
ESP,Spain,2023,solar,31920.416,48628.384
ESP,Spain,2023,wind_offshore,5.0,5.5
ESP,Spain,2023,wind_onshore,30863.495,64269.5
ESP,Spain,2024,bio,1285.63,
ESP,Spain,2024,fossil_nes,36488.134,
ESP,Spain,2024,hydro,16808.811,
ESP,Spain,2024,nuclear,7117.29,
ESP,Spain,2024,other,242.256,
ESP,Spain,2024,pumped,3331.4,
ESP,Spain,2024,solar,38587.416,
ESP,Spain,2024,wind_offshore,5.0,
ESP,Spain,2024,wind_onshore,31806.495,
EST,Estonia,2015,bio,281.0,818.0
EST,Estonia,2015,coal,,8399.83
EST,Estonia,2015,fossil_nes,2165.0,
EST,Estonia,2015,gas,,62.0
EST,Estonia,2015,hydro,6.0,26.6
EST,Estonia,2015,oil,,57.0
EST,Estonia,2015,other,105.0,70.0
EST,Estonia,2015,solar,6.5,5.948
EST,Estonia,2015,wind_onshore,300.0,715.0
EST,Estonia,2016,bio,281.0,949.006
EST,Estonia,2016,coal,,10188.675
EST,Estonia,2016,fossil_nes,1865.0,
EST,Estonia,2016,gas,,74.0
EST,Estonia,2016,hydro,6.0,35.0
EST,Estonia,2016,oil,,255.0
EST,Estonia,2016,other,105.0,64.566
EST,Estonia,2016,solar,10.0,9.677
EST,Estonia,2016,wind_onshore,310.0,594.0
EST,Estonia,2017,bio,281.0,1095.029
EST,Estonia,2017,coal,,11035.309
EST,Estonia,2017,fossil_nes,1782.0,
EST,Estonia,2017,gas,,63.0
EST,Estonia,2017,hydro,7.3,26.0
EST,Estonia,2017,oil,,120.0
EST,Estonia,2017,other,145.0,83.63
EST,Estonia,2017,solar,15.0,14.492
EST,Estonia,2017,wind_onshore,311.8,723.0
EST,Estonia,2018,bio,259.35,1307.0
EST,Estonia,2018,coal,,10137.53
EST,Estonia,2018,fossil_nes,2085.65,
EST,Estonia,2018,gas,,58.0
EST,Estonia,2018,hydro,7.3,15.0
EST,Estonia,2018,oil,,83.0
EST,Estonia,2018,other,125.0,96.839
EST,Estonia,2018,solar,31.9,30.802
EST,Estonia,2018,wind_onshore,310.0,636.0
EST,Estonia,2019,bio,272.9,1363.024
EST,Estonia,2019,coal,,5342.928
EST,Estonia,2019,fossil_nes,1905.1,
EST,Estonia,2019,gas,,38.063
EST,Estonia,2019,hydro,6.0,19.0
EST,Estonia,2019,oil,,28.0
EST,Estonia,2019,other,125.0,64.07
EST,Estonia,2019,solar,120.6,73.5
EST,Estonia,2019,wind_onshore,316.0,687.0
EST,Estonia,2020,bio,296.0,1851.557
EST,Estonia,2020,coal,,2985.206
EST,Estonia,2020,fossil_nes,1784.0,
EST,Estonia,2020,gas,,26.392
EST,Estonia,2020,hydro,8.0,30.0
EST,Estonia,2020,oil,,21.6
EST,Estonia,2020,other,125.0,74.569
EST,Estonia,2020,solar,207.67,245.132
EST,Estonia,2020,wind_onshore,317.0,844.0
EST,Estonia,2021,bio,296.0,1768.863
EST,Estonia,2021,coal,,4155.928
EST,Estonia,2021,fossil_nes,1272.0,
EST,Estonia,2021,gas,,41.35
EST,Estonia,2021,hydro,6.0,23.0
EST,Estonia,2021,oil,,36.5
EST,Estonia,2021,other,125.0,92.148
EST,Estonia,2021,solar,394.77,353.67
EST,Estonia,2021,wind_onshore,316.0,733.0
EST,Estonia,2022,bio,296.0,1569.152
EST,Estonia,2022,coal,,5895.393
EST,Estonia,2022,fossil_nes,1278.0,
EST,Estonia,2022,gas,,55.762
EST,Estonia,2022,hydro,8.0,23.0
EST,Estonia,2022,oil,,34.403
EST,Estonia,2022,other,125.0,95.139
EST,Estonia,2022,solar,520.0,596.0
EST,Estonia,2022,wind_onshore,316.0,668.0
EST,Estonia,2023,bio,296.0,1377.112
EST,Estonia,2023,coal,,2810.479
EST,Estonia,2023,fossil_nes,1270.0,
EST,Estonia,2023,gas,,21.5
EST,Estonia,2023,hydro,10.0,24.0
EST,Estonia,2023,oil,,18.075
EST,Estonia,2023,other,125.0,89.877
EST,Estonia,2023,solar,813.0,721.0
EST,Estonia,2023,wind_onshore,337.0,683.0
EST,Estonia,2024,bio,296.0,
EST,Estonia,2024,fossil_nes,1269.0,
EST,Estonia,2024,hydro,10.0,
EST,Estonia,2024,other,125.0,
EST,Estonia,2024,solar,1326.0,
EST,Estonia,2024,wind_onshore,572.0,
ETH,Ethiopia,2015,bio,119.0,27.54
ETH,Ethiopia,2015,fossil_nes,,3.31
ETH,Ethiopia,2015,geothermal,7.3,
ETH,Ethiopia,2015,hydro,2158.679,9018.883
ETH,Ethiopia,2015,oil,143.0,
ETH,Ethiopia,2015,solar,9.89,18.039
ETH,Ethiopia,2015,wind_onshore,324.0,499.0
ETH,Ethiopia,2016,bio,145.0,28.154
ETH,Ethiopia,2016,fossil_nes,,1.02
ETH,Ethiopia,2016,geothermal,7.3,
ETH,Ethiopia,2016,hydro,2158.679,9674.0
ETH,Ethiopia,2016,oil,99.2,
ETH,Ethiopia,2016,solar,14.04,20.835
ETH,Ethiopia,2016,wind_onshore,324.006,786.011
ETH,Ethiopia,2017,bio,205.0,22.72
ETH,Ethiopia,2017,fossil_nes,,0.769
ETH,Ethiopia,2017,geothermal,7.3,
ETH,Ethiopia,2017,hydro,3817.279,11753.0
ETH,Ethiopia,2017,oil,99.2,
ETH,Ethiopia,2017,solar,12.494,22.383
ETH,Ethiopia,2017,wind_onshore,324.006,782.011
ETH,Ethiopia,2018,bio,290.0,25.882
ETH,Ethiopia,2018,geothermal,7.3,
ETH,Ethiopia,2018,hydro,3817.279,12680.954
ETH,Ethiopia,2018,oil,87.0,
ETH,Ethiopia,2018,solar,12.346,19.754
ETH,Ethiopia,2018,wind_onshore,324.006,532.524
ETH,Ethiopia,2019,bio,290.0,29.983
ETH,Ethiopia,2019,geothermal,7.3,
ETH,Ethiopia,2019,hydro,3817.279,13655.0
ETH,Ethiopia,2019,oil,104.0,
ETH,Ethiopia,2019,solar,12.346,19.754
ETH,Ethiopia,2019,wind_onshore,324.006,848.071
ETH,Ethiopia,2020,bio,290.0,26.909
ETH,Ethiopia,2020,geothermal,7.3,
ETH,Ethiopia,2020,hydro,4071.279,14403.7
ETH,Ethiopia,2020,oil,104.0,
ETH,Ethiopia,2020,solar,20.184,32.295
ETH,Ethiopia,2020,wind_onshore,324.006,609.041
ETH,Ethiopia,2021,bio,335.0,16.307
ETH,Ethiopia,2021,geothermal,7.3,
ETH,Ethiopia,2021,hydro,4071.279,14942.83
ETH,Ethiopia,2021,oil,104.0,
ETH,Ethiopia,2021,solar,21.184,33.895
ETH,Ethiopia,2021,wind_onshore,324.006,817.201
ETH,Ethiopia,2022,bio,335.0,7.859
ETH,Ethiopia,2022,geothermal,7.3,29.15
ETH,Ethiopia,2022,hydro,4821.279,14882.49
ETH,Ethiopia,2022,oil,104.0,
ETH,Ethiopia,2022,solar,21.184,33.895
ETH,Ethiopia,2022,wind_onshore,404.006,560.571
ETH,Ethiopia,2023,bio,335.0,14.434
ETH,Ethiopia,2023,geothermal,7.3,
ETH,Ethiopia,2023,hydro,4882.579,17126.12
ETH,Ethiopia,2023,oil,99.14,
ETH,Ethiopia,2023,solar,21.184,33.895
ETH,Ethiopia,2023,wind_onshore,324.006,575.631
ETH,Ethiopia,2024,bio,335.0,
ETH,Ethiopia,2024,geothermal,7.3,
ETH,Ethiopia,2024,hydro,5221.279,
ETH,Ethiopia,2024,oil,99.14,
ETH,Ethiopia,2024,solar,21.554,
ETH,Ethiopia,2024,wind_onshore,404.006,
FIN,Finland,2015,bio,1987.0,11420.0
FIN,Finland,2015,coal,,8787.0
FIN,Finland,2015,fossil_nes,7721.0,
FIN,Finland,2015,gas,,5195.0
FIN,Finland,2015,hydro,3133.0,16768.698
FIN,Finland,2015,nuclear,2752.0,23245.0
FIN,Finland,2015,oil,,212.0
FIN,Finland,2015,other,59.0,633.0
FIN,Finland,2015,solar,17.0,11.311
FIN,Finland,2015,wind_offshore,32.0,15.79
FIN,Finland,2015,wind_onshore,973.0,2311.569
FIN,Finland,2016,bio,2009.0,11523.0
FIN,Finland,2016,coal,,10509.0
FIN,Finland,2016,fossil_nes,6803.0,
FIN,Finland,2016,gas,,3738.0
FIN,Finland,2016,hydro,3133.0,15799.127
FIN,Finland,2016,nuclear,2764.0,23203.0
FIN,Finland,2016,oil,,200.0
FIN,Finland,2016,other,59.0,695.0
FIN,Finland,2016,solar,37.0,22.066
FIN,Finland,2016,wind_offshore,32.0,12.041
FIN,Finland,2016,wind_onshore,1533.0,3056.0
FIN,Finland,2017,bio,2230.0,11860.0
FIN,Finland,2017,coal,,9214.0
FIN,Finland,2017,fossil_nes,6889.0,
FIN,Finland,2017,gas,,3300.0
FIN,Finland,2017,hydro,3156.0,14771.469
FIN,Finland,2017,nuclear,2779.0,22477.0
FIN,Finland,2017,oil,,184.0
FIN,Finland,2017,other,69.0,873.0
FIN,Finland,2017,solar,77.0,48.513
FIN,Finland,2017,wind_offshore,32.0,101.876
FIN,Finland,2017,wind_onshore,2012.0,4693.316
FIN,Finland,2018,bio,2234.0,12909.0
FIN,Finland,2018,coal,,10069.0
FIN,Finland,2018,fossil_nes,6792.0,
FIN,Finland,2018,gas,,4194.0
FIN,Finland,2018,hydro,3152.0,13301.104
FIN,Finland,2018,nuclear,2784.0,22793.0
FIN,Finland,2018,oil,,265.0
FIN,Finland,2018,other,69.0,803.0
FIN,Finland,2018,solar,133.0,90.225
FIN,Finland,2018,wind_offshore,32.0,237.781
FIN,Finland,2018,wind_onshore,2009.0,5600.887
FIN,Finland,2019,bio,2214.0,13291.0
FIN,Finland,2019,coal,,7966.0
FIN,Finland,2019,fossil_nes,6789.0,
FIN,Finland,2019,gas,,3851.0
FIN,Finland,2019,hydro,3157.0,12420.475
FIN,Finland,2019,nuclear,2794.0,23870.0
FIN,Finland,2019,oil,,306.0
FIN,Finland,2019,other,69.0,773.0
FIN,Finland,2019,solar,210.0,147.182
FIN,Finland,2019,wind_offshore,32.0,270.667
FIN,Finland,2019,wind_onshore,2252.0,5754.079
FIN,Finland,2020,bio,2675.0,11570.0
FIN,Finland,2020,coal,,5180.0
FIN,Finland,2020,fossil_nes,5854.0,
FIN,Finland,2020,gas,,3991.0
FIN,Finland,2020,hydro,3164.0,15883.341
FIN,Finland,2020,nuclear,2794.0,23291.0
FIN,Finland,2020,oil,,201.0
FIN,Finland,2020,other,69.0,677.0
FIN,Finland,2020,solar,299.0,218.471
FIN,Finland,2020,wind_offshore,32.0,305.006
FIN,Finland,2020,wind_onshore,2554.0,7950.67
FIN,Finland,2021,bio,2640.0,13579.0
FIN,Finland,2021,coal,,5585.0
FIN,Finland,2021,fossil_nes,5754.0,
FIN,Finland,2021,gas,,3826.0
FIN,Finland,2021,hydro,3171.0,15791.129
FIN,Finland,2021,nuclear,2794.0,23598.0
FIN,Finland,2021,oil,,171.0
FIN,Finland,2021,other,69.0,766.0
FIN,Finland,2021,solar,398.0,297.518
FIN,Finland,2021,wind_offshore,32.0,266.829
FIN,Finland,2021,wind_onshore,3225.0,8239.905
FIN,Finland,2022,bio,3059.0,12762.0
FIN,Finland,2022,coal,,6194.0
FIN,Finland,2022,fossil_nes,5284.0,
FIN,Finland,2022,gas,,957.0
FIN,Finland,2022,hydro,3171.0,13491.76
FIN,Finland,2022,nuclear,2794.0,25336.0
FIN,Finland,2022,oil,,249.0
FIN,Finland,2022,other,111.0,783.0
FIN,Finland,2022,solar,649.0,392.342
FIN,Finland,2022,wind_offshore,32.0,272.627
FIN,Finland,2022,wind_onshore,5645.0,11749.368
FIN,Finland,2023,bio,2932.0,11342.0
FIN,Finland,2023,coal,,3378.0
FIN,Finland,2023,fossil_nes,5157.0,
FIN,Finland,2023,gas,,660.0
FIN,Finland,2023,hydro,3169.0,15200.385
FIN,Finland,2023,nuclear,4394.0,34308.0
FIN,Finland,2023,oil,,226.0
FIN,Finland,2023,other,126.5,667.0
FIN,Finland,2023,solar,986.206,716.44
FIN,Finland,2023,wind_offshore,32.0,242.884
FIN,Finland,2023,wind_onshore,6914.0,14800.29
FIN,Finland,2024,bio,3149.0,
FIN,Finland,2024,fossil_nes,4974.0,
FIN,Finland,2024,hydro,3191.0,
FIN,Finland,2024,nuclear,4394.0,
FIN,Finland,2024,other,64.5,
FIN,Finland,2024,solar,1203.206,
FIN,Finland,2024,wind_offshore,32.0,
FIN,Finland,2024,wind_onshore,8328.0,
FJI,Fiji,2015,bio,46.624,70.238
FJI,Fiji,2015,hydro,137.73,406.333
FJI,Fiji,2015,oil,152.734,531.544
FJI,Fiji,2015,solar,4.198,5.542
FJI,Fiji,2015,wind_onshore,10.175,5.674
FJI,Fiji,2016,bio,46.624,47.018
FJI,Fiji,2016,hydro,137.73,495.956
FJI,Fiji,2016,oil,152.734,475.629
FJI,Fiji,2016,solar,6.249,8.249
FJI,Fiji,2016,wind_onshore,10.175,3.632
FJI,Fiji,2017,bio,58.624,66.021
FJI,Fiji,2017,hydro,138.43,491.651
FJI,Fiji,2017,oil,152.734,542.08
FJI,Fiji,2017,solar,8.158,10.768
FJI,Fiji,2017,wind_onshore,10.175,2.083
FJI,Fiji,2018,bio,58.624,84.127
FJI,Fiji,2018,hydro,138.43,567.242
FJI,Fiji,2018,oil,152.734,474.863
FJI,Fiji,2018,solar,8.73,11.524
FJI,Fiji,2018,wind_onshore,10.175,2.558
FJI,Fiji,2019,bio,58.624,94.119
FJI,Fiji,2019,hydro,138.43,559.918
FJI,Fiji,2019,oil,171.634,558.691
FJI,Fiji,2019,solar,8.824,11.648
FJI,Fiji,2019,wind_onshore,10.175,3.419
FJI,Fiji,2020,bio,58.624,110.73
FJI,Fiji,2020,hydro,138.43,558.698
FJI,Fiji,2020,oil,171.682,459.186
FJI,Fiji,2020,solar,9.176,12.112
FJI,Fiji,2020,wind_onshore,10.175,1.136
FJI,Fiji,2021,bio,66.324,96.741
FJI,Fiji,2021,hydro,138.43,548.377
FJI,Fiji,2021,oil,171.682,437.026
FJI,Fiji,2021,solar,9.465,12.494
FJI,Fiji,2021,wind_onshore,10.175,0.293
FJI,Fiji,2022,bio,66.324,114.709
FJI,Fiji,2022,hydro,138.43,598.658
FJI,Fiji,2022,oil,171.682,519.016
FJI,Fiji,2022,solar,9.907,13.078
FJI,Fiji,2022,wind_onshore,10.175,0.093
FJI,Fiji,2023,bio,66.324,115.517
FJI,Fiji,2023,hydro,138.43,539.765
FJI,Fiji,2023,oil,171.682,614.764
FJI,Fiji,2023,solar,10.929,14.402
FJI,Fiji,2023,wind_onshore,10.175,0.062
FJI,Fiji,2024,bio,66.324,
FJI,Fiji,2024,hydro,138.43,
FJI,Fiji,2024,oil,236.682,
FJI,Fiji,2024,solar,10.937,
FJI,Fiji,2024,wind_onshore,10.175,
FLK,Falkland Islands (Malvinas),2015,oil,7.6,11.704
FLK,Falkland Islands (Malvinas),2015,solar,0.07,0.123
FLK,Falkland Islands (Malvinas),2015,wind_onshore,3.31,5.122
FLK,Falkland Islands (Malvinas),2016,oil,7.6,12.703
FLK,Falkland Islands (Malvinas),2016,solar,0.07,0.123
FLK,Falkland Islands (Malvinas),2016,wind_onshore,3.31,6.022
FLK,Falkland Islands (Malvinas),2017,oil,7.6,11.756
FLK,Falkland Islands (Malvinas),2017,solar,0.07,0.123
FLK,Falkland Islands (Malvinas),2017,wind_onshore,3.31,5.412
FLK,Falkland Islands (Malvinas),2018,oil,7.6,12.29
FLK,Falkland Islands (Malvinas),2018,solar,0.07,0.123
FLK,Falkland Islands (Malvinas),2018,wind_onshore,3.31,5.318
FLK,Falkland Islands (Malvinas),2019,oil,7.6,12.716
FLK,Falkland Islands (Malvinas),2019,solar,0.07,0.123
FLK,Falkland Islands (Malvinas),2019,wind_onshore,3.31,5.148
FLK,Falkland Islands (Malvinas),2020,oil,13.6,13.927
FLK,Falkland Islands (Malvinas),2020,solar,0.07,0.123
FLK,Falkland Islands (Malvinas),2020,wind_onshore,3.31,4.252
FLK,Falkland Islands (Malvinas),2021,oil,13.6,14.112
FLK,Falkland Islands (Malvinas),2021,solar,0.07,0.123
FLK,Falkland Islands (Malvinas),2021,wind_onshore,3.31,4.444
FLK,Falkland Islands (Malvinas),2022,oil,13.6,14.4
FLK,Falkland Islands (Malvinas),2022,solar,0.07,0.123
FLK,Falkland Islands (Malvinas),2022,wind_onshore,3.31,4.725
FLK,Falkland Islands (Malvinas),2023,oil,13.6,14.854
FLK,Falkland Islands (Malvinas),2023,solar,0.07,0.123
FLK,Falkland Islands (Malvinas),2023,wind_onshore,3.31,4.786
FLK,Falkland Islands (Malvinas),2024,oil,13.6,
FLK,Falkland Islands (Malvinas),2024,solar,0.082,
FLK,Falkland Islands (Malvinas),2024,wind_onshore,3.31,
FRA,France,2015,bio,1531.277,6524.946
FRA,France,2015,coal,,14556.545
FRA,France,2015,fossil_nes,23796.379,
FRA,France,2015,gas,,21143.153
FRA,France,2015,geothermal,14.75,91.939
FRA,France,2015,hydro,23824.169,55556.272
FRA,France,2015,nuclear,63130.0,437427.808
FRA,France,2015,oil,,6673.676
FRA,France,2015,other,885.115,3369.015
FRA,France,2015,pumped,1727.66,4957.091
FRA,France,2015,solar,6819.539,7753.821
FRA,France,2015,wind_offshore,10.8,
FRA,France,2015,wind_onshore,10287.347,21420.602
FRA,France,2016,bio,1660.673,7520.965
FRA,France,2016,coal,,12246.047
FRA,France,2016,fossil_nes,22512.472,
FRA,France,2016,gas,,34967.086
FRA,France,2016,geothermal,16.15,97.605
FRA,France,2016,hydro,23893.153,60839.21
FRA,France,2016,nuclear,63130.0,403195.482
FRA,France,2016,oil,,6855.712
FRA,France,2016,other,901.544,3485.952
FRA,France,2016,pumped,1727.7,4846.338
FRA,France,2016,solar,7319.077,8659.959
FRA,France,2016,wind_offshore,10.8,
FRA,France,2016,wind_onshore,11555.762,21380.985
FRA,France,2017,bio,1712.441,7781.246
FRA,France,2017,coal,,15198.416
FRA,France,2017,fossil_nes,19475.091,
FRA,France,2017,gas,,40500.366
FRA,France,2017,geothermal,16.15,133.13
FRA,France,2017,hydro,23979.238,50001.257
FRA,France,2017,nuclear,63130.0,398359.129
FRA,France,2017,oil,,6979.062
FRA,France,2017,other,894.425,3706.933
FRA,France,2017,pumped,1727.7,5133.653
FRA,France,2017,solar,8100.411,9586.608
FRA,France,2017,wind_offshore,10.8,
FRA,France,2017,wind_onshore,13488.552,24609.437
FRA,France,2018,bio,1924.511,8378.186
FRA,France,2018,coal,,10542.507
FRA,France,2018,fossil_nes,18172.423,
FRA,France,2018,gas,,30547.494
FRA,France,2018,geothermal,16.15,126.975
FRA,France,2018,hydro,23999.234,65111.426
FRA,France,2018,nuclear,63130.0,412941.812
FRA,France,2018,oil,,5717.877
FRA,France,2018,other,875.852,3521.647
FRA,France,2018,pumped,1727.7,5360.689
FRA,France,2018,solar,9031.64,10866.492
FRA,France,2018,wind_offshore,12.8,
FRA,France,2018,wind_onshore,14887.343,28598.595
FRA,France,2019,bio,2008.163,8644.08
FRA,France,2019,coal,,5872.709
FRA,France,2019,fossil_nes,18111.431,
FRA,France,2019,gas,,39236.125
FRA,France,2019,geothermal,16.15,128.486
FRA,France,2019,hydro,24140.684,56913.549
FRA,France,2019,nuclear,63130.0,399011.587
FRA,France,2019,oil,,5914.488
FRA,France,2019,other,880.313,3453.104
FRA,France,2019,pumped,1727.7,4658.767
FRA,France,2019,solar,10013.18,12254.286
FRA,France,2019,wind_offshore,14.3,
FRA,France,2019,wind_onshore,16412.552,34721.683
FRA,France,2020,bio,1931.778,8763.75
FRA,France,2020,coal,,4943.541
FRA,France,2020,fossil_nes,18356.682,
FRA,France,2020,gas,,35245.132
FRA,France,2020,geothermal,16.15,133.199
FRA,France,2020,hydro,24226.722,62593.579
FRA,France,2020,nuclear,61400.0,353832.867
FRA,France,2020,oil,,5595.757
FRA,France,2020,other,903.182,3434.396
FRA,France,2020,pumped,1727.66,4500.741
FRA,France,2020,solar,11133.256,13246.195
FRA,France,2020,wind_offshore,14.3,
FRA,France,2020,wind_onshore,17520.973,40045.404
FRA,France,2021,bio,2046.356,9575.889
FRA,France,2021,coal,,7339.134
FRA,France,2021,fossil_nes,18377.051,
FRA,France,2021,gas,,33306.103
FRA,France,2021,geothermal,16.15,100.308
FRA,France,2021,hydro,24263.136,59615.944
FRA,France,2021,nuclear,61400.0,379361.292
FRA,France,2021,oil,,5722.24
FRA,France,2021,other,1199.138,3304.77
FRA,France,2021,pumped,1727.66,4330.798
FRA,France,2021,solar,13446.042,15439.483
FRA,France,2021,wind_offshore,14.3,
FRA,France,2021,wind_onshore,18536.821,37119.413
FRA,France,2022,bio,2058.536,9663.064
FRA,France,2022,coal,,5867.287
FRA,France,2022,fossil_nes,18369.294,
FRA,France,2022,gas,,45740.707
FRA,France,2022,geothermal,16.15,113.595
FRA,France,2022,hydro,24236.006,45521.132
FRA,France,2022,nuclear,61400.0,294731.038
FRA,France,2022,oil,,6354.566
FRA,France,2022,other,2777.204,3302.634
FRA,France,2022,pumped,1727.66,5527.964
FRA,France,2022,solar,14721.789,19751.774
FRA,France,2022,wind_offshore,500.8,
FRA,France,2022,wind_onshore,20334.375,38199.143
FRA,France,2023,bio,2090.459,9895.099
FRA,France,2023,coal,,3071.143
FRA,France,2023,fossil_nes,18349.179,
FRA,France,2023,gas,,29839.304
FRA,France,2023,geothermal,16.15,128.797
FRA,France,2023,hydro,24597.531,56657.175
FRA,France,2023,nuclear,61400.0,338202.283
FRA,France,2023,oil,,6184.872
FRA,France,2023,other,1607.06,4176.325
FRA,France,2023,pumped,1727.66,4193.243
FRA,France,2023,solar,17399.136,22125.719
FRA,France,2023,wind_offshore,1486.5,
FRA,France,2023,wind_onshore,21645.114,50479.192
FRA,France,2024,bio,3351.459,
FRA,France,2024,fossil_nes,18328.179,
FRA,France,2024,geothermal,16.15,
FRA,France,2024,hydro,24640.531,
FRA,France,2024,nuclear,61400.0,
FRA,France,2024,other,703.06,
FRA,France,2024,pumped,2205.66,
FRA,France,2024,solar,21528.088,
FRA,France,2024,wind_offshore,1486.5,
FRA,France,2024,wind_onshore,23105.114,
FRO,Faroe Islands,2015,hydro,39.3,133.1
FRO,Faroe Islands,2015,oil,69.33,125.5
FRO,Faroe Islands,2015,other,0.3,0.1
FRO,Faroe Islands,2015,wind_onshore,20.31,55.8
FRO,Faroe Islands,2016,hydro,39.3,106.3
FRO,Faroe Islands,2016,oil,69.03,158.9
FRO,Faroe Islands,2016,other,,0.1
FRO,Faroe Islands,2016,wind_onshore,20.31,52.1
FRO,Faroe Islands,2017,hydro,39.3,111.2
FRO,Faroe Islands,2017,oil,69.03,163.4
FRO,Faroe Islands,2017,wind_onshore,20.31,59.7
FRO,Faroe Islands,2018,hydro,39.7,108.1
FRO,Faroe Islands,2018,oil,69.03,180.1
FRO,Faroe Islands,2018,wind_onshore,16.35,63.8
FRO,Faroe Islands,2019,hydro,39.7,103.5
FRO,Faroe Islands,2019,oil,77.83,230.0
FRO,Faroe Islands,2019,solar,0.261,
FRO,Faroe Islands,2019,wind_onshore,12.75,52.6
FRO,Faroe Islands,2020,bio,0.32,1.431
FRO,Faroe Islands,2020,hydro,39.7,108.7
FRO,Faroe Islands,2020,oil,105.83,249.4
FRO,Faroe Islands,2020,other,0.1,
FRO,Faroe Islands,2020,solar,0.261,0.169
FRO,Faroe Islands,2020,wind_onshore,19.05,47.1
FRO,Faroe Islands,2021,bio,1.7,6.8
FRO,Faroe Islands,2021,hydro,39.7,100.3
FRO,Faroe Islands,2021,oil,114.8,262.4
FRO,Faroe Islands,2021,other,0.1,0.023
FRO,Faroe Islands,2021,solar,0.261,0.177
FRO,Faroe Islands,2021,wind_onshore,22.5,54.1
FRO,Faroe Islands,2022,bio,1.7,5.4
FRO,Faroe Islands,2022,hydro,39.7,130.9
FRO,Faroe Islands,2022,oil,114.8,207.4
FRO,Faroe Islands,2022,other,0.1,0.023
FRO,Faroe Islands,2022,solar,0.261,0.177
FRO,Faroe Islands,2022,wind_onshore,47.7,90.1
FRO,Faroe Islands,2023,bio,1.7,4.0
FRO,Faroe Islands,2023,hydro,39.7,100.2
FRO,Faroe Islands,2023,oil,114.8,227.6
FRO,Faroe Islands,2023,other,0.1,0.023
FRO,Faroe Islands,2023,solar,0.261,0.177
FRO,Faroe Islands,2023,wind_onshore,65.7,125.6
FRO,Faroe Islands,2024,bio,1.7,
FRO,Faroe Islands,2024,hydro,39.7,
FRO,Faroe Islands,2024,oil,114.8,
FRO,Faroe Islands,2024,other,0.1,
FRO,Faroe Islands,2024,solar,0.261,
FRO,Faroe Islands,2024,wind_onshore,67.68,
FSM,Micronesia (Federated States of),2015,hydro,0.725,1.27
FSM,Micronesia (Federated States of),2015,oil,25.766,64.37
FSM,Micronesia (Federated States of),2015,solar,0.882,1.227
FSM,Micronesia (Federated States of),2016,hydro,0.725,1.27
FSM,Micronesia (Federated States of),2016,oil,29.366,61.217
FSM,Micronesia (Federated States of),2016,solar,3.782,5.235
FSM,Micronesia (Federated States of),2017,hydro,0.725,1.27
FSM,Micronesia (Federated States of),2017,oil,32.166,61.495
FSM,Micronesia (Federated States of),2017,solar,3.782,5.235
FSM,Micronesia (Federated States of),2018,hydro,0.725,1.27
FSM,Micronesia (Federated States of),2018,oil,37.066,59.804
FSM,Micronesia (Federated States of),2018,solar,4.541,6.284
FSM,Micronesia (Federated States of),2018,wind_onshore,0.825,0.801
FSM,Micronesia (Federated States of),2019,hydro,0.725,1.27
FSM,Micronesia (Federated States of),2019,oil,38.866,62.708
FSM,Micronesia (Federated States of),2019,solar,5.216,7.217
FSM,Micronesia (Federated States of),2019,wind_onshore,0.825,0.943
FSM,Micronesia (Federated States of),2020,hydro,0.725,1.27
FSM,Micronesia (Federated States of),2020,oil,38.866,59.952
FSM,Micronesia (Federated States of),2020,solar,7.216,9.981
FSM,Micronesia (Federated States of),2020,wind_onshore,0.825,0.943
FSM,Micronesia (Federated States of),2021,hydro,0.725,1.27
FSM,Micronesia (Federated States of),2021,oil,38.866,77.918
FSM,Micronesia (Federated States of),2021,solar,7.216,9.981
FSM,Micronesia (Federated States of),2021,wind_onshore,0.825,0.943
FSM,Micronesia (Federated States of),2022,hydro,0.725,1.27
FSM,Micronesia (Federated States of),2022,oil,38.866,79.829
FSM,Micronesia (Federated States of),2022,solar,7.216,9.981
FSM,Micronesia (Federated States of),2022,wind_onshore,0.825,0.943
FSM,Micronesia (Federated States of),2023,hydro,0.725,1.27
FSM,Micronesia (Federated States of),2023,oil,38.866,78.16
FSM,Micronesia (Federated States of),2023,solar,7.216,9.981
FSM,Micronesia (Federated States of),2023,wind_onshore,0.825,0.943
FSM,Micronesia (Federated States of),2024,hydro,0.725,
FSM,Micronesia (Federated States of),2024,oil,39.696,
FSM,Micronesia (Federated States of),2024,solar,7.151,
FSM,Micronesia (Federated States of),2024,wind_onshore,0.825,
GAB,Gabon,2015,bio,1.2,1.22
GAB,Gabon,2015,gas,194.18,829.0
GAB,Gabon,2015,hydro,170.58,919.08
GAB,Gabon,2015,oil,75.42,160.0
GAB,Gabon,2015,solar,0.058,0.08
GAB,Gabon,2016,bio,1.2,1.22
GAB,Gabon,2016,gas,210.78,1007.0
GAB,Gabon,2016,hydro,170.58,822.387
GAB,Gabon,2016,oil,84.92,151.0
GAB,Gabon,2016,solar,0.066,0.09
GAB,Gabon,2017,bio,1.2,1.22
GAB,Gabon,2017,gas,204.84,797.0
GAB,Gabon,2017,hydro,171.58,915.387
GAB,Gabon,2017,oil,84.16,160.0
GAB,Gabon,2017,solar,0.081,0.11
GAB,Gabon,2018,bio,1.2,1.22
GAB,Gabon,2018,gas,192.33,681.0
GAB,Gabon,2018,hydro,172.11,982.387
GAB,Gabon,2018,oil,87.14,159.0
GAB,Gabon,2018,solar,0.086,0.12
GAB,Gabon,2019,bio,1.2,1.22
GAB,Gabon,2019,gas,192.33,1159.97
GAB,Gabon,2019,hydro,319.58,959.926
GAB,Gabon,2019,oil,189.67,219.391
GAB,Gabon,2019,solar,0.098,0.13
GAB,Gabon,2020,bio,1.2,1.22
GAB,Gabon,2020,gas,192.33,1249.297
GAB,Gabon,2020,hydro,319.58,911.905
GAB,Gabon,2020,oil,189.67,236.285
GAB,Gabon,2020,solar,0.09,0.12
GAB,Gabon,2021,bio,1.2,1.22
GAB,Gabon,2021,gas,192.33,1249.297
GAB,Gabon,2021,hydro,319.58,911.905
GAB,Gabon,2021,oil,189.67,236.285
GAB,Gabon,2021,solar,0.49,0.67
GAB,Gabon,2022,bio,1.2,
GAB,Gabon,2022,gas,192.33,1249.297
GAB,Gabon,2022,hydro,319.58,911.905
GAB,Gabon,2022,oil,189.67,236.285
GAB,Gabon,2022,solar,0.51,0.7
GAB,Gabon,2023,bio,1.2,
GAB,Gabon,2023,gas,192.33,1249.297
GAB,Gabon,2023,hydro,319.58,911.905
GAB,Gabon,2023,oil,189.67,236.285
GAB,Gabon,2023,solar,0.54,0.74
GAB,Gabon,2024,bio,1.2,
GAB,Gabon,2024,gas,192.33,
GAB,Gabon,2024,hydro,319.58,
GAB,Gabon,2024,oil,189.67,
GAB,Gabon,2024,solar,11.54,
GBR,United Kingdom of Great Britain and Northern Ireland (the),2015,bio,4808.36,29261.0
GBR,United Kingdom of Great Britain and Northern Ireland (the),2015,coal,18462.0,76963.0
GBR,United Kingdom of Great Britain and Northern Ireland (the),2015,fossil_nes,1402.0,
GBR,United Kingdom of Great Britain and Northern Ireland (the),2015,gas,30951.0,99876.0
GBR,United Kingdom of Great Britain and Northern Ireland (the),2015,hydro,2077.0,6298.0
GBR,United Kingdom of Great Britain and Northern Ireland (the),2015,nuclear,9487.0,70345.0
GBR,United Kingdom of Great Britain and Northern Ireland (the),2015,oil,2199.0,2137.0
GBR,United Kingdom of Great Britain and Northern Ireland (the),2015,other,503.0,2608.0
GBR,United Kingdom of Great Britain and Northern Ireland (the),2015,pumped,2600.0,2739.0
GBR,United Kingdom of Great Britain and Northern Ireland (the),2015,solar,9601.0,7533.0
GBR,United Kingdom of Great Britain and Northern Ireland (the),2015,wind_offshore,5093.0,17422.74
GBR,United Kingdom of Great Britain and Northern Ireland (the),2015,wind_onshore,9212.0,22852.26
GBR,United Kingdom of Great Britain and Northern Ireland (the),2016,bio,5250.54,30065.0
GBR,United Kingdom of Great Britain and Northern Ireland (the),2016,coal,13698.52,31435.0
GBR,United Kingdom of Great Britain and Northern Ireland (the),2016,fossil_nes,1152.374,
GBR,United Kingdom of Great Britain and Northern Ireland (the),2016,gas,32399.9,143356.0
GBR,United Kingdom of Great Britain and Northern Ireland (the),2016,hydro,2132.929,5370.0
GBR,United Kingdom of Great Britain and Northern Ireland (the),2016,nuclear,9261.0,71726.0
GBR,United Kingdom of Great Britain and Northern Ireland (the),2016,oil,2358.31,1891.0
GBR,United Kingdom of Great Britain and Northern Ireland (the),2016,other,607.026,2888.0
GBR,United Kingdom of Great Britain and Northern Ireland (the),2016,pumped,2600.0,2959.0
GBR,United Kingdom of Great Britain and Northern Ireland (the),2016,solar,11914.0,10395.0
GBR,United Kingdom of Great Britain and Northern Ireland (the),2016,wind_offshore,5293.0,16405.74
GBR,United Kingdom of Great Britain and Northern Ireland (the),2016,wind_onshore,10833.0,20753.26
GBR,United Kingdom of Great Britain and Northern Ireland (the),2017,bio,5513.945,31894.171
GBR,United Kingdom of Great Britain and Northern Ireland (the),2017,coal,13363.45,23284.186
GBR,United Kingdom of Great Britain and Northern Ireland (the),2017,fossil_nes,1205.718,
GBR,United Kingdom of Great Britain and Northern Ireland (the),2017,gas,34101.06,136745.82
GBR,United Kingdom of Great Britain and Northern Ireland (the),2017,hydro,2169.64,5881.897
GBR,United Kingdom of Great Britain and Northern Ireland (the),2017,nuclear,9261.0,70336.426
GBR,United Kingdom of Great Britain and Northern Ireland (the),2017,oil,2053.52,1616.361
GBR,United Kingdom of Great Britain and Northern Ireland (the),2017,other,666.135,3700.1
GBR,United Kingdom of Great Britain and Northern Ireland (the),2017,pumped,2600.0,2872.0
GBR,United Kingdom of Great Britain and Northern Ireland (the),2017,solar,12750.96,11457.268
GBR,United Kingdom of Great Britain and Northern Ireland (the),2017,wind_offshore,6988.0,20915.92
GBR,United Kingdom of Great Britain and Northern Ireland (the),2017,wind_onshore,12597.0,28725.202
GBR,United Kingdom of Great Britain and Northern Ireland (the),2018,bio,7043.42,35102.386
GBR,United Kingdom of Great Britain and Northern Ireland (the),2018,coal,12336.852,17745.021
GBR,United Kingdom of Great Britain and Northern Ireland (the),2018,fossil_nes,1137.18,
GBR,United Kingdom of Great Britain and Northern Ireland (the),2018,gas,35104.449,131489.776
GBR,United Kingdom of Great Britain and Northern Ireland (the),2018,hydro,2177.0,5443.267
GBR,United Kingdom of Great Britain and Northern Ireland (the),2018,nuclear,9261.0,65063.849
GBR,United Kingdom of Great Britain and Northern Ireland (the),2018,oil,1386.204,1674.841
GBR,United Kingdom of Great Britain and Northern Ireland (the),2018,other,705.957,3899.771
GBR,United Kingdom of Great Britain and Northern Ireland (the),2018,pumped,2600.0,2498.45
GBR,United Kingdom of Great Britain and Northern Ireland (the),2018,solar,13060.0,12668.39
GBR,United Kingdom of Great Britain and Northern Ireland (the),2018,wind_offshore,8180.5,26525.2
GBR,United Kingdom of Great Britain and Northern Ireland (the),2018,wind_onshore,13425.149,30382.415
GBR,United Kingdom of Great Britain and Northern Ireland (the),2019,bio,7229.541,37527.59
GBR,United Kingdom of Great Britain and Northern Ireland (the),2019,coal,6817.488,7943.575
GBR,United Kingdom of Great Britain and Northern Ireland (the),2019,fossil_nes,1010.742,
GBR,United Kingdom of Great Britain and Northern Ireland (the),2019,gas,34445.459,132071.649
GBR,United Kingdom of Great Britain and Northern Ireland (the),2019,hydro,2179.86,5932.898
GBR,United Kingdom of Great Britain and Northern Ireland (the),2019,nuclear,9261.0,56183.934
GBR,United Kingdom of Great Britain and Northern Ireland (the),2019,oil,1411.836,1514.349
GBR,United Kingdom of Great Britain and Northern Ireland (the),2019,other,805.8,4207.806
GBR,United Kingdom of Great Britain and Northern Ireland (the),2019,pumped,2600.0,1756.411
GBR,United Kingdom of Great Britain and Northern Ireland (the),2019,solar,13345.0,12418.06
GBR,United Kingdom of Great Britain and Northern Ireland (the),2019,wind_offshore,9888.1,31975.15
GBR,United Kingdom of Great Britain and Northern Ireland (the),2019,wind_onshore,13998.819,31859.747
GBR,United Kingdom of Great Britain and Northern Ireland (the),2020,bio,7305.14,38565.266
GBR,United Kingdom of Great Britain and Northern Ireland (the),2020,coal,5360.879,6728.001
GBR,United Kingdom of Great Britain and Northern Ireland (the),2020,fossil_nes,1024.216,
GBR,United Kingdom of Great Britain and Northern Ireland (the),2020,gas,35160.59,112129.292
GBR,United Kingdom of Great Britain and Northern Ireland (the),2020,hydro,2185.266,6878.202
GBR,United Kingdom of Great Britain and Northern Ireland (the),2020,nuclear,7833.0,50239.108
GBR,United Kingdom of Great Britain and Northern Ireland (the),2020,oil,1274.697,1424.896
GBR,United Kingdom of Great Britain and Northern Ireland (the),2020,other,923.712,4839.631
GBR,United Kingdom of Great Britain and Northern Ireland (the),2020,pumped,2600.0,1567.132
GBR,United Kingdom of Great Britain and Northern Ireland (the),2020,solar,13870.338,12551.613
GBR,United Kingdom of Great Britain and Northern Ireland (the),2020,wind_offshore,10382.85,40681.09
GBR,United Kingdom of Great Britain and Northern Ireland (the),2020,wind_onshore,14075.076,34942.07
GBR,United Kingdom of Great Britain and Northern Ireland (the),2021,bio,7390.666,40001.065
GBR,United Kingdom of Great Britain and Northern Ireland (the),2021,coal,5359.865,7732.67
GBR,United Kingdom of Great Britain and Northern Ireland (the),2021,fossil_nes,859.301,
GBR,United Kingdom of Great Britain and Northern Ireland (the),2021,gas,35018.544,123433.707
GBR,United Kingdom of Great Britain and Northern Ireland (the),2021,hydro,2190.157,5418.374
GBR,United Kingdom of Great Britain and Northern Ireland (the),2021,nuclear,7833.0,46103.922
GBR,United Kingdom of Great Britain and Northern Ireland (the),2021,oil,1346.655,1938.419
GBR,United Kingdom of Great Britain and Northern Ireland (the),2021,other,871.668,5058.691
GBR,United Kingdom of Great Britain and Northern Ireland (the),2021,pumped,2600.0,1893.49
GBR,United Kingdom of Great Britain and Northern Ireland (the),2021,solar,14260.91,12132.809
GBR,United Kingdom of Great Britain and Northern Ireland (the),2021,wind_offshore,11255.475,35509.54
GBR,United Kingdom of Great Britain and Northern Ireland (the),2021,wind_onshore,14492.755,29414.401
GBR,United Kingdom of Great Britain and Northern Ireland (the),2022,bio,7463.3,35839.616
GBR,United Kingdom of Great Britain and Northern Ireland (the),2022,coal,5364.824,6923.936
GBR,United Kingdom of Great Britain and Northern Ireland (the),2022,fossil_nes,636.969,
GBR,United Kingdom of Great Britain and Northern Ireland (the),2022,gas,34724.995,125720.983
GBR,United Kingdom of Great Britain and Northern Ireland (the),2022,hydro,2190.437,5660.822
GBR,United Kingdom of Great Britain and Northern Ireland (the),2022,nuclear,5883.0,47400.416
GBR,United Kingdom of Great Britain and Northern Ireland (the),2022,oil,1487.908,2748.398
GBR,United Kingdom of Great Britain and Northern Ireland (the),2022,other,909.492,5368.869
GBR,United Kingdom of Great Britain and Northern Ireland (the),2022,pumped,2600.0,1990.883
GBR,United Kingdom of Great Britain and Northern Ireland (the),2022,solar,14980.769,13343.753
GBR,United Kingdom of Great Britain and Northern Ireland (the),2022,wind_offshore,13927.475,45019.87
GBR,United Kingdom of Great Britain and Northern Ireland (the),2022,wind_onshore,14833.807,35522.616
GBR,United Kingdom of Great Britain and Northern Ireland (the),2023,bio,7488.28,34087.95
GBR,United Kingdom of Great Britain and Northern Ireland (the),2023,coal,2045.7,4674.773
GBR,United Kingdom of Great Britain and Northern Ireland (the),2023,fossil_nes,168.381,
GBR,United Kingdom of Great Britain and Northern Ireland (the),2023,gas,35956.553,102233.373
GBR,United Kingdom of Great Britain and Northern Ireland (the),2023,hydro,2190.437,5537.546
GBR,United Kingdom of Great Britain and Northern Ireland (the),2023,nuclear,5883.0,40596.11
GBR,United Kingdom of Great Britain and Northern Ireland (the),2023,oil,1327.046,1823.5
GBR,United Kingdom of Great Britain and Northern Ireland (the),2023,other,934.605,6417.953
GBR,United Kingdom of Great Britain and Northern Ireland (the),2023,pumped,2600.0,1823.341
GBR,United Kingdom of Great Britain and Northern Ireland (the),2023,solar,16275.263,13889.038
GBR,United Kingdom of Great Britain and Northern Ireland (the),2023,wind_offshore,14745.075,49549.89
GBR,United Kingdom of Great Britain and Northern Ireland (the),2023,wind_onshore,15417.873,32758.749
GBR,United Kingdom of Great Britain and Northern Ireland (the),2024,bio,7823.66,
GBR,United Kingdom of Great Britain and Northern Ireland (the),2024,fossil_nes,168.381,
GBR,United Kingdom of Great Britain and Northern Ireland (the),2024,gas,36306.553,
GBR,United Kingdom of Great Britain and Northern Ireland (the),2024,hydro,2190.157,
GBR,United Kingdom of Great Britain and Northern Ireland (the),2024,nuclear,5883.0,
GBR,United Kingdom of Great Britain and Northern Ireland (the),2024,oil,1327.046,
GBR,United Kingdom of Great Britain and Northern Ireland (the),2024,other,964.355,
GBR,United Kingdom of Great Britain and Northern Ireland (the),2024,pumped,2600.0,
GBR,United Kingdom of Great Britain and Northern Ireland (the),2024,solar,17881.293,
GBR,United Kingdom of Great Britain and Northern Ireland (the),2024,wind_offshore,15915.675,
GBR,United Kingdom of Great Britain and Northern Ireland (the),2024,wind_onshore,16229.973,
GEO,Georgia,2015,gas,925.0,2378.331
GEO,Georgia,2015,hydro,2802.0,8453.764
GEO,Georgia,2016,coal,,16.0
GEO,Georgia,2016,gas,925.0,2219.122
GEO,Georgia,2016,hydro,3160.087,9329.241
GEO,Georgia,2016,solar,0.3,0.382
GEO,Georgia,2016,wind_onshore,20.0,9.026
GEO,Georgia,2017,coal,,24.7
GEO,Georgia,2017,gas,925.0,2208.3
GEO,Georgia,2017,hydro,3113.087,9210.4
GEO,Georgia,2017,solar,0.45,0.572
GEO,Georgia,2017,wind_onshore,20.0,87.8
GEO,Georgia,2018,coal,,11.8
GEO,Georgia,2018,gas,925.0,2103.1
GEO,Georgia,2018,hydro,3220.087,9949.4
GEO,Georgia,2018,solar,0.922,1.17
GEO,Georgia,2018,wind_onshore,20.0,84.3
GEO,Georgia,2019,gas,925.0,2840.406
GEO,Georgia,2019,hydro,3300.087,8931.7
GEO,Georgia,2019,solar,2.736,3.475
GEO,Georgia,2019,wind_onshore,21.0,84.694
GEO,Georgia,2020,gas,1189.0,2820.8
GEO,Georgia,2020,hydro,3323.087,8248.2
GEO,Georgia,2020,solar,4.656,5.913
GEO,Georgia,2020,wind_onshore,21.0,90.8
GEO,Georgia,2021,gas,1189.0,2379.6
GEO,Georgia,2021,hydro,3354.337,10182.1
GEO,Georgia,2021,solar,18.466,23.452
GEO,Georgia,2021,wind_onshore,21.0,83.4
GEO,Georgia,2022,bio,0.2,
GEO,Georgia,2022,gas,1189.0,2800.0
GEO,Georgia,2022,hydro,3379.04,10771.4
GEO,Georgia,2022,solar,35.256,44.775
GEO,Georgia,2022,wind_onshore,21.02,87.5
GEO,Georgia,2023,bio,0.2,
GEO,Georgia,2023,gas,1189.0,3446.5
GEO,Georgia,2023,hydro,3449.938,10863.2
GEO,Georgia,2023,solar,64.076,0.833
GEO,Georgia,2023,wind_onshore,21.053,86.1
GEO,Georgia,2024,bio,0.2,
GEO,Georgia,2024,gas,1190.0,
GEO,Georgia,2024,hydro,3413.938,
GEO,Georgia,2024,solar,132.606,
GEO,Georgia,2024,wind_onshore,21.053,
GHA,Ghana,2015,bio,8.374,19.4
GHA,Ghana,2015,gas,1241.5,4412.105
GHA,Ghana,2015,hydro,1584.0,5844.304
GHA,Ghana,2015,oil,365.0,1230.859
GHA,Ghana,2015,solar,32.228,13.522
GHA,Ghana,2015,wind_onshore,0.02,0.035
GHA,Ghana,2016,bio,8.374,19.45
GHA,Ghana,2016,gas,1426.5,2760.591
GHA,Ghana,2016,hydro,1584.0,5561.146
GHA,Ghana,2016,oil,762.0,4674.266
GHA,Ghana,2016,solar,36.523,19.491
GHA,Ghana,2016,wind_onshore,0.02,0.035
GHA,Ghana,2017,bio,8.374,19.48
GHA,Ghana,2017,gas,2035.5,4507.031
GHA,Ghana,2017,hydro,1584.0,5615.508
GHA,Ghana,2017,oil,957.0,3917.304
GHA,Ghana,2017,solar,42.309,269.936
GHA,Ghana,2017,wind_onshore,0.02,0.035
GHA,Ghana,2018,bio,8.374,19.72
GHA,Ghana,2018,gas,2132.0,6785.477
GHA,Ghana,2018,hydro,1584.0,6017.37
GHA,Ghana,2018,oil,981.0,3409.95
GHA,Ghana,2018,solar,72.316,41.806
GHA,Ghana,2018,wind_onshore,0.02,0.035
GHA,Ghana,2019,bio,8.374,19.717
GHA,Ghana,2019,gas,2589.0,8242.104
GHA,Ghana,2019,hydro,1584.0,7251.563
GHA,Ghana,2019,oil,884.0,2651.841
GHA,Ghana,2019,solar,83.157,190.284
GHA,Ghana,2019,wind_onshore,0.02,0.035
GHA,Ghana,2020,bio,8.374,19.762
GHA,Ghana,2020,gas,3224.5,12067.051
GHA,Ghana,2020,hydro,1584.09,7293.223
GHA,Ghana,2020,oil,414.0,747.899
GHA,Ghana,2020,solar,107.852,67.904
GHA,Ghana,2020,wind_onshore,0.02,0.035
GHA,Ghana,2021,bio,8.374,19.4
GHA,Ghana,2021,gas,3434.5,13746.609
GHA,Ghana,2021,hydro,1584.09,7520.816
GHA,Ghana,2021,oil,414.0,670.239
GHA,Ghana,2021,solar,165.424,74.259
GHA,Ghana,2021,wind_onshore,0.02,0.035
GHA,Ghana,2022,bio,8.374,19.596
GHA,Ghana,2022,gas,3543.5,14463.092
GHA,Ghana,2022,hydro,1584.09,8191.837
GHA,Ghana,2022,oil,370.0,355.242
GHA,Ghana,2022,solar,168.954,79.167
GHA,Ghana,2022,wind_onshore,0.02,0.035
GHA,Ghana,2023,bio,8.374,19.975
GHA,Ghana,2023,gas,3543.5,14401.398
GHA,Ghana,2023,hydro,1584.09,8192.837
GHA,Ghana,2023,oil,370.0,528.141
GHA,Ghana,2023,solar,187.982,258.841
GHA,Ghana,2023,wind_onshore,0.02,0.035
GHA,Ghana,2024,bio,8.374,
GHA,Ghana,2024,gas,3743.5,
GHA,Ghana,2024,hydro,1584.09,
GHA,Ghana,2024,oil,370.0,
GHA,Ghana,2024,solar,187.982,
GHA,Ghana,2024,wind_onshore,0.02,
GIN,Guinea,2015,hydro,369.22,887.022
GIN,Guinea,2015,oil,235.6,237.622
GIN,Guinea,2015,solar,0.113,0.174
GIN,Guinea,2016,hydro,369.22,1083.836
GIN,Guinea,2016,oil,226.0,511.447
GIN,Guinea,2016,solar,0.267,0.412
GIN,Guinea,2017,hydro,369.22,1212.05
GIN,Guinea,2017,oil,243.0,537.299
GIN,Guinea,2017,solar,0.466,0.718
GIN,Guinea,2018,hydro,369.22,1190.545
GIN,Guinea,2018,oil,247.0,702.157
GIN,Guinea,2018,solar,12.98,20.001
GIN,Guinea,2019,hydro,364.22,1288.619
GIN,Guinea,2019,oil,226.8,740.129
GIN,Guinea,2019,solar,14.094,21.719
GIN,Guinea,2020,hydro,589.22,1493.438
GIN,Guinea,2020,oil,376.0,935.065
GIN,Guinea,2020,solar,14.71,22.668
GIN,Guinea,2021,hydro,814.22,2644.514
GIN,Guinea,2021,oil,428.0,359.136
GIN,Guinea,2021,solar,15.041,23.178
GIN,Guinea,2022,hydro,814.22,2947.024
GIN,Guinea,2022,oil,428.0,306.8
GIN,Guinea,2022,solar,16.139,24.87
GIN,Guinea,2023,hydro,814.22,2947.024
GIN,Guinea,2023,oil,428.0,306.8
GIN,Guinea,2023,solar,16.876,26.006
GIN,Guinea,2024,hydro,814.22,
GIN,Guinea,2024,oil,428.0,
GIN,Guinea,2024,solar,16.876,
GLP,Guadeloupe,2015,bio,30.55,56.299
GLP,Guadeloupe,2015,coal,63.75,406.342
GLP,Guadeloupe,2015,geothermal,14.5,82.828
GLP,Guadeloupe,2015,hydro,8.63,21.142
GLP,Guadeloupe,2015,oil,360.2,1038.724
GLP,Guadeloupe,2015,solar,69.864,101.519
GLP,Guadeloupe,2015,wind_onshore,26.815,51.886
GLP,Guadeloupe,2016,bio,30.55,49.848
GLP,Guadeloupe,2016,coal,63.75,511.802
GLP,Guadeloupe,2016,geothermal,15.0,84.079
GLP,Guadeloupe,2016,hydro,8.63,34.09
GLP,Guadeloupe,2016,oil,359.9,964.501
GLP,Guadeloupe,2016,solar,69.863,93.847
GLP,Guadeloupe,2016,wind_onshore,27.335,53.289
GLP,Guadeloupe,2017,bio,32.05,66.257
GLP,Guadeloupe,2017,coal,63.75,485.237
GLP,Guadeloupe,2017,geothermal,15.0,112.197
GLP,Guadeloupe,2017,hydro,11.03,37.955
GLP,Guadeloupe,2017,oil,337.6,911.46
GLP,Guadeloupe,2017,solar,70.492,93.331
GLP,Guadeloupe,2017,wind_onshore,27.335,51.008
GLP,Guadeloupe,2018,bio,33.45,67.509
GLP,Guadeloupe,2018,coal,63.75,447.195
GLP,Guadeloupe,2018,geothermal,14.7,106.794
GLP,Guadeloupe,2018,hydro,11.03,40.332
GLP,Guadeloupe,2018,oil,337.6,894.765
GLP,Guadeloupe,2018,solar,72.217,98.145
GLP,Guadeloupe,2018,wind_onshore,43.335,52.424
GLP,Guadeloupe,2019,bio,33.45,63.922
GLP,Guadeloupe,2019,coal,63.75,388.924
GLP,Guadeloupe,2019,geothermal,14.5,109.468
GLP,Guadeloupe,2019,hydro,11.03,44.143
GLP,Guadeloupe,2019,oil,337.6,957.276
GLP,Guadeloupe,2019,solar,83.472,102.86
GLP,Guadeloupe,2019,wind_onshore,48.435,62.907
GLP,Guadeloupe,2020,bio,50.45,76.235
GLP,Guadeloupe,2020,coal,46.75,280.349
GLP,Guadeloupe,2020,geothermal,14.5,115.068
GLP,Guadeloupe,2020,hydro,11.03,25.347
GLP,Guadeloupe,2020,oil,301.2,1014.963
GLP,Guadeloupe,2020,solar,87.605,107.2
GLP,Guadeloupe,2020,wind_onshore,42.105,72.889
GLP,Guadeloupe,2021,bio,50.45,247.368
GLP,Guadeloupe,2021,coal,46.75,231.609
GLP,Guadeloupe,2021,geothermal,14.5,84.033
GLP,Guadeloupe,2021,hydro,11.03,11.442
GLP,Guadeloupe,2021,oil,301.2,869.814
GLP,Guadeloupe,2021,solar,89.896,113.803
GLP,Guadeloupe,2021,wind_onshore,52.005,106.68
GLP,Guadeloupe,2022,bio,50.45,237.931
GLP,Guadeloupe,2022,coal,46.75,222.252
GLP,Guadeloupe,2022,geothermal,14.5,96.435
GLP,Guadeloupe,2022,hydro,11.03,12.477
GLP,Guadeloupe,2022,oil,301.2,847.002
GLP,Guadeloupe,2022,solar,93.032,113.537
GLP,Guadeloupe,2022,wind_onshore,56.025,110.927
GLP,Guadeloupe,2023,bio,50.75,262.0
GLP,Guadeloupe,2023,coal,46.75,223.769
GLP,Guadeloupe,2023,geothermal,14.5,111.019
GLP,Guadeloupe,2023,hydro,11.03,11.898
GLP,Guadeloupe,2023,oil,301.2,856.903
GLP,Guadeloupe,2023,solar,95.0,112.04
GLP,Guadeloupe,2023,wind_onshore,56.025,96.528
GLP,Guadeloupe,2024,bio,50.75,
GLP,Guadeloupe,2024,coal,46.75,
GLP,Guadeloupe,2024,geothermal,14.5,
GLP,Guadeloupe,2024,hydro,11.03,
GLP,Guadeloupe,2024,oil,301.2,
GLP,Guadeloupe,2024,solar,95.0,
GLP,Guadeloupe,2024,wind_onshore,57.025,
GMB,Gambia (the),2015,oil,64.2,282.764
GMB,Gambia (the),2015,solar,0.504,0.795
GMB,Gambia (the),2015,wind_onshore,1.214,2.128
GMB,Gambia (the),2016,oil,64.2,298.537
GMB,Gambia (the),2016,solar,0.975,1.545
GMB,Gambia (the),2016,wind_onshore,1.214,2.128
GMB,Gambia (the),2017,oil,64.2,237.683
GMB,Gambia (the),2017,solar,1.286,2.041
GMB,Gambia (the),2017,wind_onshore,1.214,2.128
GMB,Gambia (the),2018,oil,141.8,289.318
GMB,Gambia (the),2018,solar,1.325,2.102
GMB,Gambia (the),2018,wind_onshore,1.214,2.128
GMB,Gambia (the),2019,oil,141.8,337.013
GMB,Gambia (the),2019,solar,1.829,2.879
GMB,Gambia (the),2019,wind_onshore,1.214,2.128
GMB,Gambia (the),2020,oil,141.8,358.692
GMB,Gambia (the),2020,solar,1.819,2.864
GMB,Gambia (the),2020,wind_onshore,1.214,2.128
GMB,Gambia (the),2021,oil,159.8,382.557
GMB,Gambia (the),2021,solar,1.806,2.781
GMB,Gambia (the),2021,wind_onshore,1.214,2.128
GMB,Gambia (the),2022,oil,159.8,432.007
GMB,Gambia (the),2022,solar,1.722,2.652
GMB,Gambia (the),2022,wind_onshore,1.214,2.128
GMB,Gambia (the),2023,oil,159.8,469.894
GMB,Gambia (the),2023,solar,1.73,2.665
GMB,Gambia (the),2023,wind_onshore,1.214,2.128
GMB,Gambia (the),2024,oil,159.8,
GMB,Gambia (the),2024,solar,24.73,
GMB,Gambia (the),2024,wind_onshore,1.214,
GNB,Guinea-Bissau,2015,oil,28.0,25.55
GNB,Guinea-Bissau,2015,solar,0.185,0.299
GNB,Guinea-Bissau,2016,oil,28.0,24.784
GNB,Guinea-Bissau,2016,solar,0.702,1.134
GNB,Guinea-Bissau,2017,oil,28.0,24.784
GNB,Guinea-Bissau,2017,solar,0.947,1.53
GNB,Guinea-Bissau,2018,oil,28.0,24.784
GNB,Guinea-Bissau,2018,solar,1.828,2.952
GNB,Guinea-Bissau,2019,oil,28.0,24.784
GNB,Guinea-Bissau,2019,solar,1.824,2.946
GNB,Guinea-Bissau,2020,oil,28.0,24.784
GNB,Guinea-Bissau,2020,solar,1.763,2.847
GNB,Guinea-Bissau,2021,oil,28.0,24.784
GNB,Guinea-Bissau,2021,solar,2.053,3.316
GNB,Guinea-Bissau,2022,oil,28.0,24.784
GNB,Guinea-Bissau,2022,solar,1.805,2.914
GNB,Guinea-Bissau,2023,oil,28.0,24.784
GNB,Guinea-Bissau,2023,solar,1.98,3.197
GNB,Guinea-Bissau,2024,oil,28.0,
GNB,Guinea-Bissau,2024,solar,1.98,
GNQ,Equatorial Guinea,2015,gas,154.2,823.0
GNQ,Equatorial Guinea,2015,hydro,125.6,467.0
GNQ,Equatorial Guinea,2015,oil,68.0,9.0
GNQ,Equatorial Guinea,2016,gas,154.2,918.0
GNQ,Equatorial Guinea,2016,hydro,125.6,471.0
GNQ,Equatorial Guinea,2016,oil,92.0,9.0
GNQ,Equatorial Guinea,2016,solar,0.16,0.197
GNQ,Equatorial Guinea,2017,gas,154.2,887.0
GNQ,Equatorial Guinea,2017,hydro,125.6,438.0
GNQ,Equatorial Guinea,2017,oil,116.0,9.0
GNQ,Equatorial Guinea,2017,solar,0.354,0.436
GNQ,Equatorial Guinea,2018,gas,156.0,903.0
GNQ,Equatorial Guinea,2018,hydro,127.14,443.0
GNQ,Equatorial Guinea,2018,oil,117.971,9.0
GNQ,Equatorial Guinea,2018,solar,0.354,0.436
GNQ,Equatorial Guinea,2019,gas,156.0,561.253
GNQ,Equatorial Guinea,2019,hydro,127.14,476.775
GNQ,Equatorial Guinea,2019,oil,117.971,5.261
GNQ,Equatorial Guinea,2019,solar,0.336,0.413
GNQ,Equatorial Guinea,2020,gas,156.0,587.704
GNQ,Equatorial Guinea,2020,hydro,127.14,489.062
GNQ,Equatorial Guinea,2020,oil,117.971,5.016
GNQ,Equatorial Guinea,2020,solar,0.325,0.4
GNQ,Equatorial Guinea,2021,gas,156.0,600.485
GNQ,Equatorial Guinea,2021,hydro,127.14,470.171
GNQ,Equatorial Guinea,2021,oil,117.971,6.332
GNQ,Equatorial Guinea,2021,solar,0.189,0.233
GNQ,Equatorial Guinea,2022,gas,156.0,612.307
GNQ,Equatorial Guinea,2022,hydro,127.14,471.011
GNQ,Equatorial Guinea,2022,oil,117.971,6.457
GNQ,Equatorial Guinea,2022,solar,0.006,0.007
GNQ,Equatorial Guinea,2023,gas,156.0,653.573
GNQ,Equatorial Guinea,2023,hydro,127.14,347.679
GNQ,Equatorial Guinea,2023,oil,117.971,6.892
GNQ,Equatorial Guinea,2023,solar,0.006,0.007
GNQ,Equatorial Guinea,2024,gas,156.0,
GNQ,Equatorial Guinea,2024,hydro,127.14,
GNQ,Equatorial Guinea,2024,oil,117.971,
GNQ,Equatorial Guinea,2024,solar,0.006,
GRC,Greece,2015,bio,51.0,231.0
GRC,Greece,2015,coal,,22107.0
GRC,Greece,2015,fossil_nes,10761.0,
GRC,Greece,2015,gas,,9090.0
GRC,Greece,2015,hydro,3392.0,6098.194
GRC,Greece,2015,oil,,5663.0
GRC,Greece,2015,other,43.0,112.0
GRC,Greece,2015,pumped,,52.126
GRC,Greece,2015,solar,2604.0,3899.636
GRC,Greece,2015,wind_onshore,2091.0,4621.019
GRC,Greece,2016,bio,58.0,274.584
GRC,Greece,2016,coal,,18883.0
GRC,Greece,2016,fossil_nes,10698.0,
GRC,Greece,2016,gas,,14868.0
GRC,Greece,2016,hydro,3392.0,5542.638
GRC,Greece,2016,oil,,5565.0
GRC,Greece,2016,other,43.0,207.0
GRC,Greece,2016,pumped,,22.455
GRC,Greece,2016,solar,2604.0,3929.716
GRC,Greece,2016,wind_onshore,2370.0,5145.896
GRC,Greece,2017,bio,64.08,310.028
GRC,Greece,2017,coal,,18765.0
GRC,Greece,2017,fossil_nes,10697.04,
GRC,Greece,2017,gas,,17113.041
GRC,Greece,2017,hydro,3392.0,3962.547
GRC,Greece,2017,oil,,5509.75
GRC,Greece,2017,other,43.0,
GRC,Greece,2017,pumped,,77.259
GRC,Greece,2017,solar,2551.539,3991.477
GRC,Greece,2017,wind_onshore,2624.0,5536.987
GRC,Greece,2018,bio,82.03,314.07
GRC,Greece,2018,coal,,17185.155
GRC,Greece,2018,fossil_nes,10524.49,
GRC,Greece,2018,gas,,14080.102
GRC,Greece,2018,hydro,3409.0,5743.448
GRC,Greece,2018,oil,,5546.506
GRC,Greece,2018,other,43.0,286.14
GRC,Greece,2018,pumped,,16.453
GRC,Greece,2018,solar,2591.03,3790.652
GRC,Greece,2018,wind_onshore,2877.495,6300.259
GRC,Greece,2019,bio,87.873,402.207
GRC,Greece,2019,coal,,12123.557
GRC,Greece,2019,fossil_nes,10523.257,
GRC,Greece,2019,gas,,14495.731
GRC,Greece,2019,hydro,3412.0,3999.598
GRC,Greece,2019,oil,,5569.184
GRC,Greece,2019,other,43.0,289.74
GRC,Greece,2019,pumped,,51.297
GRC,Greece,2019,solar,2753.803,4428.51
GRC,Greece,2019,wind_onshore,3589.0,7266.347
GRC,Greece,2020,bio,97.408,453.554
GRC,Greece,2020,coal,,6605.0
GRC,Greece,2020,fossil_nes,9850.259,
GRC,Greece,2020,gas,,19228.167
GRC,Greece,2020,hydro,3417.0,3343.687
GRC,Greece,2020,oil,,4727.582
GRC,Greece,2020,other,43.0,40.32
GRC,Greece,2020,pumped,,96.616
GRC,Greece,2020,solar,3173.725,4446.854
GRC,Greece,2020,wind_onshore,4119.25,9310.104
GRC,Greece,2021,bio,108.507,499.205
GRC,Greece,2021,coal,,5317.801
GRC,Greece,2021,fossil_nes,9458.261,
GRC,Greece,2021,gas,,22488.0
GRC,Greece,2021,hydro,3421.0,5903.466
GRC,Greece,2021,oil,,4672.698
GRC,Greece,2021,other,43.0,42.027
GRC,Greece,2021,pumped,,57.973
GRC,Greece,2021,solar,4073.4,5250.978
GRC,Greece,2021,wind_onshore,4649.13,10482.981
GRC,Greece,2022,bio,127.524,568.604
GRC,Greece,2022,coal,,5756.805
GRC,Greece,2022,fossil_nes,10264.0,
GRC,Greece,2022,gas,,19142.093
GRC,Greece,2022,hydro,3421.0,3855.192
GRC,Greece,2022,oil,,5124.658
GRC,Greece,2022,other,43.0,55.13
GRC,Greece,2022,pumped,,144.608
GRC,Greece,2022,solar,5104.078,7139.714
GRC,Greece,2022,wind_onshore,4702.33,10883.25
GRC,Greece,2023,bio,138.227,654.851
GRC,Greece,2023,coal,,4590.612
GRC,Greece,2023,fossil_nes,10271.996,
GRC,Greece,2023,gas,,15979.114
GRC,Greece,2023,hydro,3459.0,3815.328
GRC,Greece,2023,oil,,4689.45
GRC,Greece,2023,other,43.0,42.8
GRC,Greece,2023,pumped,,229.142
GRC,Greece,2023,solar,6688.703,8893.572
GRC,Greece,2023,wind_onshore,5231.703,11021.764
GRC,Greece,2024,bio,168.227,
GRC,Greece,2024,fossil_nes,9421.996,
GRC,Greece,2024,hydro,3437.0,
GRC,Greece,2024,other,43.0,
GRC,Greece,2024,solar,9268.653,
GRC,Greece,2024,wind_onshore,5357.203,
GRD,Grenada,2015,oil,52.3,205.629
GRD,Grenada,2015,solar,1.023,1.337
GRD,Grenada,2015,wind_onshore,0.08,0.224
GRD,Grenada,2016,oil,52.3,216.195
GRD,Grenada,2016,solar,2.185,2.313
GRD,Grenada,2016,wind_onshore,0.08,0.224
GRD,Grenada,2017,oil,52.3,221.763
GRD,Grenada,2017,solar,2.282,3.085
GRD,Grenada,2017,wind_onshore,0.08,0.224
GRD,Grenada,2018,oil,54.3,229.231
GRD,Grenada,2018,solar,2.655,3.368
GRD,Grenada,2018,wind_onshore,0.08,0.224
GRD,Grenada,2019,oil,54.3,239.14
GRD,Grenada,2019,solar,3.274,3.734
GRD,Grenada,2019,wind_onshore,0.08,0.224
GRD,Grenada,2020,oil,52.3,222.727
GRD,Grenada,2020,solar,3.6,4.253
GRD,Grenada,2020,wind_onshore,0.08,0.224
GRD,Grenada,2021,oil,56.0,228.913
GRD,Grenada,2021,solar,3.654,4.373
GRD,Grenada,2021,wind_onshore,0.08,0.224
GRD,Grenada,2022,oil,56.0,247.647
GRD,Grenada,2022,solar,3.654,4.173
GRD,Grenada,2022,wind_onshore,0.08,0.224
GRD,Grenada,2023,oil,56.0,264.237
GRD,Grenada,2023,solar,3.78,4.316
GRD,Grenada,2023,wind_onshore,0.08,0.224
GRD,Grenada,2024,oil,66.0,
GRD,Grenada,2024,solar,3.78,
GRD,Grenada,2024,wind_onshore,0.08,
GRL,Greenland,2015,bio,0.58,13.544
GRL,Greenland,2015,hydro,91.3,422.857
GRL,Greenland,2015,oil,96.0,129.347
GRL,Greenland,2015,other,0.58,13.544
GRL,Greenland,2016,bio,0.58,13.028
GRL,Greenland,2016,hydro,91.3,400.912
GRL,Greenland,2016,oil,96.0,122.814
GRL,Greenland,2016,other,0.58,13.028
GRL,Greenland,2017,bio,0.58,13.01
GRL,Greenland,2017,hydro,91.3,388.397
GRL,Greenland,2017,oil,96.0,148.996
GRL,Greenland,2017,other,0.58,13.01
GRL,Greenland,2018,bio,0.58,13.961
GRL,Greenland,2018,hydro,91.3,417.791
GRL,Greenland,2018,oil,96.0,149.424
GRL,Greenland,2018,other,0.58,13.961
GRL,Greenland,2018,solar,0.139,0.122
GRL,Greenland,2018,wind_onshore,0.05,0.088
GRL,Greenland,2019,bio,0.58,14.696
GRL,Greenland,2019,hydro,91.3,408.814
GRL,Greenland,2019,oil,96.0,126.807
GRL,Greenland,2019,other,0.58,14.696
GRL,Greenland,2019,solar,0.139,0.122
GRL,Greenland,2019,wind_onshore,0.05,0.088
GRL,Greenland,2020,bio,0.58,14.253
GRL,Greenland,2020,hydro,91.3,430.499
GRL,Greenland,2020,oil,96.0,139.461
GRL,Greenland,2020,other,0.58,14.253
GRL,Greenland,2020,solar,0.341,0.299
GRL,Greenland,2020,wind_onshore,0.05,0.088
GRL,Greenland,2021,bio,0.58,14.184
GRL,Greenland,2021,hydro,91.3,432.601
GRL,Greenland,2021,oil,96.0,119.122
GRL,Greenland,2021,other,0.58,14.184
GRL,Greenland,2021,solar,0.59,0.517
GRL,Greenland,2021,wind_onshore,0.05,0.088
GRL,Greenland,2022,bio,0.58,12.186
GRL,Greenland,2022,hydro,91.3,466.65
GRL,Greenland,2022,oil,96.0,123.776
GRL,Greenland,2022,other,0.58,12.186
GRL,Greenland,2022,solar,0.62,0.543
GRL,Greenland,2022,wind_onshore,0.056,0.098
GRL,Greenland,2023,bio,0.58,10.582
GRL,Greenland,2023,hydro,91.3,480.345
GRL,Greenland,2023,oil,96.0,137.143
GRL,Greenland,2023,other,0.58,10.582
GRL,Greenland,2023,solar,0.62,0.558
GRL,Greenland,2023,wind_onshore,0.056,0.245
GRL,Greenland,2024,bio,0.58,
GRL,Greenland,2024,hydro,91.3,
GRL,Greenland,2024,oil,96.0,
GRL,Greenland,2024,other,0.58,
GRL,Greenland,2024,solar,0.725,
GRL,Greenland,2024,wind_onshore,0.071,
GTM,Guatemala,2015,bio,877.909,2690.293
GTM,Guatemala,2015,coal,572.2,2923.194
GTM,Guatemala,2015,geothermal,49.2,251.535
GTM,Guatemala,2015,hydro,1087.48,3851.792
GTM,Guatemala,2015,oil,983.012,1419.044
GTM,Guatemala,2015,solar,85.16,160.801
GTM,Guatemala,2015,wind_onshore,75.9,107.292
GTM,Guatemala,2016,bio,992.209,2875.632
GTM,Guatemala,2016,coal,636.4,2856.75
GTM,Guatemala,2016,geothermal,49.2,289.14
GTM,Guatemala,2016,hydro,1392.891,3951.29
GTM,Guatemala,2016,oil,975.012,1595.88
GTM,Guatemala,2016,solar,85.222,192.067
GTM,Guatemala,2016,wind_onshore,75.9,215.07
GTM,Guatemala,2017,bio,1027.671,2180.951
GTM,Guatemala,2017,coal,636.4,3059.52
GTM,Guatemala,2017,geothermal,49.2,253.048
GTM,Guatemala,2017,hydro,1438.323,5765.328
GTM,Guatemala,2017,oil,755.508,400.52
GTM,Guatemala,2017,solar,92.949,198.669
GTM,Guatemala,2017,wind_onshore,75.9,218.055
GTM,Guatemala,2018,bio,1080.72,2949.718
GTM,Guatemala,2018,coal,489.2,3902.717
GTM,Guatemala,2018,geothermal,49.2,249.754
GTM,Guatemala,2018,hydro,1502.459,5190.985
GTM,Guatemala,2018,oil,755.508,888.9
GTM,Guatemala,2018,solar,92.985,208.961
GTM,Guatemala,2018,wind_onshore,107.4,319.501
GTM,Guatemala,2019,bio,1035.72,3460.791
GTM,Guatemala,2019,coal,489.2,3900.487
GTM,Guatemala,2019,gas,,0.008
GTM,Guatemala,2019,geothermal,52.0,262.137
GTM,Guatemala,2019,hydro,1575.099,4381.129
GTM,Guatemala,2019,oil,755.508,1246.836
GTM,Guatemala,2019,solar,93.146,234.191
GTM,Guatemala,2019,wind_onshore,107.4,330.777
GTM,Guatemala,2020,bio,1035.72,2515.998
GTM,Guatemala,2020,coal,489.2,1857.198
GTM,Guatemala,2020,gas,4.0,5.698
GTM,Guatemala,2020,geothermal,49.2,273.856
GTM,Guatemala,2020,hydro,1577.849,5816.538
GTM,Guatemala,2020,oil,755.508,886.652
GTM,Guatemala,2020,solar,93.656,222.412
GTM,Guatemala,2020,wind_onshore,107.4,312.684
GTM,Guatemala,2021,bio,870.02,2602.577
GTM,Guatemala,2021,coal,489.2,2870.3
GTM,Guatemala,2021,gas,4.0,13.898
GTM,Guatemala,2021,geothermal,49.2,264.968
GTM,Guatemala,2021,hydro,1572.31,5960.293
GTM,Guatemala,2021,oil,628.54,535.27
GTM,Guatemala,2021,solar,93.793,230.606
GTM,Guatemala,2021,wind_onshore,107.4,323.795
GTM,Guatemala,2022,bio,870.02,2094.191
GTM,Guatemala,2022,coal,489.2,1359.239
GTM,Guatemala,2022,gas,4.0,9.239
GTM,Guatemala,2022,geothermal,49.2,281.989
GTM,Guatemala,2022,hydro,1574.11,6942.219
GTM,Guatemala,2022,oil,628.54,1239.658
GTM,Guatemala,2022,solar,97.059,220.805
GTM,Guatemala,2022,wind_onshore,107.4,313.795
GTM,Guatemala,2023,bio,870.02,2686.411
GTM,Guatemala,2023,coal,489.2,2306.246
GTM,Guatemala,2023,gas,4.0,
GTM,Guatemala,2023,geothermal,49.2,285.438
GTM,Guatemala,2023,hydro,1575.11,5571.879
GTM,Guatemala,2023,oil,628.54,1820.484
GTM,Guatemala,2023,solar,101.896,246.721
GTM,Guatemala,2023,wind_onshore,107.4,343.957
GTM,Guatemala,2024,bio,870.02,
GTM,Guatemala,2024,coal,489.2,
GTM,Guatemala,2024,gas,4.0,
GTM,Guatemala,2024,geothermal,49.2,
GTM,Guatemala,2024,hydro,1575.11,
GTM,Guatemala,2024,oil,628.54,
GTM,Guatemala,2024,solar,101.896,
GTM,Guatemala,2024,wind_onshore,107.4,
GUF,French Guiana,2015,bio,1.976,12.0
GUF,French Guiana,2015,hydro,120.18,493.0
GUF,French Guiana,2015,oil,175.555,377.0
GUF,French Guiana,2015,solar,51.063,54.0
GUF,French Guiana,2016,bio,1.976,11.776
GUF,French Guiana,2016,hydro,120.18,435.306
GUF,French Guiana,2016,oil,191.555,413.113
GUF,French Guiana,2016,solar,51.063,52.175
GUF,French Guiana,2017,bio,1.976,10.369
GUF,French Guiana,2017,hydro,120.18,563.887
GUF,French Guiana,2017,oil,191.669,296.91
GUF,French Guiana,2017,solar,51.119,51.847
GUF,French Guiana,2018,bio,1.976,10.519
GUF,French Guiana,2018,hydro,120.18,535.831
GUF,French Guiana,2018,oil,191.669,328.847
GUF,French Guiana,2018,solar,51.119,51.374
GUF,French Guiana,2019,bio,1.976,9.915
GUF,French Guiana,2019,hydro,120.18,408.996
GUF,French Guiana,2019,oil,191.669,475.871
GUF,French Guiana,2019,solar,53.842,50.546
GUF,French Guiana,2020,bio,1.976,8.74
GUF,French Guiana,2020,hydro,120.18,432.597
GUF,French Guiana,2020,oil,205.669,452.679
GUF,French Guiana,2020,solar,54.996,55.224
GUF,French Guiana,2021,bio,10.076,37.334
GUF,French Guiana,2021,hydro,120.18,581.518
GUF,French Guiana,2021,oil,205.669,291.931
GUF,French Guiana,2021,solar,55.272,56.253
GUF,French Guiana,2022,bio,10.076,41.822
GUF,French Guiana,2022,hydro,120.18,591.388
GUF,French Guiana,2022,oil,205.669,265.342
GUF,French Guiana,2022,solar,55.272,47.81
GUF,French Guiana,2023,bio,15.576,55.448
GUF,French Guiana,2023,hydro,120.18,520.131
GUF,French Guiana,2023,oil,205.669,335.13
GUF,French Guiana,2023,solar,55.272,60.806
GUF,French Guiana,2024,bio,16.85,
GUF,French Guiana,2024,hydro,120.18,
GUF,French Guiana,2024,oil,205.669,
GUF,French Guiana,2024,solar,55.272,
GUM,Guam,2015,oil,489.2,1686.96
GUM,Guam,2015,solar,31.95,30.88
GUM,Guam,2016,oil,436.0,1679.439
GUM,Guam,2016,solar,34.65,66.343
GUM,Guam,2016,wind_onshore,0.275,0.417
GUM,Guam,2017,oil,490.0,1704.838
GUM,Guam,2017,solar,36.3,62.632
GUM,Guam,2017,wind_onshore,0.275,0.5
GUM,Guam,2018,oil,490.0,1664.76
GUM,Guam,2018,solar,38.08,74.197
GUM,Guam,2018,wind_onshore,0.275,0.5
GUM,Guam,2019,oil,420.0,1661.25
GUM,Guam,2019,solar,39.73,77.197
GUM,Guam,2019,wind_onshore,0.275,0.5
GUM,Guam,2020,oil,420.0,1637.877
GUM,Guam,2020,solar,41.38,80.197
GUM,Guam,2020,wind_onshore,0.275,0.5
GUM,Guam,2021,oil,420.0,1654.938
GUM,Guam,2021,solar,43.03,83.196
GUM,Guam,2021,wind_onshore,0.275,0.5
GUM,Guam,2022,oil,420.0,1561.499
GUM,Guam,2022,solar,104.68,140.736
GUM,Guam,2022,wind_onshore,0.275,0.5
GUM,Guam,2023,oil,420.0,1488.304
GUM,Guam,2023,solar,104.797,140.949
GUM,Guam,2023,wind_onshore,0.275,0.5
GUM,Guam,2024,oil,440.0,
GUM,Guam,2024,solar,104.797,
GUM,Guam,2024,wind_onshore,0.275,
GUY,Guyana,2015,bio,44.787,42.553
GUY,Guyana,2015,hydro,2.33,6.258
GUY,Guyana,2015,oil,261.627,972.739
GUY,Guyana,2015,solar,1.881,2.727
GUY,Guyana,2015,wind_onshore,0.04,0.105
GUY,Guyana,2016,bio,44.787,35.824
GUY,Guyana,2016,hydro,2.33,6.258
GUY,Guyana,2016,oil,272.877,1057.409
GUY,Guyana,2016,solar,2.326,3.072
GUY,Guyana,2016,wind_onshore,0.04,0.105
GUY,Guyana,2017,bio,44.787,28.205
GUY,Guyana,2017,hydro,2.33,6.258
GUY,Guyana,2017,oil,272.877,1083.909
GUY,Guyana,2017,solar,3.428,4.201
GUY,Guyana,2017,wind_onshore,0.04,0.105
GUY,Guyana,2018,bio,44.787,18.536
GUY,Guyana,2018,hydro,2.33,6.258
GUY,Guyana,2018,oil,272.877,1114.838
GUY,Guyana,2018,solar,5.843,6.768
GUY,Guyana,2018,wind_onshore,0.04,0.105
GUY,Guyana,2019,bio,44.787,17.106
GUY,Guyana,2019,hydro,2.35,6.312
GUY,Guyana,2019,oil,271.977,1113.5
GUY,Guyana,2019,solar,7.111,9.457
GUY,Guyana,2019,wind_onshore,0.04,0.105
GUY,Guyana,2020,bio,44.787,19.094
GUY,Guyana,2020,hydro,2.35,6.312
GUY,Guyana,2020,oil,272.477,1110.5
GUY,Guyana,2020,solar,7.323,10.537
GUY,Guyana,2020,wind_onshore,0.04,0.105
GUY,Guyana,2021,bio,44.787,29.031
GUY,Guyana,2021,hydro,2.35,6.312
GUY,Guyana,2021,oil,318.977,1115.553
GUY,Guyana,2021,solar,7.145,10.562
GUY,Guyana,2021,wind_onshore,0.04,0.105
GUY,Guyana,2022,bio,44.787,24.874
GUY,Guyana,2022,hydro,2.35,6.312
GUY,Guyana,2022,oil,318.977,1117.942
GUY,Guyana,2022,solar,12.619,14.428
GUY,Guyana,2022,wind_onshore,0.04,0.105
GUY,Guyana,2023,bio,44.787,21.784
GUY,Guyana,2023,hydro,2.35,6.312
GUY,Guyana,2023,oil,318.977,1152.666
GUY,Guyana,2023,solar,17.266,21.816
GUY,Guyana,2023,wind_onshore,0.04,0.105
GUY,Guyana,2024,bio,44.787,
GUY,Guyana,2024,hydro,3.05,
GUY,Guyana,2024,oil,318.977,
GUY,Guyana,2024,solar,17.486,
GUY,Guyana,2024,wind_onshore,0.04,
HKG,"China, Hong Kong Special Administrative Region",2015,bio,,28.929
HKG,"China, Hong Kong Special Administrative Region",2015,coal,6146.9,25815.0
HKG,"China, Hong Kong Special Administrative Region",2015,gas,3323.6,11900.0
HKG,"China, Hong Kong Special Administrative Region",2015,hydro,0.5,1.708
HKG,"China, Hong Kong Special Administrative Region",2015,oil,3154.5,206.0
HKG,"China, Hong Kong Special Administrative Region",2015,solar,,3.958
HKG,"China, Hong Kong Special Administrative Region",2015,wind_onshore,,1.08
HKG,"China, Hong Kong Special Administrative Region",2016,bio,,49.612
HKG,"China, Hong Kong Special Administrative Region",2016,coal,6146.9,24384.0
HKG,"China, Hong Kong Special Administrative Region",2016,gas,3323.6,13419.0
HKG,"China, Hong Kong Special Administrative Region",2016,hydro,0.5,1.708
HKG,"China, Hong Kong Special Administrative Region",2016,oil,1197.5,343.0
HKG,"China, Hong Kong Special Administrative Region",2016,solar,,4.345
HKG,"China, Hong Kong Special Administrative Region",2016,wind_onshore,,0.793
HKG,"China, Hong Kong Special Administrative Region",2017,bio,44.613,88.784
HKG,"China, Hong Kong Special Administrative Region",2017,coal,5896.9,22955.0
HKG,"China, Hong Kong Special Administrative Region",2017,gas,3323.6,13569.0
HKG,"China, Hong Kong Special Administrative Region",2017,hydro,0.5,2.848
HKG,"China, Hong Kong Special Administrative Region",2017,oil,1289.5,387.0
HKG,"China, Hong Kong Special Administrative Region",2017,solar,1.0,5.894
HKG,"China, Hong Kong Special Administrative Region",2017,wind_onshore,0.803,1.127
HKG,"China, Hong Kong Special Administrative Region",2018,bio,44.613,89.808
HKG,"China, Hong Kong Special Administrative Region",2018,coal,5646.9,23037.0
HKG,"China, Hong Kong Special Administrative Region",2018,gas,3323.6,13157.0
HKG,"China, Hong Kong Special Administrative Region",2018,hydro,0.5,3.07
HKG,"China, Hong Kong Special Administrative Region",2018,oil,1329.5,264.0
HKG,"China, Hong Kong Special Administrative Region",2018,solar,1.0,6.458
HKG,"China, Hong Kong Special Administrative Region",2018,wind_onshore,0.803,1.043
HKG,"China, Hong Kong Special Administrative Region",2019,bio,52.256,93.067
HKG,"China, Hong Kong Special Administrative Region",2019,coal,5646.9,22655.0
HKG,"China, Hong Kong Special Administrative Region",2019,gas,3323.6,13953.0
HKG,"China, Hong Kong Special Administrative Region",2019,hydro,0.5,3.077
HKG,"China, Hong Kong Special Administrative Region",2019,oil,1272.5,167.0
HKG,"China, Hong Kong Special Administrative Region",2019,solar,89.0,15.699
HKG,"China, Hong Kong Special Administrative Region",2019,wind_onshore,0.803,0.988
HKG,"China, Hong Kong Special Administrative Region",2020,bio,52.256,114.057
HKG,"China, Hong Kong Special Administrative Region",2020,coal,5646.9,12129.25
HKG,"China, Hong Kong Special Administrative Region",2020,gas,4253.6,22724.83
HKG,"China, Hong Kong Special Administrative Region",2020,hydro,0.5,1.512
HKG,"China, Hong Kong Special Administrative Region",2020,oil,596.7,150.0
HKG,"China, Hong Kong Special Administrative Region",2020,solar,91.0,52.235
HKG,"China, Hong Kong Special Administrative Region",2020,wind_onshore,0.803,1.026
HKG,"China, Hong Kong Special Administrative Region",2021,bio,52.256,141.05
HKG,"China, Hong Kong Special Administrative Region",2021,coal,5646.9,13497.38
HKG,"China, Hong Kong Special Administrative Region",2021,gas,4253.6,23100.12
HKG,"China, Hong Kong Special Administrative Region",2021,hydro,0.5,1.512
HKG,"China, Hong Kong Special Administrative Region",2021,oil,850.9,200.0
HKG,"China, Hong Kong Special Administrative Region",2021,solar,95.341,120.359
HKG,"China, Hong Kong Special Administrative Region",2021,wind_onshore,0.803,0.832
HKG,"China, Hong Kong Special Administrative Region",2022,bio,58.203,149.583
HKG,"China, Hong Kong Special Administrative Region",2022,coal,5419.0,12758.38
HKG,"China, Hong Kong Special Administrative Region",2022,gas,4313.0,22871.82
HKG,"China, Hong Kong Special Administrative Region",2022,hydro,0.66,1.638
HKG,"China, Hong Kong Special Administrative Region",2022,oil,851.0,177.36
HKG,"China, Hong Kong Special Administrative Region",2022,solar,184.8,210.23
HKG,"China, Hong Kong Special Administrative Region",2022,wind_onshore,0.8,0.909
HKG,"China, Hong Kong Special Administrative Region",2023,bio,58.203,149.583
HKG,"China, Hong Kong Special Administrative Region",2023,coal,5419.0,12758.38
HKG,"China, Hong Kong Special Administrative Region",2023,gas,4313.0,22871.82
HKG,"China, Hong Kong Special Administrative Region",2023,hydro,0.66,1.638
HKG,"China, Hong Kong Special Administrative Region",2023,oil,851.0,177.36
HKG,"China, Hong Kong Special Administrative Region",2023,solar,333.1,210.23
HKG,"China, Hong Kong Special Administrative Region",2023,wind_onshore,0.8,0.909
HKG,"China, Hong Kong Special Administrative Region",2024,bio,58.203,
HKG,"China, Hong Kong Special Administrative Region",2024,coal,5419.0,
HKG,"China, Hong Kong Special Administrative Region",2024,gas,4913.0,
HKG,"China, Hong Kong Special Administrative Region",2024,hydro,0.66,
HKG,"China, Hong Kong Special Administrative Region",2024,oil,851.0,
HKG,"China, Hong Kong Special Administrative Region",2024,solar,333.1,
HKG,"China, Hong Kong Special Administrative Region",2024,wind_onshore,0.8,
HND,Honduras,2015,bio,168.914,542.158
HND,Honduras,2015,coal,64.8,94.758
HND,Honduras,2015,hydro,638.14,2358.281
HND,Honduras,2015,oil,860.3,4704.785
HND,Honduras,2015,solar,396.156,429.92
HND,Honduras,2015,wind_onshore,155.9,668.061
HND,Honduras,2016,bio,213.184,751.809
HND,Honduras,2016,coal,64.8,36.916
HND,Honduras,2016,hydro,677.01,2240.842
HND,Honduras,2016,oil,925.8,4859.048
HND,Honduras,2016,solar,412.13,889.281
HND,Honduras,2016,wind_onshore,178.9,586.298
HND,Honduras,2017,bio,213.184,805.986
HND,Honduras,2017,coal,64.8,1.955
HND,Honduras,2017,geothermal,35.0,92.585
HND,Honduras,2017,hydro,682.42,2970.081
HND,Honduras,2017,oil,953.8,4162.678
HND,Honduras,2017,solar,454.609,929.342
HND,Honduras,2017,wind_onshore,228.9,580.15
HND,Honduras,2018,bio,213.184,723.751
HND,Honduras,2018,coal,43.8,
HND,Honduras,2018,geothermal,35.0,297.068
HND,Honduras,2018,hydro,706.54,3239.126
HND,Honduras,2018,oil,996.35,3758.103
HND,Honduras,2018,pumped,6.0,19.789
HND,Honduras,2018,solar,514.521,998.501
HND,Honduras,2018,wind_onshore,228.9,930.529
HND,Honduras,2019,bio,224.854,965.186
HND,Honduras,2019,geothermal,35.0,295.918
HND,Honduras,2019,hydro,729.63,2420.971
HND,Honduras,2019,oil,1027.1,4896.849
HND,Honduras,2019,pumped,6.0,9.023
HND,Honduras,2019,solar,517.952,1126.614
HND,Honduras,2019,wind_onshore,238.9,819.374
HND,Honduras,2020,bio,224.854,710.955
HND,Honduras,2020,geothermal,39.0,306.988
HND,Honduras,2020,hydro,837.53,2697.034
HND,Honduras,2020,oil,1018.9,4451.245
HND,Honduras,2020,pumped,6.0,9.903
HND,Honduras,2020,solar,525.076,1066.858
HND,Honduras,2020,wind_onshore,238.9,710.619
HND,Honduras,2021,bio,224.854,803.852
HND,Honduras,2021,geothermal,39.0,348.197
HND,Honduras,2021,hydro,849.63,3760.175
HND,Honduras,2021,oil,1018.9,4250.127
HND,Honduras,2021,pumped,6.0,16.545
HND,Honduras,2021,solar,528.712,1087.598
HND,Honduras,2021,wind_onshore,238.9,778.078
HND,Honduras,2022,bio,224.854,805.442
HND,Honduras,2022,geothermal,39.0,337.186
HND,Honduras,2022,hydro,909.63,3878.427
HND,Honduras,2022,oil,1098.9,4536.614
HND,Honduras,2022,pumped,6.0,15.578
HND,Honduras,2022,solar,528.812,974.831
HND,Honduras,2022,wind_onshore,238.9,689.213
HND,Honduras,2023,bio,224.854,828.665
HND,Honduras,2023,geothermal,39.0,291.474
HND,Honduras,2023,hydro,909.63,3210.475
HND,Honduras,2023,oil,1107.4,5632.289
HND,Honduras,2023,pumped,6.0,7.349
HND,Honduras,2023,solar,528.812,1022.105
HND,Honduras,2023,wind_onshore,238.9,772.679
HND,Honduras,2024,bio,224.854,
HND,Honduras,2024,geothermal,39.0,
HND,Honduras,2024,hydro,909.63,
HND,Honduras,2024,oil,1342.3,
HND,Honduras,2024,pumped,6.0,
HND,Honduras,2024,solar,553.812,
HND,Honduras,2024,wind_onshore,238.9,
HRV,Croatia,2015,bio,52.5,265.7
HRV,Croatia,2015,coal,,2310.0
HRV,Croatia,2015,fossil_nes,2054.2,
HRV,Croatia,2015,gas,,1197.2
HRV,Croatia,2015,hydro,2195.1,6390.636
HRV,Croatia,2015,oil,,221.1
HRV,Croatia,2015,pumped,,165.0
HRV,Croatia,2015,solar,47.8,57.264
HRV,Croatia,2015,wind_onshore,418.0,796.295
HRV,Croatia,2016,bio,62.5,430.9
HRV,Croatia,2016,coal,,2596.0
HRV,Croatia,2016,fossil_nes,2054.2,
HRV,Croatia,2016,gas,,1586.1
HRV,Croatia,2016,hydro,2192.1,6852.099
HRV,Croatia,2016,oil,,69.0
HRV,Croatia,2016,pumped,,205.5
HRV,Croatia,2016,solar,55.8,65.541
HRV,Croatia,2016,wind_onshore,483.0,1014.248
HRV,Croatia,2017,bio,86.6,525.6
HRV,Croatia,2017,coal,,1367.1
HRV,Croatia,2017,fossil_nes,2054.5,
HRV,Croatia,2017,gas,,3090.1
HRV,Croatia,2017,hydro,2193.0,5307.4
HRV,Croatia,2017,oil,,210.3
HRV,Croatia,2017,pumped,,200.3
HRV,Croatia,2017,solar,60.0,78.7
HRV,Croatia,2017,wind_onshore,576.1,1204.0
HRV,Croatia,2018,bio,115.4,668.1
HRV,Croatia,2018,coal,,1452.6
HRV,Croatia,2018,fossil_nes,2026.6,
HRV,Croatia,2018,gas,,2245.3
HRV,Croatia,2018,geothermal,10.0,2.0
HRV,Croatia,2018,hydro,2199.5,7700.9
HRV,Croatia,2018,oil,,68.5
HRV,Croatia,2018,pumped,,84.0
HRV,Croatia,2018,solar,67.7,74.9
HRV,Croatia,2018,wind_onshore,586.3,1335.4
HRV,Croatia,2019,bio,127.4,878.4
HRV,Croatia,2019,coal,,1639.4
HRV,Croatia,2019,fossil_nes,1643.6,
HRV,Croatia,2019,gas,,2629.4
HRV,Croatia,2019,geothermal,10.0,91.9
HRV,Croatia,2019,hydro,2199.7,5826.1
HRV,Croatia,2019,oil,,38.2
HRV,Croatia,2019,pumped,,106.5
HRV,Croatia,2019,solar,84.8,83.1
HRV,Croatia,2019,wind_onshore,646.3,1467.3
HRV,Croatia,2020,bio,135.3,978.3
HRV,Croatia,2020,coal,,1215.4
HRV,Croatia,2020,fossil_nes,1407.3,
HRV,Croatia,2020,gas,,3437.0
HRV,Croatia,2020,geothermal,10.0,93.7
HRV,Croatia,2020,hydro,2199.5,5662.4
HRV,Croatia,2020,oil,,34.3
HRV,Croatia,2020,pumped,,148.0
HRV,Croatia,2020,solar,108.5,95.5
HRV,Croatia,2020,wind_onshore,801.3,1720.7
HRV,Croatia,2021,bio,154.4,1099.8
HRV,Croatia,2021,coal,,1456.9
HRV,Croatia,2021,fossil_nes,1382.8,
HRV,Croatia,2021,gas,,3095.5
HRV,Croatia,2021,geothermal,10.0,89.7
HRV,Croatia,2021,hydro,2200.5,7127.7
HRV,Croatia,2021,oil,,29.1
HRV,Croatia,2021,pumped,,101.0
HRV,Croatia,2021,solar,138.3,148.9
HRV,Croatia,2021,wind_onshore,986.9,2061.8
HRV,Croatia,2022,bio,160.5,1128.8
HRV,Croatia,2022,coal,,1558.9
HRV,Croatia,2022,fossil_nes,1389.1,
HRV,Croatia,2022,gas,,3509.5
HRV,Croatia,2022,geothermal,10.0,72.7
HRV,Croatia,2022,hydro,2205.7,5459.7
HRV,Croatia,2022,oil,,87.2
HRV,Croatia,2022,pumped,,114.0
HRV,Croatia,2022,solar,222.0,151.9
HRV,Croatia,2022,wind_onshore,986.9,2137.8
HRV,Croatia,2023,bio,150.668,1046.5
HRV,Croatia,2023,coal,,1325.2
HRV,Croatia,2023,fossil_nes,1397.432,
HRV,Croatia,2023,gas,,3864.2
HRV,Croatia,2023,geothermal,10.0,20.6
HRV,Croatia,2023,hydro,2189.9,8160.5
HRV,Croatia,2023,oil,,37.1
HRV,Croatia,2023,pumped,,87.6
HRV,Croatia,2023,solar,462.5,413.1
HRV,Croatia,2023,wind_onshore,1160.2,2586.5
HRV,Croatia,2024,bio,152.668,
HRV,Croatia,2024,fossil_nes,1309.432,
HRV,Croatia,2024,geothermal,10.0,
HRV,Croatia,2024,hydro,2189.9,
HRV,Croatia,2024,solar,859.6,
HRV,Croatia,2024,wind_onshore,1191.2,
HTI,Haiti,2015,hydro,58.456,83.0
HTI,Haiti,2015,oil,398.624,955.0
HTI,Haiti,2015,solar,1.964,3.002
HTI,Haiti,2016,hydro,58.471,71.0
HTI,Haiti,2016,oil,398.624,1013.0
HTI,Haiti,2016,solar,2.245,3.413
HTI,Haiti,2017,hydro,58.471,127.0
HTI,Haiti,2017,oil,400.224,928.0
HTI,Haiti,2017,solar,2.739,4.042
HTI,Haiti,2018,hydro,80.071,197.0
HTI,Haiti,2018,oil,400.374,848.318
HTI,Haiti,2018,solar,3.139,4.767
HTI,Haiti,2018,wind_onshore,0.024,0.033
HTI,Haiti,2019,hydro,80.071,200.0
HTI,Haiti,2019,oil,400.374,861.323
HTI,Haiti,2019,solar,2.974,4.958
HTI,Haiti,2019,wind_onshore,0.024,0.065
HTI,Haiti,2020,hydro,80.071,200.0
HTI,Haiti,2020,oil,400.374,919.344
HTI,Haiti,2020,solar,2.956,4.809
HTI,Haiti,2020,wind_onshore,0.024,0.065
HTI,Haiti,2021,hydro,80.171,200.257
HTI,Haiti,2021,oil,400.374,919.344
HTI,Haiti,2021,solar,2.971,4.807
HTI,Haiti,2021,wind_onshore,0.024,0.065
HTI,Haiti,2022,hydro,77.986,200.257
HTI,Haiti,2022,oil,400.374,838.094
HTI,Haiti,2022,solar,3.185,4.23
HTI,Haiti,2022,wind_onshore,0.024,0.07
HTI,Haiti,2023,hydro,77.986,200.257
HTI,Haiti,2023,oil,400.374,664.379
HTI,Haiti,2023,solar,3.878,4.38
HTI,Haiti,2023,wind_onshore,0.024,0.07
HTI,Haiti,2024,hydro,77.986,
HTI,Haiti,2024,oil,400.374,
HTI,Haiti,2024,solar,3.878,
HTI,Haiti,2024,wind_onshore,0.024,
HUN,Hungary,2015,bio,518.5,2161.0
HUN,Hungary,2015,coal,,5908.0
HUN,Hungary,2015,fossil_nes,5509.0,
HUN,Hungary,2015,gas,,5108.0
HUN,Hungary,2015,hydro,57.0,233.711
HUN,Hungary,2015,nuclear,2000.0,15834.0
HUN,Hungary,2015,oil,,77.0
HUN,Hungary,2015,other,48.5,204.0
HUN,Hungary,2015,solar,172.0,141.0
HUN,Hungary,2015,wind_onshore,329.0,693.323
HUN,Hungary,2016,bio,427.0,2071.0
HUN,Hungary,2016,coal,,5758.0
HUN,Hungary,2016,fossil_nes,5626.0,
HUN,Hungary,2016,gas,,6479.0
HUN,Hungary,2016,hydro,57.0,259.315
HUN,Hungary,2016,nuclear,2000.0,16054.0
HUN,Hungary,2016,oil,,63.0
HUN,Hungary,2016,other,84.0,290.0
HUN,Hungary,2016,solar,235.0,244.0
HUN,Hungary,2016,wind_onshore,329.0,683.692
HUN,Hungary,2017,bio,491.0,2152.0
HUN,Hungary,2017,coal,,5098.0
HUN,Hungary,2017,fossil_nes,5587.0,
HUN,Hungary,2017,gas,,7869.0
HUN,Hungary,2017,geothermal,3.0,1.0
HUN,Hungary,2017,hydro,57.0,220.0
HUN,Hungary,2017,nuclear,2000.0,16098.0
HUN,Hungary,2017,oil,,86.0
HUN,Hungary,2017,other,79.0,284.0
HUN,Hungary,2017,solar,344.0,349.0
HUN,Hungary,2017,wind_onshore,329.0,758.0
HUN,Hungary,2018,bio,512.5,2296.0
HUN,Hungary,2018,coal,,4834.0
HUN,Hungary,2018,fossil_nes,5564.0,
HUN,Hungary,2018,gas,,7282.0
HUN,Hungary,2018,geothermal,3.0,12.0
HUN,Hungary,2018,hydro,57.0,222.0
HUN,Hungary,2018,nuclear,2013.0,15733.0
HUN,Hungary,2018,oil,,91.0
HUN,Hungary,2018,other,79.5,361.0
HUN,Hungary,2018,solar,728.0,629.0
HUN,Hungary,2018,wind_onshore,329.0,607.0
HUN,Hungary,2019,bio,503.5,2227.0
HUN,Hungary,2019,coal,,4184.0
HUN,Hungary,2019,fossil_nes,5611.0,
HUN,Hungary,2019,gas,,8700.0
HUN,Hungary,2019,geothermal,3.0,18.0
HUN,Hungary,2019,hydro,58.0,219.0
HUN,Hungary,2019,nuclear,2013.0,16288.0
HUN,Hungary,2019,oil,,71.0
HUN,Hungary,2019,other,82.5,358.0
HUN,Hungary,2019,solar,1400.0,1497.0
HUN,Hungary,2019,wind_onshore,323.0,729.0
HUN,Hungary,2020,bio,509.0,2155.0
HUN,Hungary,2020,coal,,3826.0
HUN,Hungary,2020,fossil_nes,5586.0,
HUN,Hungary,2020,gas,,9091.0
HUN,Hungary,2020,geothermal,3.0,16.0
HUN,Hungary,2020,hydro,58.0,244.0
HUN,Hungary,2020,nuclear,2013.0,16055.0
HUN,Hungary,2020,oil,,45.0
HUN,Hungary,2020,other,87.0,384.0
HUN,Hungary,2020,solar,2131.0,2459.0
HUN,Hungary,2020,wind_onshore,323.0,655.0
HUN,Hungary,2021,bio,550.5,2231.0
HUN,Hungary,2021,coal,,3105.0
HUN,Hungary,2021,fossil_nes,5557.0,
HUN,Hungary,2021,gas,,9653.0
HUN,Hungary,2021,geothermal,3.0,12.0
HUN,Hungary,2021,hydro,60.0,212.0
HUN,Hungary,2021,nuclear,2027.0,15990.0
HUN,Hungary,2021,oil,,59.3
HUN,Hungary,2021,other,89.5,398.0
HUN,Hungary,2021,solar,2968.0,3796.0
HUN,Hungary,2021,wind_onshore,324.0,664.0
HUN,Hungary,2022,bio,532.5,2138.0
HUN,Hungary,2022,coal,,3064.0
HUN,Hungary,2022,fossil_nes,5459.0,
HUN,Hungary,2022,gas,,8873.0
HUN,Hungary,2022,geothermal,3.0,4.0
HUN,Hungary,2022,hydro,60.0,178.0
HUN,Hungary,2022,nuclear,2027.0,15812.0
HUN,Hungary,2022,oil,,59.4
HUN,Hungary,2022,other,87.5,331.36
HUN,Hungary,2022,solar,4235.0,4732.0
HUN,Hungary,2022,wind_onshore,324.0,610.0
HUN,Hungary,2023,bio,522.0,1564.0
HUN,Hungary,2023,coal,,2509.0
HUN,Hungary,2023,fossil_nes,5466.0,
HUN,Hungary,2023,gas,,7279.0
HUN,Hungary,2023,geothermal,3.0,16.0
HUN,Hungary,2023,hydro,60.0,222.0
HUN,Hungary,2023,nuclear,2027.0,15918.0
HUN,Hungary,2023,oil,,55.3
HUN,Hungary,2023,other,93.0,411.522
HUN,Hungary,2023,solar,5910.0,6925.0
HUN,Hungary,2023,wind_onshore,324.0,646.0
HUN,Hungary,2024,bio,622.0,
HUN,Hungary,2024,fossil_nes,5477.0,
HUN,Hungary,2024,geothermal,3.0,
HUN,Hungary,2024,hydro,60.0,
HUN,Hungary,2024,nuclear,2027.0,
HUN,Hungary,2024,other,119.0,
HUN,Hungary,2024,solar,7699.0,
HUN,Hungary,2024,wind_onshore,324.0,
IDN,Indonesia,2015,bio,1733.835,9760.192
IDN,Indonesia,2015,coal,26447.58,124657.0
IDN,Indonesia,2015,gas,15890.26,54137.2
IDN,Indonesia,2015,geothermal,1438.3,10048.0
IDN,Indonesia,2015,hydro,5322.457,13779.853
IDN,Indonesia,2015,oil,3824.07,30911.0
IDN,Indonesia,2015,other,7.825,9.5
IDN,Indonesia,2015,solar,78.618,89.053
IDN,Indonesia,2015,wind_onshore,1.46,3.7
IDN,Indonesia,2016,bio,1775.275,10215.24
IDN,Indonesia,2016,coal,28351.97,135381.0
IDN,Indonesia,2016,gas,17069.7,61788.6
IDN,Indonesia,2016,geothermal,1533.3,10656.0
IDN,Indonesia,2016,hydro,5666.297,18728.022
IDN,Indonesia,2016,oil,3979.4,20800.0
IDN,Indonesia,2016,other,7.825,3.0
IDN,Indonesia,2016,solar,88.484,105.076
IDN,Indonesia,2016,wind_onshore,1.46,5.7
IDN,Indonesia,2017,bio,1848.985,11762.859
IDN,Indonesia,2017,coal,30768.07,147964.0
IDN,Indonesia,2017,gas,17659.56,55794.9
IDN,Indonesia,2017,geothermal,1808.3,12764.0
IDN,Indonesia,2017,hydro,5703.337,18682.567
IDN,Indonesia,2017,oil,4396.35,18848.0
IDN,Indonesia,2017,other,7.825,295.0
IDN,Indonesia,2017,solar,97.407,115.123
IDN,Indonesia,2017,wind_onshore,1.46,5.7
IDN,Indonesia,2018,bio,1874.975,12439.04
IDN,Indonesia,2018,coal,31587.17,160013.0
IDN,Indonesia,2018,fossil_nes,3.58,
IDN,Indonesia,2018,gas,18926.2,57406.0
IDN,Indonesia,2018,geothermal,1948.3,14019.0
IDN,Indonesia,2018,hydro,5772.15,21637.0
IDN,Indonesia,2018,oil,4630.9,17946.0
IDN,Indonesia,2018,other,7.825,311.0
IDN,Indonesia,2018,solar,68.276,91.0
IDN,Indonesia,2018,wind_onshore,143.51,7.7
IDN,Indonesia,2019,bio,1883.775,12176.5
IDN,Indonesia,2019,coal,34737.17,174493.0
IDN,Indonesia,2019,fossil_nes,3.58,
IDN,Indonesia,2019,gas,19860.01,62053.0
IDN,Indonesia,2019,geothermal,2130.7,14100.0
IDN,Indonesia,2019,hydro,5976.03,21161.0
IDN,Indonesia,2019,oil,4779.68,10582.0
IDN,Indonesia,2019,other,7.825,10.5
IDN,Indonesia,2019,solar,157.802,118.0
IDN,Indonesia,2019,wind_onshore,154.31,7.7
IDN,Indonesia,2020,bio,1892.685,12362.5
IDN,Indonesia,2020,coal,36667.86,180880.0
IDN,Indonesia,2020,fossil_nes,3.58,
IDN,Indonesia,2020,gas,20762.08,50662.9
IDN,Indonesia,2020,geothermal,2130.7,15563.0
IDN,Indonesia,2020,hydro,6120.88,24325.0
IDN,Indonesia,2020,oil,4863.53,6764.0
IDN,Indonesia,2020,other,7.825,8.5
IDN,Indonesia,2020,solar,166.138,171.0
IDN,Indonesia,2020,wind_onshore,154.31,7.7
IDN,Indonesia,2021,bio,2270.175,14970.5
IDN,Indonesia,2021,coal,37036.36,190232.0
IDN,Indonesia,2021,fossil_nes,3.58,
IDN,Indonesia,2021,gas,20978.82,55415.0
IDN,Indonesia,2021,geothermal,2286.05,15899.0
IDN,Indonesia,2021,hydro,6601.75,24697.0
IDN,Indonesia,2021,oil,4986.58,6648.0
IDN,Indonesia,2021,other,14.225,5.5
IDN,Indonesia,2021,solar,220.938,192.62
IDN,Indonesia,2021,wind_onshore,154.31,7.7
IDN,Indonesia,2022,bio,3086.685,20621.0
IDN,Indonesia,2022,coal,46044.26,205907.0
IDN,Indonesia,2022,gas,20831.03,54731.0
IDN,Indonesia,2022,geothermal,2360.33,16677.0
IDN,Indonesia,2022,hydro,6689.02,27295.0
IDN,Indonesia,2022,oil,4352.09,6089.0
IDN,Indonesia,2022,other,12.225,22.0
IDN,Indonesia,2022,solar,305.887,443.73
IDN,Indonesia,2022,wind_onshore,154.31,7.7
IDN,Indonesia,2023,bio,3375.175,22474.5
IDN,Indonesia,2023,coal,50006.37,217819.0
IDN,Indonesia,2023,gas,23208.35,59848.0
IDN,Indonesia,2023,geothermal,2597.51,16936.0
IDN,Indonesia,2023,hydro,6569.64,24590.0
IDN,Indonesia,2023,oil,4638.31,6558.0
IDN,Indonesia,2023,other,18.235,30.5
IDN,Indonesia,2023,solar,630.257,712.87
IDN,Indonesia,2023,wind_onshore,152.3,7.7
IDN,Indonesia,2024,bio,3650.465,
IDN,Indonesia,2024,coal,54260.0,
IDN,Indonesia,2024,gas,26710.0,
IDN,Indonesia,2024,geothermal,2638.8,
IDN,Indonesia,2024,hydro,7056.2,
IDN,Indonesia,2024,oil,5820.0,
IDN,Indonesia,2024,other,18.235,
IDN,Indonesia,2024,solar,941.787,
IDN,Indonesia,2024,wind_onshore,152.3,
IND,India,2015,bio,5478.216,28866.46
IND,India,2015,coal,213210.836,980783.974
IND,India,2015,gas,30171.325,63709.079
IND,India,2015,hydro,42318.97,130562.423
IND,India,2015,nuclear,5780.0,36429.56
IND,India,2015,oil,13256.18,10712.202
IND,India,2015,other,136.795,320.119
IND,India,2015,pumped,4785.6,4949.4
IND,India,2015,solar,5696.99,5984.23
IND,India,2015,wind_onshore,25088.19,31872.871
IND,India,2016,bio,8895.171,18212.264
IND,India,2016,coal,218588.736,1044447.812
IND,India,2016,gas,31365.941,69141.384
IND,India,2016,hydro,42836.665,125211.298
IND,India,2016,nuclear,5780.0,37539.182
IND,India,2016,oil,13936.55,9117.919
IND,India,2016,other,138.715,290.404
IND,India,2016,pumped,4785.6,4949.4
IND,India,2016,solar,9982.136,10186.409
IND,India,2016,wind_onshore,28700.44,36273.128
IND,India,2017,bio,9417.176,16664.294
IND,India,2017,coal,225255.295,1093822.188
IND,India,2017,gas,32044.958,72854.422
IND,India,2017,hydro,44735.188,126401.878
IND,India,2017,nuclear,6780.0,38023.432
IND,India,2017,oil,14033.502,9300.446
IND,India,2017,other,146.39,301.253
IND,India,2017,pumped,4785.6,4949.4
IND,India,2017,solar,18256.847,18135.192
IND,India,2017,wind_onshore,32848.46,47669.778
IND,India,2018,bio,10137.402,18728.639
IND,India,2018,coal,241425.374,1149472.673
IND,India,2018,gas,33316.661,74022.14
IND,India,2018,hydro,45316.629,131693.204
IND,India,2018,nuclear,6780.0,38212.74
IND,India,2018,oil,15602.006,7728.51
IND,India,2018,other,158.515,416.912
IND,India,2018,pumped,4785.6,4949.4
IND,India,2018,solar,27484.721,31106.489
IND,India,2018,wind_onshore,35288.1,55008.662
IND,India,2019,bio,10225.634,20912.964
IND,India,2019,coal,255831.328,1204822.467
IND,India,2019,gas,32620.903,70505.567
IND,India,2019,hydro,45493.772,144594.348
IND,India,2019,nuclear,6780.0,39977.562
IND,India,2019,oil,13983.446,4691.525
IND,India,2019,other,165.465,579.172
IND,India,2019,pumped,4785.6,4949.4
IND,India,2019,solar,35250.193,43933.395
IND,India,2019,wind_onshore,37505.18,62688.878
IND,India,2020,bio,10532.757,20662.522
IND,India,2020,coal,254829.832,1193453.534
IND,India,2020,gas,32306.31,73571.229
IND,India,2020,hydro,45977.476,159725.839
IND,India,2020,nuclear,6780.0,45611.608
IND,India,2020,oil,16875.521,2270.314
IND,India,2020,other,187.678,929.204
IND,India,2020,pumped,4785.6,4949.4
IND,India,2020,solar,39705.454,55098.597
IND,India,2020,wind_onshore,38558.6,63522.265
IND,India,2021,bio,10591.824,22253.251
IND,India,2021,coal,255726.427,1195393.597
IND,India,2021,gas,31003.725,68674.894
IND,India,2021,hydro,46780.544,156600.549
IND,India,2021,nuclear,6780.0,44049.825
IND,India,2021,oil,18887.01,2625.425
IND,India,2021,other,217.055,1536.136
IND,India,2021,pumped,4785.6,4949.4
IND,India,2021,solar,49978.716,66237.631
IND,India,2021,wind_onshore,40067.265,62272.48
IND,India,2022,bio,10669.084,24421.451
IND,India,2022,coal,256807.812,1283844.417
IND,India,2022,gas,31015.716,53855.703
IND,India,2022,hydro,47217.742,160545.743
IND,India,2022,nuclear,6780.0,46799.295
IND,India,2022,oil,18809.771,2349.885
IND,India,2022,other,260.115,1909.974
IND,India,2022,pumped,4785.6,4949.4
IND,India,2022,solar,63478.514,83631.5
IND,India,2022,wind_onshore,41929.78,69433.592
IND,India,2023,bio,10752.414,25302.76
IND,India,2023,coal,261266.053,1390283.25
IND,India,2023,gas,31503.274,46928.0
IND,India,2023,hydro,47334.061,161464.793
IND,India,2023,nuclear,7480.0,46380.0
IND,India,2023,oil,18833.659,2470.75
IND,India,2023,other,291.445,2322.804
IND,India,2023,pumped,4785.6,4949.4
IND,India,2023,solar,73051.601,108494.133
IND,India,2023,wind_onshore,44736.24,74708.12
IND,India,2024,bio,11237.339,
IND,India,2024,coal,265933.0,
IND,India,2024,gas,31318.21,
IND,India,2024,hydro,47507.795,
IND,India,2024,nuclear,8180.0,
IND,India,2024,oil,18889.2,
IND,India,2024,other,309.97,
IND,India,2024,pumped,4785.6,
IND,India,2024,solar,97576.321,
IND,India,2024,wind_onshore,48163.16,
IRL,Ireland,2015,bio,55.027,478.587
IRL,Ireland,2015,coal,,7392.4
IRL,Ireland,2015,fossil_nes,6616.894,
IRL,Ireland,2015,gas,,12367.491
IRL,Ireland,2015,hydro,237.0,806.49
IRL,Ireland,2015,oil,,407.087
IRL,Ireland,2015,other,10.79,74.061
IRL,Ireland,2015,pumped,292.0,288.108
IRL,Ireland,2015,solar,5.059,2.046
IRL,Ireland,2015,wind_offshore,25.2,81.0
IRL,Ireland,2015,wind_onshore,2425.95,6600.507
IRL,Ireland,2016,bio,54.276,679.216
IRL,Ireland,2016,coal,,7013.747
IRL,Ireland,2016,fossil_nes,6613.134,
IRL,Ireland,2016,gas,,15328.403
IRL,Ireland,2016,hydro,237.0,681.025
IRL,Ireland,2016,oil,,292.617
IRL,Ireland,2016,other,10.79,72.8
IRL,Ireland,2016,pumped,292.0,291.945
IRL,Ireland,2016,solar,12.19,4.736
IRL,Ireland,2016,wind_offshore,25.2,81.0
IRL,Ireland,2016,wind_onshore,2776.45,6167.551
IRL,Ireland,2017,bio,85.636,735.247
IRL,Ireland,2017,coal,,5808.918
IRL,Ireland,2017,fossil_nes,6600.918,
IRL,Ireland,2017,gas,,15679.856
IRL,Ireland,2017,hydro,237.0,691.603
IRL,Ireland,2017,oil,,141.894
IRL,Ireland,2017,other,41.29,159.302
IRL,Ireland,2017,pumped,292.0,203.463
IRL,Ireland,2017,solar,30.296,9.951
IRL,Ireland,2017,wind_offshore,25.2,81.0
IRL,Ireland,2017,wind_onshore,3293.95,7486.004
IRL,Ireland,2018,bio,83.781,848.341
IRL,Ireland,2018,coal,,4242.457
IRL,Ireland,2018,fossil_nes,6606.958,
IRL,Ireland,2018,gas,,16013.964
IRL,Ireland,2018,hydro,237.0,694.09
IRL,Ireland,2018,oil,,139.355
IRL,Ireland,2018,other,41.29,301.588
IRL,Ireland,2018,pumped,292.0,237.569
IRL,Ireland,2018,solar,55.978,18.151
IRL,Ireland,2018,wind_offshore,25.2,81.0
IRL,Ireland,2018,wind_onshore,3648.65,8701.527
IRL,Ireland,2019,bio,87.441,854.785
IRL,Ireland,2019,coal,,2432.733
IRL,Ireland,2019,fossil_nes,6267.417,
IRL,Ireland,2019,gas,,15906.186
IRL,Ireland,2019,hydro,237.0,886.584
IRL,Ireland,2019,oil,,282.519
IRL,Ireland,2019,other,41.29,294.671
IRL,Ireland,2019,pumped,292.0,245.319
IRL,Ireland,2019,solar,102.196,33.811
IRL,Ireland,2019,wind_offshore,25.2,81.0
IRL,Ireland,2019,wind_onshore,4101.25,10103.945
IRL,Ireland,2020,bio,87.454,923.773
IRL,Ireland,2020,coal,,1591.75
IRL,Ireland,2020,fossil_nes,6166.7,
IRL,Ireland,2020,gas,,16236.382
IRL,Ireland,2020,hydro,237.0,932.655
IRL,Ireland,2020,oil,,389.417
IRL,Ireland,2020,other,60.79,298.892
IRL,Ireland,2020,pumped,292.0,291.562
IRL,Ireland,2020,solar,162.785,55.114
IRL,Ireland,2020,wind_offshore,25.2,81.0
IRL,Ireland,2020,wind_onshore,4281.5,11659.253
IRL,Ireland,2021,bio,87.754,994.948
IRL,Ireland,2021,coal,,3042.386
IRL,Ireland,2021,fossil_nes,5989.205,
IRL,Ireland,2021,gas,,15155.53
IRL,Ireland,2021,hydro,237.0,749.42
IRL,Ireland,2021,oil,,1453.163
IRL,Ireland,2021,other,307.189,322.047
IRL,Ireland,2021,pumped,292.0,286.275
IRL,Ireland,2021,solar,247.223,84.647
IRL,Ireland,2021,wind_offshore,25.2,81.0
IRL,Ireland,2021,wind_onshore,4313.841,9858.705
IRL,Ireland,2022,bio,88.025,1013.688
IRL,Ireland,2022,coal,,2613.507
IRL,Ireland,2022,fossil_nes,5851.0,
IRL,Ireland,2022,gas,,16529.627
IRL,Ireland,2022,hydro,237.0,701.202
IRL,Ireland,2022,oil,,1075.133
IRL,Ireland,2022,other,455.189,322.9
IRL,Ireland,2022,pumped,292.0,247.004
IRL,Ireland,2022,solar,344.58,148.665
IRL,Ireland,2022,wind_offshore,25.2,81.0
IRL,Ireland,2022,wind_onshore,4510.931,11312.491
IRL,Ireland,2023,bio,86.545,830.855
IRL,Ireland,2023,coal,,1362.594
IRL,Ireland,2023,fossil_nes,5778.6,
IRL,Ireland,2023,gas,,15350.675
IRL,Ireland,2023,hydro,237.0,942.751
IRL,Ireland,2023,oil,,227.66
IRL,Ireland,2023,other,590.19,333.743
IRL,Ireland,2023,pumped,292.0,294.867
IRL,Ireland,2023,solar,888.176,646.482
IRL,Ireland,2023,wind_offshore,25.2,81.0
IRL,Ireland,2023,wind_onshore,4714.051,11782.352
IRL,Ireland,2024,bio,87.045,
IRL,Ireland,2024,fossil_nes,5778.6,
IRL,Ireland,2024,hydro,237.0,
IRL,Ireland,2024,other,590.19,
IRL,Ireland,2024,pumped,292.0,
IRL,Ireland,2024,solar,1340.326,
IRL,Ireland,2024,wind_offshore,25.2,
IRL,Ireland,2024,wind_onshore,4916.751,
IRN,Iran (Islamic Republic of),2015,bio,10.56,16.339
IRN,Iran (Islamic Republic of),2015,coal,249.0,462.0
IRN,Iran (Islamic Republic of),2015,gas,26870.0,222448.0
IRN,Iran (Islamic Republic of),2015,hydro,10238.0,14087.0
IRN,Iran (Islamic Republic of),2015,nuclear,1020.0,2949.709
IRN,Iran (Islamic Republic of),2015,oil,34763.0,40483.0
IRN,Iran (Islamic Republic of),2015,pumped,1040.0,
IRN,Iran (Islamic Republic of),2015,solar,9.378,1.491
IRN,Iran (Islamic Republic of),2015,wind_onshore,153.44,242.227
IRN,Iran (Islamic Republic of),2016,bio,10.56,21.781
IRN,Iran (Islamic Republic of),2016,coal,249.0,488.0
IRN,Iran (Islamic Republic of),2016,gas,27890.0,233252.0
IRN,Iran (Islamic Republic of),2016,hydro,10538.0,16419.0
IRN,Iran (Islamic Republic of),2016,nuclear,1020.0,6710.568
IRN,Iran (Islamic Republic of),2016,oil,35739.0,32035.0
IRN,Iran (Islamic Republic of),2016,pumped,1040.0,
IRN,Iran (Islamic Republic of),2016,solar,43.208,4.981
IRN,Iran (Islamic Republic of),2016,wind_onshore,190.94,264.292
IRN,Iran (Islamic Republic of),2017,bio,10.56,24.44
IRN,Iran (Islamic Republic of),2017,coal,249.0,689.0
IRN,Iran (Islamic Republic of),2017,gas,25919.0,257910.0
IRN,Iran (Islamic Republic of),2017,hydro,10913.0,15051.012
IRN,Iran (Islamic Republic of),2017,nuclear,1020.0,7513.664
IRN,Iran (Islamic Republic of),2017,oil,39434.0,26389.0
IRN,Iran (Islamic Republic of),2017,pumped,1040.0,
IRN,Iran (Islamic Republic of),2017,solar,184.478,85.805
IRN,Iran (Islamic Republic of),2017,wind_onshore,259.0,306.258
IRN,Iran (Islamic Republic of),2018,bio,10.56,24.44
IRN,Iran (Islamic Republic of),2018,coal,249.0,694.0
IRN,Iran (Islamic Republic of),2018,gas,26780.415,255481.0
IRN,Iran (Islamic Republic of),2018,hydro,11059.0,15765.098
IRN,Iran (Islamic Republic of),2018,nuclear,1020.0,7329.0
IRN,Iran (Islamic Republic of),2018,oil,40744.585,29081.0
IRN,Iran (Islamic Republic of),2018,pumped,1040.0,
IRN,Iran (Islamic Republic of),2018,solar,286.378,221.816
IRN,Iran (Islamic Republic of),2018,wind_onshore,282.0,585.379
IRN,Iran (Islamic Republic of),2019,bio,10.56,10.686
IRN,Iran (Islamic Republic of),2019,coal,249.0,739.0
IRN,Iran (Islamic Republic of),2019,gas,27214.692,270226.0
IRN,Iran (Islamic Republic of),2019,hydro,11142.1,31003.0
IRN,Iran (Islamic Republic of),2019,nuclear,1020.0,5870.0
IRN,Iran (Islamic Republic of),2019,oil,41405.308,27869.0
IRN,Iran (Islamic Republic of),2019,pumped,1040.0,
IRN,Iran (Islamic Republic of),2019,solar,345.878,510.473
IRN,Iran (Islamic Republic of),2019,wind_onshore,304.92,634.121
IRN,Iran (Islamic Republic of),2020,bio,10.56,22.342
IRN,Iran (Islamic Republic of),2020,coal,249.0,754.0
IRN,Iran (Islamic Republic of),2020,gas,28080.47,274987.0
IRN,Iran (Islamic Republic of),2020,hydro,11152.7,22007.0
IRN,Iran (Islamic Republic of),2020,nuclear,1020.0,5790.0
IRN,Iran (Islamic Republic of),2020,oil,42722.53,26329.0
IRN,Iran (Islamic Republic of),2020,pumped,1040.0,
IRN,Iran (Islamic Republic of),2020,solar,429.768,583.868
IRN,Iran (Islamic Republic of),2020,wind_onshore,308.08,586.835
IRN,Iran (Islamic Republic of),2021,bio,11.42,22.341
IRN,Iran (Islamic Republic of),2021,coal,249.0,754.0
IRN,Iran (Islamic Republic of),2021,gas,28595.653,308760.327
IRN,Iran (Islamic Republic of),2021,hydro,11152.7,13683.0
IRN,Iran (Islamic Republic of),2021,nuclear,1020.0,5462.0
IRN,Iran (Islamic Republic of),2021,oil,43506.347,29562.673
IRN,Iran (Islamic Republic of),2021,pumped,1040.0,
IRN,Iran (Islamic Republic of),2021,solar,455.858,619.635
IRN,Iran (Islamic Republic of),2021,wind_onshore,310.2,759.0
IRN,Iran (Islamic Republic of),2022,bio,14.42,22.341
IRN,Iran (Islamic Republic of),2022,coal,249.0,711.0
IRN,Iran (Islamic Republic of),2022,gas,29878.654,294898.0
IRN,Iran (Islamic Republic of),2022,hydro,11503.0,12619.0
IRN,Iran (Islamic Republic of),2022,nuclear,1020.0,8084.0
IRN,Iran (Islamic Republic of),2022,oil,45458.346,49784.0
IRN,Iran (Islamic Republic of),2022,pumped,1040.0,
IRN,Iran (Islamic Republic of),2022,solar,539.378,735.635
IRN,Iran (Islamic Republic of),2022,wind_onshore,342.0,812.0
IRN,Iran (Islamic Republic of),2023,bio,14.42,22.341
IRN,Iran (Islamic Republic of),2023,coal,249.0,711.0
IRN,Iran (Islamic Republic of),2023,gas,33029.654,294898.0
IRN,Iran (Islamic Republic of),2023,hydro,11679.0,12619.0
IRN,Iran (Islamic Republic of),2023,nuclear,1020.0,8084.0
IRN,Iran (Islamic Republic of),2023,oil,45458.346,49784.0
IRN,Iran (Islamic Republic of),2023,pumped,1040.0,
IRN,Iran (Islamic Republic of),2023,solar,595.028,735.635
IRN,Iran (Islamic Republic of),2023,wind_onshore,364.89,812.0
IRN,Iran (Islamic Republic of),2024,bio,22.13,
IRN,Iran (Islamic Republic of),2024,coal,249.0,
IRN,Iran (Islamic Republic of),2024,gas,35356.654,
IRN,Iran (Islamic Republic of),2024,hydro,11781.0,
IRN,Iran (Islamic Republic of),2024,nuclear,1020.0,
IRN,Iran (Islamic Republic of),2024,oil,45458.346,
IRN,Iran (Islamic Republic of),2024,pumped,1040.0,
IRN,Iran (Islamic Republic of),2024,solar,781.638,
IRN,Iran (Islamic Republic of),2024,wind_onshore,376.3,
IRQ,Iraq,2015,fossil_nes,28598.0,
IRQ,Iraq,2015,gas,,16829.0
IRQ,Iraq,2015,hydro,2274.34,2548.485
IRQ,Iraq,2015,oil,,49313.188
IRQ,Iraq,2015,pumped,240.0,
IRQ,Iraq,2015,solar,36.5,57.305
IRQ,Iraq,2016,fossil_nes,29664.0,
IRQ,Iraq,2016,gas,,20397.0
IRQ,Iraq,2016,hydro,2274.34,3373.582
IRQ,Iraq,2016,oil,,56262.019
IRQ,Iraq,2016,pumped,240.0,
IRQ,Iraq,2016,solar,36.5,57.305
IRQ,Iraq,2017,fossil_nes,24300.0,
IRQ,Iraq,2017,gas,,27761.0
IRQ,Iraq,2017,hydro,1557.34,2178.431
IRQ,Iraq,2017,oil,,55570.963
IRQ,Iraq,2017,pumped,240.0,
IRQ,Iraq,2017,solar,36.5,57.305
IRQ,Iraq,2018,fossil_nes,25400.0,
IRQ,Iraq,2018,gas,,33283.0
IRQ,Iraq,2018,hydro,1557.34,1820.05
IRQ,Iraq,2018,oil,,47648.012
IRQ,Iraq,2018,pumped,240.0,
IRQ,Iraq,2018,solar,37.076,376.545
IRQ,Iraq,2019,fossil_nes,25400.0,
IRQ,Iraq,2019,gas,,53039.0
IRQ,Iraq,2019,hydro,1557.34,4965.612
IRQ,Iraq,2019,oil,,30807.287
IRQ,Iraq,2019,pumped,240.0,
IRQ,Iraq,2019,solar,37.076,376.545
IRQ,Iraq,2020,fossil_nes,27119.0,
IRQ,Iraq,2020,gas,,54227.0
IRQ,Iraq,2020,hydro,1557.34,4163.976
IRQ,Iraq,2020,oil,,27314.465
IRQ,Iraq,2020,pumped,240.0,
IRQ,Iraq,2020,solar,37.076,376.545
IRQ,Iraq,2021,fossil_nes,28304.0,
IRQ,Iraq,2021,gas,,54227.001
IRQ,Iraq,2021,hydro,1557.34,3348.129
IRQ,Iraq,2021,oil,,30933.942
IRQ,Iraq,2021,pumped,240.0,
IRQ,Iraq,2021,solar,37.076,376.545
IRQ,Iraq,2022,fossil_nes,29559.0,
IRQ,Iraq,2022,gas,,54227.002
IRQ,Iraq,2022,hydro,1557.34,2653.004
IRQ,Iraq,2022,oil,,61207.324
IRQ,Iraq,2022,pumped,240.0,
IRQ,Iraq,2022,solar,41.576,376.545
IRQ,Iraq,2023,fossil_nes,31568.0,
IRQ,Iraq,2023,gas,,54227.002
IRQ,Iraq,2023,hydro,1557.34,2653.004
IRQ,Iraq,2023,oil,,61207.324
IRQ,Iraq,2023,pumped,240.0,
IRQ,Iraq,2023,solar,41.576,376.545
IRQ,Iraq,2024,fossil_nes,32128.0,
IRQ,Iraq,2024,hydro,1557.34,
IRQ,Iraq,2024,pumped,240.0,
IRQ,Iraq,2024,solar,41.576,
ISL,Iceland,2015,fossil_nes,117.0,
ISL,Iceland,2015,geothermal,665.0,5003.002
ISL,Iceland,2015,hydro,1987.0,13780.77
ISL,Iceland,2015,oil,,0.004
ISL,Iceland,2015,solar,2.539,1.965
ISL,Iceland,2015,wind_onshore,3.0,10.894
ISL,Iceland,2016,fossil_nes,117.0,
ISL,Iceland,2016,geothermal,665.0,5067.28
ISL,Iceland,2016,hydro,1987.0,13469.596
ISL,Iceland,2016,oil,,0.003
ISL,Iceland,2016,solar,3.527,2.73
ISL,Iceland,2016,wind_onshore,3.0,9.21
ISL,Iceland,2017,fossil_nes,116.282,
ISL,Iceland,2017,geothermal,709.958,5169.599
ISL,Iceland,2017,hydro,1994.747,14058.722
ISL,Iceland,2017,oil,,0.002
ISL,Iceland,2017,solar,4.333,3.354
ISL,Iceland,2017,wind_onshore,2.43,8.127
ISL,Iceland,2018,fossil_nes,116.282,
ISL,Iceland,2018,geothermal,755.558,6009.834
ISL,Iceland,2018,hydro,2098.722,13813.688
ISL,Iceland,2018,oil,,0.002
ISL,Iceland,2018,solar,5.275,4.083
ISL,Iceland,2018,wind_onshore,2.4,4.363
ISL,Iceland,2019,fossil_nes,116.282,
ISL,Iceland,2019,geothermal,755.558,6018.138
ISL,Iceland,2019,hydro,2104.459,13461.466
ISL,Iceland,2019,oil,,0.003
ISL,Iceland,2019,solar,7.001,5.419
ISL,Iceland,2019,wind_onshore,2.4,6.569
ISL,Iceland,2020,fossil_nes,116.282,
ISL,Iceland,2020,geothermal,756.158,5960.603
ISL,Iceland,2020,hydro,2114.419,13156.972
ISL,Iceland,2020,oil,,0.003
ISL,Iceland,2020,solar,7.001,5.419
ISL,Iceland,2020,wind_onshore,1.8,6.66
ISL,Iceland,2021,fossil_nes,126.282,
ISL,Iceland,2021,geothermal,756.208,5801.648
ISL,Iceland,2021,hydro,2114.484,13803.999
ISL,Iceland,2021,oil,,0.002
ISL,Iceland,2021,solar,7.001,5.419
ISL,Iceland,2021,wind_onshore,1.8,6.087
ISL,Iceland,2022,fossil_nes,126.282,
ISL,Iceland,2022,geothermal,757.58,5916.097
ISL,Iceland,2022,hydro,2105.179,14195.721
ISL,Iceland,2022,oil,,0.003
ISL,Iceland,2022,solar,7.037,5.419
ISL,Iceland,2022,wind_onshore,1.908,5.749
ISL,Iceland,2023,fossil_nes,74.408,
ISL,Iceland,2023,geothermal,787.58,6006.219
ISL,Iceland,2023,hydro,2146.68,14225.992
ISL,Iceland,2023,oil,,0.004
ISL,Iceland,2023,solar,7.037,5.419
ISL,Iceland,2023,wind_onshore,3.64,7.228
ISL,Iceland,2024,fossil_nes,74.408,
ISL,Iceland,2024,geothermal,787.58,
ISL,Iceland,2024,hydro,2146.68,
ISL,Iceland,2024,solar,7.037,
ISL,Iceland,2024,wind_onshore,3.64,
ISR,Israel,2015,bio,28.276,76.0
ISR,Israel,2015,coal,4840.0,29161.0
ISR,Israel,2015,gas,10700.0,33149.0
ISR,Israel,2015,hydro,6.61,24.5
ISR,Israel,2015,oil,940.972,419.0
ISR,Israel,2015,other,50.0,282.824
ISR,Israel,2015,solar,796.1,1216.208
ISR,Israel,2015,wind_onshore,6.0,6.7
ISR,Israel,2016,bio,28.276,122.0
ISR,Israel,2016,coal,4840.0,24162.0
ISR,Israel,2016,gas,10700.0,40824.0
ISR,Israel,2016,hydro,6.61,
ISR,Israel,2016,oil,1163.972,288.0
ISR,Israel,2016,other,50.0,278.394
ISR,Israel,2016,solar,906.1,1635.5
ISR,Israel,2016,wind_onshore,27.25,6.7
ISR,Israel,2017,bio,28.276,124.941
ISR,Israel,2017,coal,4840.0,22029.0
ISR,Israel,2017,gas,10600.0,42702.0
ISR,Israel,2017,hydro,6.61,
ISR,Israel,2017,oil,1387.972,869.0
ISR,Israel,2017,other,50.0,288.94
ISR,Israel,2017,solar,1006.1,1643.0
ISR,Israel,2017,wind_onshore,27.25,180.0
ISR,Israel,2018,bio,28.276,124.941
ISR,Israel,2018,coal,4840.0,20599.0
ISR,Israel,2018,gas,10800.0,46039.0
ISR,Israel,2018,hydro,6.61,
ISR,Israel,2018,oil,991.972,296.0
ISR,Israel,2018,other,50.0,307.921
ISR,Israel,2018,solar,1346.1,1827.999
ISR,Israel,2018,wind_onshore,27.25,183.0
ISR,Israel,2019,bio,28.276,106.952
ISR,Israel,2019,coal,4840.0,21892.0
ISR,Israel,2019,gas,11400.0,46069.0
ISR,Israel,2019,hydro,6.61,
ISR,Israel,2019,oil,966.972,834.0
ISR,Israel,2019,other,50.0,290.156
ISR,Israel,2019,solar,2138.1,3115.0
ISR,Israel,2019,wind_onshore,27.25,190.0
ISR,Israel,2020,bio,26.028,117.306
ISR,Israel,2020,coal,4840.0,18963.0
ISR,Israel,2020,gas,11400.0,48502.379
ISR,Israel,2020,hydro,6.0,
ISR,Israel,2020,oil,895.0,237.0
ISR,Israel,2020,other,50.0,261.872
ISR,Israel,2020,pumped,300.0,
ISR,Israel,2020,solar,2652.0,4163.0
ISR,Israel,2020,wind_onshore,27.25,204.0
ISR,Israel,2021,bio,26.028,103.054
ISR,Israel,2021,coal,4840.0,16946.0
ISR,Israel,2021,gas,11600.0,50956.0
ISR,Israel,2021,hydro,6.0,
ISR,Israel,2021,oil,895.0,151.0
ISR,Israel,2021,other,50.0,214.0
ISR,Israel,2021,pumped,300.0,
ISR,Israel,2021,solar,3591.0,5350.0
ISR,Israel,2021,wind_onshore,27.25,178.0
ISR,Israel,2022,bio,26.028,111.215
ISR,Israel,2022,coal,4840.0,16723.0
ISR,Israel,2022,gas,11300.0,52402.0
ISR,Israel,2022,hydro,6.0,
ISR,Israel,2022,oil,895.0,221.0
ISR,Israel,2022,other,50.0,217.0
ISR,Israel,2022,pumped,300.0,
ISR,Israel,2022,solar,4632.0,6083.0
ISR,Israel,2022,wind_onshore,136.25,317.0
ISR,Israel,2023,bio,26.028,115.0
ISR,Israel,2023,coal,4840.0,13100.0
ISR,Israel,2023,gas,11700.0,54700.0
ISR,Israel,2023,hydro,6.0,
ISR,Israel,2023,oil,895.0,208.352
ISR,Israel,2023,other,50.1,228.092
ISR,Israel,2023,pumped,300.0,2.4
ISR,Israel,2023,solar,5516.0,8562.0
ISR,Israel,2023,wind_onshore,343.25,464.0
ISR,Israel,2024,bio,26.028,
ISR,Israel,2024,coal,4840.0,
ISR,Israel,2024,gas,11727.0,
ISR,Israel,2024,hydro,6.0,
ISR,Israel,2024,oil,895.0,
ISR,Israel,2024,other,50.1,
ISR,Israel,2024,pumped,300.0,
ISR,Israel,2024,solar,5605.4,
ISR,Israel,2024,wind_onshore,343.25,
ITA,Italy,2015,bio,3367.0,19397.0
ITA,Italy,2015,coal,,45388.0
ITA,Italy,2015,fossil_nes,61807.0,
ITA,Italy,2015,gas,,110860.0
ITA,Italy,2015,geothermal,768.0,6184.971
ITA,Italy,2015,hydro,18238.0,45537.324
ITA,Italy,2015,oil,,13384.0
ITA,Italy,2015,other,764.0,3024.2
ITA,Italy,2015,pumped,3982.0,1432.144
ITA,Italy,2015,solar,18741.72,22954.667
ITA,Italy,2015,wind_onshore,9137.0,14843.882
ITA,Italy,2016,bio,3439.0,19509.0
ITA,Italy,2016,coal,,38403.0
ITA,Italy,2016,fossil_nes,58220.0,
ITA,Italy,2016,gas,,126148.0
ITA,Italy,2016,geothermal,767.0,6288.573
ITA,Italy,2016,hydro,18316.0,42431.756
ITA,Italy,2016,oil,,12131.0
ITA,Italy,2016,other,771.0,3238.2
ITA,Italy,2016,pumped,3982.0,1825.204
ITA,Italy,2016,solar,19115.72,22116.734
ITA,Italy,2016,wind_onshore,9384.0,17688.67
ITA,Italy,2017,bio,3450.488,19378.168
ITA,Italy,2017,coal,,35096.18
ITA,Italy,2017,fossil_nes,57402.252,
ITA,Italy,2017,gas,,140349.284
ITA,Italy,2017,geothermal,767.19,6201.159
ITA,Italy,2017,hydro,18485.635,36198.71
ITA,Italy,2017,oil,,11526.694
ITA,Italy,2017,other,775.834,3134.435
ITA,Italy,2017,pumped,3940.38,1825.96
ITA,Italy,2017,solar,19504.01,24390.186
ITA,Italy,2017,wind_onshore,9736.578,17741.909
ITA,Italy,2018,bio,3491.073,19152.588
ITA,Italy,2018,coal,,30955.663
ITA,Italy,2018,fossil_nes,57345.276,
ITA,Italy,2018,gas,,128537.553
ITA,Italy,2018,geothermal,767.19,6105.39
ITA,Italy,2018,hydro,18558.207,48786.414
ITA,Italy,2018,oil,,11029.13
ITA,Italy,2018,other,780.964,3055.286
ITA,Italy,2018,pumped,3940.38,1716.337
ITA,Italy,2018,solar,19916.313,22666.313
ITA,Italy,2018,wind_onshore,10230.246,17716.434
ITA,Italy,2019,bio,3454.148,19562.583
ITA,Italy,2019,coal,,21252.8
ITA,Italy,2019,fossil_nes,57405.694,
ITA,Italy,2019,gas,,141687.003
ITA,Italy,2019,geothermal,767.19,6074.86
ITA,Italy,2019,hydro,18600.706,46318.533
ITA,Italy,2019,oil,,10153.115
ITA,Italy,2019,other,722.108,3078.589
ITA,Italy,2019,pumped,3940.38,1834.983
ITA,Italy,2019,solar,20624.992,23701.375
ITA,Italy,2019,wind_onshore,10679.46,20202.042
ITA,Italy,2020,bio,3439.194,19633.78
ITA,Italy,2020,coal,,15042.969
ITA,Italy,2020,fossil_nes,56236.47,
ITA,Italy,2020,gas,,133682.784
ITA,Italy,2020,geothermal,771.79,6026.112
ITA,Italy,2020,hydro,18754.605,47551.784
ITA,Italy,2020,oil,,10043.26
ITA,Italy,2020,other,720.036,2903.993
ITA,Italy,2020,pumped,3940.38,1943.471
ITA,Italy,2020,solar,21358.759,24953.979
ITA,Italy,2020,wind_onshore,10870.622,18761.557
ITA,Italy,2021,bio,3420.381,19070.767
ITA,Italy,2021,coal,,15936.007
ITA,Italy,2021,fossil_nes,55630.392,
ITA,Italy,2021,gas,,143997.93
ITA,Italy,2021,geothermal,771.79,5913.787
ITA,Italy,2021,hydro,18809.28,45388.164
ITA,Italy,2021,oil,,7748.085
ITA,Italy,2021,other,739.406,2958.501
ITA,Italy,2021,pumped,3940.38,2090.196
ITA,Italy,2021,solar,22285.973,25051.465
ITA,Italy,2021,wind_onshore,11253.733,20927.303
ITA,Italy,2022,bio,3392.457,17615.925
ITA,Italy,2022,coal,,24196.034
ITA,Italy,2022,fossil_nes,56315.374,
ITA,Italy,2022,gas,,141445.312
ITA,Italy,2022,geothermal,771.79,5836.92
ITA,Italy,2022,hydro,18932.789,28397.576
ITA,Italy,2022,oil,,12861.937
ITA,Italy,2022,other,721.813,3099.015
ITA,Italy,2022,pumped,3928.0,1893.166
ITA,Italy,2022,solar,24559.968,28133.932
ITA,Italy,2022,wind_onshore,11820.508,20494.178
ITA,Italy,2023,bio,3398.913,16017.637
ITA,Italy,2023,coal,,14376.423
ITA,Italy,2023,fossil_nes,57172.013,
ITA,Italy,2023,gas,,118986.515
ITA,Italy,2023,geothermal,771.79,5692.194
ITA,Italy,2023,hydro,18942.427,40517.259
ITA,Italy,2023,oil,,10191.485
ITA,Italy,2023,other,4146.764,3032.525
ITA,Italy,2023,pumped,3969.55,1551.001
ITA,Italy,2023,solar,29356.116,30723.557
ITA,Italy,2023,wind_offshore,30.994,
ITA,Italy,2023,wind_onshore,12276.306,23586.706
ITA,Italy,2024,bio,3367.913,
ITA,Italy,2024,fossil_nes,57197.013,
ITA,Italy,2024,geothermal,771.79,
ITA,Italy,2024,hydro,18969.427,
ITA,Italy,2024,other,4249.764,
ITA,Italy,2024,pumped,3969.55,
ITA,Italy,2024,solar,36013.116,
ITA,Italy,2024,wind_offshore,30.994,
ITA,Italy,2024,wind_onshore,12961.306,
JAM,Jamaica,2015,bio,32.13,29.966
JAM,Jamaica,2015,hydro,30.0,125.1
JAM,Jamaica,2015,oil,890.0,3953.52
JAM,Jamaica,2015,solar,6.513,10.613
JAM,Jamaica,2015,wind_onshore,41.9,128.94
JAM,Jamaica,2016,bio,32.13,23.5
JAM,Jamaica,2016,gas,120.0,131.19
JAM,Jamaica,2016,hydro,30.0,114.93
JAM,Jamaica,2016,oil,892.0,3872.32
JAM,Jamaica,2016,solar,27.513,14.622
JAM,Jamaica,2016,wind_onshore,102.0,211.14
JAM,Jamaica,2017,bio,32.13,24.45
JAM,Jamaica,2017,gas,120.0,820.47
JAM,Jamaica,2017,hydro,30.0,150.39
JAM,Jamaica,2017,oil,892.0,3051.01
JAM,Jamaica,2017,solar,55.513,43.902
JAM,Jamaica,2017,wind_onshore,102.0,292.98
JAM,Jamaica,2018,bio,32.13,12.787
JAM,Jamaica,2018,gas,145.0,946.5
JAM,Jamaica,2018,hydro,30.0,176.12
JAM,Jamaica,2018,oil,892.0,2881.66
JAM,Jamaica,2018,solar,55.513,45.912
JAM,Jamaica,2018,wind_onshore,102.0,304.98
JAM,Jamaica,2019,bio,32.13,20.649
JAM,Jamaica,2019,gas,339.0,1162.36
JAM,Jamaica,2019,hydro,30.0,152.71
JAM,Jamaica,2019,oil,891.66,2750.31
JAM,Jamaica,2019,solar,107.013,89.962
JAM,Jamaica,2019,wind_onshore,102.0,274.51
JAM,Jamaica,2020,bio,32.13,16.9
JAM,Jamaica,2020,gas,489.0,2481.19
JAM,Jamaica,2020,hydro,30.0,134.48
JAM,Jamaica,2020,oil,891.66,1205.86
JAM,Jamaica,2020,solar,107.013,124.502
JAM,Jamaica,2020,wind_onshore,102.0,281.42
JAM,Jamaica,2021,bio,32.13,16.9
JAM,Jamaica,2021,gas,499.0,2563.17
JAM,Jamaica,2021,hydro,30.0,137.69
JAM,Jamaica,2021,oil,891.66,1206.34
JAM,Jamaica,2021,solar,108.013,132.242
JAM,Jamaica,2021,wind_onshore,102.0,264.55
JAM,Jamaica,2022,bio,32.13,9.747
JAM,Jamaica,2022,gas,499.0,2319.18
JAM,Jamaica,2022,hydro,30.0,118.93
JAM,Jamaica,2022,oil,891.66,1582.79
JAM,Jamaica,2022,solar,110.063,131.642
JAM,Jamaica,2022,wind_onshore,102.0,272.33
JAM,Jamaica,2023,bio,32.13,9.747
JAM,Jamaica,2023,gas,499.0,2810.86
JAM,Jamaica,2023,hydro,30.0,110.28
JAM,Jamaica,2023,oil,891.66,1378.42
JAM,Jamaica,2023,solar,113.063,133.602
JAM,Jamaica,2023,wind_onshore,102.0,231.72
JAM,Jamaica,2024,bio,32.13,
JAM,Jamaica,2024,gas,499.0,
JAM,Jamaica,2024,hydro,30.0,
JAM,Jamaica,2024,oil,891.66,
JAM,Jamaica,2024,solar,116.573,
JAM,Jamaica,2024,wind_onshore,102.0,
JOR,Jordan,2015,bio,13.0,6.4
JOR,Jordan,2015,fossil_nes,4173.8,
JOR,Jordan,2015,gas,,9210.0
JOR,Jordan,2015,hydro,12.0,52.5
JOR,Jordan,2015,oil,,9618.0
JOR,Jordan,2015,solar,56.767,50.938
JOR,Jordan,2015,wind_onshore,118.4,121.0
JOR,Jordan,2016,bio,13.0,4.1
JOR,Jordan,2016,gas,2351.0,16639.0
JOR,Jordan,2016,hydro,6.0,41.6
JOR,Jordan,2016,oil,1419.0,2174.6
JOR,Jordan,2016,solar,311.088,427.873
JOR,Jordan,2016,wind_onshore,184.4,391.0
JOR,Jordan,2017,bio,13.0,4.1
JOR,Jordan,2017,gas,2272.0,16559.0
JOR,Jordan,2017,hydro,6.0,38.0
JOR,Jordan,2017,oil,1419.0,2850.4
JOR,Jordan,2017,solar,417.538,894.973
JOR,Jordan,2017,wind_onshore,198.4,448.0
JOR,Jordan,2018,bio,13.0,3.4
JOR,Jordan,2018,gas,2823.0,16951.0
JOR,Jordan,2018,hydro,6.0,22.7
JOR,Jordan,2018,oil,1419.0,1364.2
JOR,Jordan,2018,solar,760.193,1415.873
JOR,Jordan,2018,wind_onshore,294.5,719.8
JOR,Jordan,2019,bio,13.0,3.5
JOR,Jordan,2019,gas,2823.0,17005.0
JOR,Jordan,2019,hydro,6.0,18.4
JOR,Jordan,2019,oil,1419.0,990.3
JOR,Jordan,2019,solar,970.99,2087.173
JOR,Jordan,2019,wind_onshore,383.6,892.4
JOR,Jordan,2020,bio,13.0,3.5
JOR,Jordan,2020,gas,2822.0,16297.3
JOR,Jordan,2020,hydro,6.0,18.3
JOR,Jordan,2020,oil,1174.0,713.2
JOR,Jordan,2020,solar,1540.875,2852.973
JOR,Jordan,2020,wind_onshore,528.61,1406.9
JOR,Jordan,2021,bio,13.0,3.5
JOR,Jordan,2021,fossil_nes,,970.0
JOR,Jordan,2021,gas,2799.0,14605.4
JOR,Jordan,2021,hydro,3.6,18.3
JOR,Jordan,2021,oil,1174.0,1192.2
JOR,Jordan,2021,solar,1810.825,3507.673
JOR,Jordan,2021,wind_onshore,632.11,1628.1
JOR,Jordan,2022,bio,13.0,3.5
JOR,Jordan,2022,fossil_nes,,1100.0
JOR,Jordan,2022,gas,2799.0,15249.1
JOR,Jordan,2022,hydro,3.6,19.1
JOR,Jordan,2022,oil,1409.0,1625.5
JOR,Jordan,2022,solar,1965.925,4350.673
JOR,Jordan,2022,wind_onshore,632.11,1750.0
JOR,Jordan,2023,bio,13.0,3.5
JOR,Jordan,2023,fossil_nes,,1199.0
JOR,Jordan,2023,gas,2799.0,16740.1
JOR,Jordan,2023,hydro,3.6,22.4
JOR,Jordan,2023,oil,1644.0,1082.9
JOR,Jordan,2023,solar,1989.925,4564.173
JOR,Jordan,2023,wind_onshore,631.11,1649.9
JOR,Jordan,2024,bio,13.0,
JOR,Jordan,2024,gas,2809.0,
JOR,Jordan,2024,hydro,3.6,
JOR,Jordan,2024,oil,1644.0,
JOR,Jordan,2024,solar,2077.185,
JOR,Jordan,2024,wind_onshore,631.11,
JPN,Japan,2015,bio,1318.5,15853.0
JPN,Japan,2015,coal,49321.0,353210.0
JPN,Japan,2015,fossil_nes,24907.0,
JPN,Japan,2015,gas,76757.0,424379.0
JPN,Japan,2015,geothermal,516.0,2595.0
JPN,Japan,2015,hydro,28111.0,87118.0
JPN,Japan,2015,nuclear,42048.0,9437.0
JPN,Japan,2015,oil,41159.0,91432.0
JPN,Japan,2015,other,925.5,30058.0
JPN,Japan,2015,pumped,21924.0,4152.0
JPN,Japan,2015,solar,34150.0,34802.0
JPN,Japan,2015,wind_offshore,58.0,92.75
JPN,Japan,2015,wind_onshore,2751.0,5487.25
JPN,Japan,2016,bio,1631.0,17325.0
JPN,Japan,2016,coal,51555.0,345226.0
JPN,Japan,2016,fossil_nes,24281.0,
JPN,Japan,2016,gas,81772.0,439419.0
JPN,Japan,2016,geothermal,526.0,2501.0
JPN,Japan,2016,hydro,28161.0,79484.0
JPN,Japan,2016,nuclear,41482.0,18060.0
JPN,Japan,2016,oil,41061.0,73553.0
JPN,Japan,2016,other,945.0,36923.0
JPN,Japan,2016,pumped,21897.0,6181.0
JPN,Japan,2016,solar,42040.0,45761.0
JPN,Japan,2016,wind_offshore,65.0,105.0
JPN,Japan,2016,wind_onshore,3140.0,6061.0
JPN,Japan,2017,bio,2025.407,19908.102
JPN,Japan,2017,coal,52642.292,348860.814
JPN,Japan,2017,fossil_nes,24662.561,
JPN,Japan,2017,gas,82297.051,425298.999
JPN,Japan,2017,geothermal,471.366,2457.052
JPN,Japan,2017,hydro,28117.125,83795.41
JPN,Japan,2017,nuclear,39132.0,32911.743
JPN,Japan,2017,oil,38318.03,60750.595
JPN,Japan,2017,other,960.607,37769.983
JPN,Japan,2017,pumped,21897.0,7308.31
JPN,Japan,2017,solar,49499.628,55068.529
JPN,Japan,2017,wind_offshore,64.6,105.0
JPN,Japan,2017,wind_onshore,3418.332,6384.562
JPN,Japan,2018,bio,2450.189,21011.779
JPN,Japan,2018,coal,50727.54,332306.205
JPN,Japan,2018,fossil_nes,25995.439,
JPN,Japan,2018,gas,84421.536,405961.302
JPN,Japan,2018,geothermal,473.115,2524.188
JPN,Japan,2018,hydro,28139.886,80968.394
JPN,Japan,2018,nuclear,38042.0,64929.104
JPN,Japan,2018,oil,36314.412,44594.995
JPN,Japan,2018,other,983.656,37031.661
JPN,Japan,2018,pumped,21897.0,7379.238
JPN,Japan,2018,solar,56161.627,62667.671
JPN,Japan,2018,wind_offshore,64.6,105.0
JPN,Japan,2018,wind_onshore,3433.014,7376.228
JPN,Japan,2019,bio,2923.174,25467.168
JPN,Japan,2019,coal,52618.32,326638.512
JPN,Japan,2019,fossil_nes,23220.44,
JPN,Japan,2019,gas,84057.686,384942.887
JPN,Japan,2019,geothermal,480.714,2846.536
JPN,Japan,2019,hydro,28135.934,79993.481
JPN,Japan,2019,nuclear,33083.0,63778.976
JPN,Japan,2019,oil,32077.804,34651.677
JPN,Japan,2019,other,1000.752,35571.814
JPN,Japan,2019,pumped,21897.0,7659.74
JPN,Japan,2019,solar,63192.0,69381.534
JPN,Japan,2019,wind_offshore,65.6,105.0
JPN,Japan,2019,wind_onshore,3885.671,7512.402
JPN,Japan,2020,bio,3323.999,27765.337
JPN,Japan,2020,coal,54643.53,310884.168
JPN,Japan,2020,fossil_nes,23625.351,
JPN,Japan,2020,gas,84278.127,394228.636
JPN,Japan,2020,geothermal,487.004,2991.863
JPN,Japan,2020,hydro,28135.694,78807.418
JPN,Japan,2020,nuclear,33083.0,38751.685
JPN,Japan,2020,oil,31330.749,31521.027
JPN,Japan,2020,other,1053.21,35118.159
JPN,Japan,2020,pumped,21897.0,8740.878
JPN,Japan,2020,solar,71868.0,79086.858
JPN,Japan,2020,wind_offshore,58.6,105.0
JPN,Japan,2020,wind_onshore,4060.521,8864.849
JPN,Japan,2021,bio,3976.379,34230.096
JPN,Japan,2021,coal,54628.01,321314.183
JPN,Japan,2021,fossil_nes,22931.055,
JPN,Japan,2021,gas,80759.131,359364.481
JPN,Japan,2021,geothermal,486.814,3008.157
JPN,Japan,2021,hydro,28031.664,78792.228
JPN,Japan,2021,nuclear,33083.0,70805.099
JPN,Japan,2021,oil,32084.452,39907.691
JPN,Japan,2021,other,1076.21,36769.812
JPN,Japan,2021,pumped,21897.0,10033.052
JPN,Japan,2021,solar,78413.0,86080.811
JPN,Japan,2021,wind_offshore,51.6,105.0
JPN,Japan,2021,wind_onshore,4210.086,9307.398
JPN,Japan,2022,bio,5280.302,37355.857
JPN,Japan,2022,coal,57388.83,308177.138
JPN,Japan,2022,fossil_nes,23155.817,
JPN,Japan,2022,gas,78950.901,344303.012
JPN,Japan,2022,geothermal,436.814,2980.057
JPN,Japan,2022,hydro,28110.857,77021.976
JPN,Japan,2022,nuclear,33083.0,56070.027
JPN,Japan,2022,oil,30084.934,42797.936
JPN,Japan,2022,other,1082.971,38089.633
JPN,Japan,2022,pumped,21897.0,8985.734
JPN,Japan,2022,solar,83057.0,92603.608
JPN,Japan,2022,wind_offshore,180.2,105.0
JPN,Japan,2022,wind_onshore,4303.277,9190.0
JPN,Japan,2023,bio,5808.569,41019.025
JPN,Japan,2023,coal,56893.29,283837.572
JPN,Japan,2023,fossil_nes,22180.332,
JPN,Japan,2023,gas,79333.513,330539.303
JPN,Japan,2023,geothermal,456.054,3399.797
JPN,Japan,2023,hydro,28169.053,75154.337
JPN,Japan,2023,nuclear,33083.0,84055.058
JPN,Japan,2023,oil,21625.737,30155.09
JPN,Japan,2023,other,1133.936,37693.794
JPN,Japan,2023,pumped,21897.0,9843.477
JPN,Japan,2023,solar,87068.0,96459.479
JPN,Japan,2023,wind_offshore,184.695,105.0
JPN,Japan,2023,wind_onshore,5184.336,10386.989
JPN,Japan,2024,bio,6223.236,
JPN,Japan,2024,coal,57748.29,
JPN,Japan,2024,fossil_nes,23084.332,
JPN,Japan,2024,gas,79765.513,
JPN,Japan,2024,geothermal,489.054,
JPN,Japan,2024,hydro,28234.053,
JPN,Japan,2024,nuclear,33083.0,
JPN,Japan,2024,oil,19681.737,
JPN,Japan,2024,other,1300.936,
JPN,Japan,2024,pumped,21850.0,
JPN,Japan,2024,solar,89601.333,
JPN,Japan,2024,wind_offshore,284.695,
JPN,Japan,2024,wind_onshore,5573.336,
KAZ,Kazakhstan,2015,bio,0.35,40.581
KAZ,Kazakhstan,2015,coal,,63316.0
KAZ,Kazakhstan,2015,fossil_nes,18500.0,
KAZ,Kazakhstan,2015,gas,,17644.0
KAZ,Kazakhstan,2015,hydro,2677.55,9269.191
KAZ,Kazakhstan,2015,oil,,1239.0
KAZ,Kazakhstan,2015,solar,57.056,46.171
KAZ,Kazakhstan,2015,wind_onshore,71.755,131.722
KAZ,Kazakhstan,2016,bio,0.35,45.719
KAZ,Kazakhstan,2016,coal,,61225.0
KAZ,Kazakhstan,2016,fossil_nes,19204.15,
KAZ,Kazakhstan,2016,gas,,19512.0
KAZ,Kazakhstan,2016,hydro,2695.58,11620.764
KAZ,Kazakhstan,2016,oil,,1920.0
KAZ,Kazakhstan,2016,solar,57.3,88.403
KAZ,Kazakhstan,2016,wind_onshore,98.16,274.983
KAZ,Kazakhstan,2017,bio,0.8,50.503
KAZ,Kazakhstan,2017,coal,,68944.0
KAZ,Kazakhstan,2017,fossil_nes,19204.15,
KAZ,Kazakhstan,2017,gas,,21759.0
KAZ,Kazakhstan,2017,hydro,2726.48,11210.192
KAZ,Kazakhstan,2017,oil,,782.0
KAZ,Kazakhstan,2017,solar,58.8,93.039
KAZ,Kazakhstan,2017,wind_onshore,112.4,339.8
KAZ,Kazakhstan,2018,bio,1.3,26.835
KAZ,Kazakhstan,2018,coal,,74806.22
KAZ,Kazakhstan,2018,fossil_nes,19461.2,
KAZ,Kazakhstan,2018,gas,,21467.0
KAZ,Kazakhstan,2018,hydro,2755.93,10395.354
KAZ,Kazakhstan,2018,oil,,63.0
KAZ,Kazakhstan,2018,solar,209.0,141.311
KAZ,Kazakhstan,2018,wind_onshore,121.45,460.583
KAZ,Kazakhstan,2019,bio,2.42,29.366
KAZ,Kazakhstan,2019,coal,,73651.964
KAZ,Kazakhstan,2019,fossil_nes,19461.2,
KAZ,Kazakhstan,2019,gas,,21453.695
KAZ,Kazakhstan,2019,hydro,2777.88,9993.659
KAZ,Kazakhstan,2019,oil,,57.2
KAZ,Kazakhstan,2019,solar,541.7,563.14
KAZ,Kazakhstan,2019,wind_onshore,283.8,717.4
KAZ,Kazakhstan,2020,bio,7.82,35.209
KAZ,Kazakhstan,2020,coal,,60477.377
KAZ,Kazakhstan,2020,fossil_nes,19461.2,
KAZ,Kazakhstan,2020,gas,,24018.99
KAZ,Kazakhstan,2020,hydro,2784.72,9660.324
KAZ,Kazakhstan,2020,oil,,58.7
KAZ,Kazakhstan,2020,solar,911.6,1349.7
KAZ,Kazakhstan,2020,wind_onshore,486.3,1076.7
KAZ,Kazakhstan,2021,bio,7.82,29.947
KAZ,Kazakhstan,2021,coal,,67981.782
KAZ,Kazakhstan,2021,fossil_nes,19461.2,
KAZ,Kazakhstan,2021,gas,,30706.287
KAZ,Kazakhstan,2021,hydro,2807.0,9208.472
KAZ,Kazakhstan,2021,oil,,3748.012
KAZ,Kazakhstan,2021,solar,1037.61,1641.09
KAZ,Kazakhstan,2021,wind_onshore,683.95,1776.41
KAZ,Kazakhstan,2022,bio,7.82,0.4
KAZ,Kazakhstan,2022,coal,,76973.93
KAZ,Kazakhstan,2022,fossil_nes,19461.2,
KAZ,Kazakhstan,2022,gas,,22685.865
KAZ,Kazakhstan,2022,hydro,2807.0,9142.138
KAZ,Kazakhstan,2022,solar,1146.232,1754.7
KAZ,Kazakhstan,2022,wind_onshore,1107.75,2361.8
KAZ,Kazakhstan,2023,bio,14.0,1.413
KAZ,Kazakhstan,2023,coal,,70347.666
KAZ,Kazakhstan,2023,fossil_nes,20221.0,
KAZ,Kazakhstan,2023,gas,,27899.654
KAZ,Kazakhstan,2023,hydro,2903.0,8809.056
KAZ,Kazakhstan,2023,oil,,868.49
KAZ,Kazakhstan,2023,solar,1306.0,1872.773
KAZ,Kazakhstan,2023,wind_onshore,1440.0,3786.415
KAZ,Kazakhstan,2024,bio,1.77,
KAZ,Kazakhstan,2024,coal,13075.0,
KAZ,Kazakhstan,2024,gas,6148.2,
KAZ,Kazakhstan,2024,hydro,2810.1,
KAZ,Kazakhstan,2024,solar,1221.6,
KAZ,Kazakhstan,2024,wind_onshore,1520.05,
KEN,Kenya,2015,bio,58.304,202.315
KEN,Kenya,2015,geothermal,618.9,4481.1
KEN,Kenya,2015,hydro,826.832,3600.893
KEN,Kenya,2015,oil,827.82,1670.09
KEN,Kenya,2015,solar,30.086,46.031
KEN,Kenya,2015,wind_onshore,26.1,47.636
KEN,Kenya,2016,bio,84.304,194.286
KEN,Kenya,2016,geothermal,652.9,4688.925
KEN,Kenya,2016,hydro,830.352,3629.243
KEN,Kenya,2016,oil,833.82,1826.66
KEN,Kenya,2016,solar,35.274,52.204
KEN,Kenya,2016,wind_onshore,26.1,61.175
KEN,Kenya,2017,bio,85.204,151.691
KEN,Kenya,2017,geothermal,672.9,4870.155
KEN,Kenya,2017,hydro,841.465,3372.933
KEN,Kenya,2017,oil,802.52,2218.375
KEN,Kenya,2017,solar,45.189,65.415
KEN,Kenya,2017,wind_onshore,26.21,56.227
KEN,Kenya,2018,bio,87.704,163.234
KEN,Kenya,2018,geothermal,683.8,5168.435
KEN,Kenya,2018,hydro,845.483,3573.725
KEN,Kenya,2018,oil,806.72,1764.21
KEN,Kenya,2018,solar,105.45,81.114
KEN,Kenya,2018,wind_onshore,336.1,58.267
KEN,Kenya,2019,bio,87.704,144.095
KEN,Kenya,2019,geothermal,683.8,5383.855
KEN,Kenya,2019,hydro,851.709,3808.365
KEN,Kenya,2019,oil,807.02,1098.965
KEN,Kenya,2019,solar,126.496,113.316
KEN,Kenya,2019,wind_onshore,336.1,57.98
KEN,Kenya,2020,bio,98.704,194.805
KEN,Kenya,2020,geothermal,863.13,5384.88
KEN,Kenya,2020,hydro,853.769,4020.61
KEN,Kenya,2020,oil,749.32,915.145
KEN,Kenya,2020,solar,146.364,145.214
KEN,Kenya,2020,wind_onshore,336.1,51.375
KEN,Kenya,2021,bio,98.704,194.855
KEN,Kenya,2021,geothermal,863.13,5182.69
KEN,Kenya,2021,hydro,857.866,3860.99
KEN,Kenya,2021,oil,750.42,1301.43
KEN,Kenya,2021,solar,216.708,421.14
KEN,Kenya,2021,wind_onshore,436.1,82.8
KEN,Kenya,2022,bio,98.704,194.794
KEN,Kenya,2022,geothermal,949.73,5697.81
KEN,Kenya,2022,hydro,858.331,3100.209
KEN,Kenya,2022,oil,681.9,1530.15
KEN,Kenya,2022,solar,318.446,579.258
KEN,Kenya,2022,wind_onshore,436.1,85.34
KEN,Kenya,2023,bio,98.704,194.644
KEN,Kenya,2023,geothermal,984.73,6085.66
KEN,Kenya,2023,hydro,892.787,3115.378
KEN,Kenya,2023,oil,608.4,1268.215
KEN,Kenya,2023,solar,534.261,879.254
KEN,Kenya,2023,wind_onshore,436.1,80.575
KEN,Kenya,2024,bio,174.204,
KEN,Kenya,2024,geothermal,939.73,
KEN,Kenya,2024,hydro,892.037,
KEN,Kenya,2024,oil,614.8,
KEN,Kenya,2024,solar,608.762,
KEN,Kenya,2024,wind_onshore,436.15,
KGZ,Kyrgyzstan,2015,coal,632.6,1923.9
KGZ,Kyrgyzstan,2015,hydro,3676.5,11092.7
KGZ,Kyrgyzstan,2016,coal,632.5,1620.6
KGZ,Kyrgyzstan,2016,hydro,3676.78,11497.8
KGZ,Kyrgyzstan,2017,coal,632.5,1251.0
KGZ,Kyrgyzstan,2017,hydro,3688.6,14203.5
KGZ,Kyrgyzstan,2018,coal,632.5,1409.7
KGZ,Kyrgyzstan,2018,hydro,3673.1,14318.3
KGZ,Kyrgyzstan,2019,coal,632.3,1255.8
KGZ,Kyrgyzstan,2019,hydro,3673.1,13859.2
KGZ,Kyrgyzstan,2020,coal,632.3,1425.058
KGZ,Kyrgyzstan,2020,hydro,3673.6,13979.12
KGZ,Kyrgyzstan,2021,coal,924.1,2180.903
KGZ,Kyrgyzstan,2021,hydro,2780.4,12957.141
KGZ,Kyrgyzstan,2022,coal,924.1,1953.9
KGZ,Kyrgyzstan,2022,hydro,2780.4,11928.6
KGZ,Kyrgyzstan,2023,coal,924.0,1808.7
KGZ,Kyrgyzstan,2023,hydro,3143.0,12030.6
KGZ,Kyrgyzstan,2023,solar,0.08,
KGZ,Kyrgyzstan,2024,coal,924.0,
KGZ,Kyrgyzstan,2024,hydro,3257.9,
KGZ,Kyrgyzstan,2024,solar,0.08,
KHM,Cambodia,2015,bio,57.645,101.475
KHM,Cambodia,2015,coal,403.0,2127.82
KHM,Cambodia,2015,fossil_nes,38.975,11.793
KHM,Cambodia,2015,hydro,929.7,2159.64
KHM,Cambodia,2015,oil,265.654,151.867
KHM,Cambodia,2015,solar,12.189,17.674
KHM,Cambodia,2015,wind_onshore,0.25,0.3
KHM,Cambodia,2016,bio,55.27,99.603
KHM,Cambodia,2016,coal,429.2,2394.22
KHM,Cambodia,2016,fossil_nes,37.213,79.029
KHM,Cambodia,2016,hydro,930.0,2567.96
KHM,Cambodia,2016,oil,267.002,399.301
KHM,Cambodia,2016,solar,18.363,26.626
KHM,Cambodia,2016,wind_onshore,0.25,0.3
KHM,Cambodia,2017,bio,75.27,106.242
KHM,Cambodia,2017,coal,564.2,3569.01
KHM,Cambodia,2017,fossil_nes,29.16,35.935
KHM,Cambodia,2017,hydro,979.7,2711.14
KHM,Cambodia,2017,oil,265.98,253.735
KHM,Cambodia,2017,solar,32.039,36.587
KHM,Cambodia,2017,wind_onshore,0.25,0.3
KHM,Cambodia,2018,bio,75.97,109.635
KHM,Cambodia,2018,coal,551.2,3056.563
KHM,Cambodia,2018,fossil_nes,24.213,0.922
KHM,Cambodia,2018,hydro,1329.7,4737.013
KHM,Cambodia,2018,oil,242.611,298.39
KHM,Cambodia,2018,solar,42.728,63.206
KHM,Cambodia,2018,wind_onshore,0.25,0.3
KHM,Cambodia,2019,bio,75.97,130.691
KHM,Cambodia,2019,coal,708.7,3734.01
KHM,Cambodia,2019,fossil_nes,0.948,0.509
KHM,Cambodia,2019,hydro,1329.7,4025.34
KHM,Cambodia,2019,oil,268.578,731.341
KHM,Cambodia,2019,solar,139.988,143.636
KHM,Cambodia,2019,wind_onshore,0.25,0.3
KHM,Cambodia,2020,bio,68.27,101.542
KHM,Cambodia,2020,coal,675.0,3918.87
KHM,Cambodia,2020,fossil_nes,7.948,0.918
KHM,Cambodia,2020,hydro,1329.7,3860.03
KHM,Cambodia,2020,oil,651.112,445.992
KHM,Cambodia,2020,solar,333.125,342.432
KHM,Cambodia,2020,wind_onshore,0.25,0.3
KHM,Cambodia,2021,bio,66.27,89.632
KHM,Cambodia,2021,coal,675.0,3455.6
KHM,Cambodia,2021,fossil_nes,7.948,0.313
KHM,Cambodia,2021,hydro,1329.7,5043.94
KHM,Cambodia,2021,oil,611.65,553.327
KHM,Cambodia,2021,solar,395.391,665.918
KHM,Cambodia,2021,wind_onshore,0.25,0.3
KHM,Cambodia,2022,bio,75.27,52.422
KHM,Cambodia,2022,coal,1045.0,3144.39
KHM,Cambodia,2022,fossil_nes,7.648,0.165
KHM,Cambodia,2022,hydro,1331.7,5898.32
KHM,Cambodia,2022,oil,635.782,345.825
KHM,Cambodia,2022,solar,480.804,759.327
KHM,Cambodia,2022,wind_onshore,0.25,0.3
KHM,Cambodia,2023,bio,73.2,115.146
KHM,Cambodia,2023,coal,1410.0,7822.6
KHM,Cambodia,2023,fossil_nes,7.648,0.227
KHM,Cambodia,2023,hydro,1331.7,4840.1
KHM,Cambodia,2023,oil,638.79,53.483
KHM,Cambodia,2023,solar,487.056,895.861
KHM,Cambodia,2023,wind_onshore,0.25,0.3
KHM,Cambodia,2024,bio,73.2,
KHM,Cambodia,2024,coal,1410.0,
KHM,Cambodia,2024,fossil_nes,7.648,
KHM,Cambodia,2024,hydro,1336.7,
KHM,Cambodia,2024,oil,638.79,
KHM,Cambodia,2024,solar,877.589,
KHM,Cambodia,2024,wind_onshore,0.25,
KIR,Kiribati,2015,oil,6.54,20.318
KIR,Kiribati,2015,solar,0.955,1.667
KIR,Kiribati,2016,oil,6.54,21.717
KIR,Kiribati,2016,solar,1.503,2.145
KIR,Kiribati,2017,oil,6.54,23.856
KIR,Kiribati,2017,solar,1.503,2.624
KIR,Kiribati,2018,oil,6.54,25.112
KIR,Kiribati,2018,solar,1.833,2.912
KIR,Kiribati,2019,oil,6.54,27.647
KIR,Kiribati,2019,solar,1.833,3.201
KIR,Kiribati,2020,oil,6.54,27.647
KIR,Kiribati,2020,solar,1.833,3.201
KIR,Kiribati,2021,oil,6.54,27.647
KIR,Kiribati,2021,solar,1.833,3.201
KIR,Kiribati,2022,oil,6.54,27.647
KIR,Kiribati,2022,solar,1.816,3.173
KIR,Kiribati,2023,oil,6.54,27.647
KIR,Kiribati,2023,solar,4.093,7.021
KIR,Kiribati,2024,oil,6.54,
KIR,Kiribati,2024,solar,4.093,
KNA,Saint Kitts and Nevis,2015,oil,66.6,209.094
KNA,Saint Kitts and Nevis,2015,solar,1.432,2.262
KNA,Saint Kitts and Nevis,2015,wind_onshore,2.2,7.6
KNA,Saint Kitts and Nevis,2016,oil,66.6,220.003
KNA,Saint Kitts and Nevis,2016,solar,1.932,3.051
KNA,Saint Kitts and Nevis,2016,wind_onshore,2.2,7.668
KNA,Saint Kitts and Nevis,2017,oil,70.45,222.081
KNA,Saint Kitts and Nevis,2017,solar,1.932,3.051
KNA,Saint Kitts and Nevis,2017,wind_onshore,2.2,5.401
KNA,Saint Kitts and Nevis,2018,oil,70.45,230.251
KNA,Saint Kitts and Nevis,2018,solar,1.964,3.101
KNA,Saint Kitts and Nevis,2018,wind_onshore,2.2,5.576
KNA,Saint Kitts and Nevis,2019,oil,70.45,241.541
KNA,Saint Kitts and Nevis,2019,solar,2.014,3.18
KNA,Saint Kitts and Nevis,2019,wind_onshore,2.2,5.576
KNA,Saint Kitts and Nevis,2020,oil,70.45,223.884
KNA,Saint Kitts and Nevis,2020,solar,3.014,4.759
KNA,Saint Kitts and Nevis,2020,wind_onshore,2.2,5.576
KNA,Saint Kitts and Nevis,2021,oil,70.45,218.082
KNA,Saint Kitts and Nevis,2021,solar,3.014,4.759
KNA,Saint Kitts and Nevis,2021,wind_onshore,2.2,5.576
KNA,Saint Kitts and Nevis,2022,oil,74.3,225.011
KNA,Saint Kitts and Nevis,2022,solar,3.014,4.759
KNA,Saint Kitts and Nevis,2022,wind_onshore,2.2,5.576
KNA,Saint Kitts and Nevis,2023,oil,74.3,225.011
KNA,Saint Kitts and Nevis,2023,solar,3.014,4.759
KNA,Saint Kitts and Nevis,2023,wind_onshore,2.2,5.576
KNA,Saint Kitts and Nevis,2024,oil,80.3,
KNA,Saint Kitts and Nevis,2024,solar,4.514,
KNA,Saint Kitts and Nevis,2024,wind_onshore,2.2,
KOR,Republic of Korea (the),2015,bio,728.5,2683.0
KOR,Republic of Korea (the),2015,coal,33227.0,233599.0
KOR,Republic of Korea (the),2015,gas,34077.0,123165.0
KOR,Republic of Korea (the),2015,hydro,1772.0,2146.0
KOR,Republic of Korea (the),2015,nuclear,21716.0,164762.0
KOR,Republic of Korea (the),2015,oil,1866.0,12518.0
KOR,Republic of Korea (the),2015,other,643.5,2179.0
KOR,Republic of Korea (the),2015,pumped,4700.0,3650.0
KOR,Republic of Korea (the),2015,solar,3467.2,3975.0
KOR,Republic of Korea (the),2015,wind_offshore,10.5,16.519
KOR,Republic of Korea (the),2015,wind_onshore,842.5,1325.481
KOR,Republic of Korea (the),2016,bio,1744.5,5832.0
KOR,Republic of Korea (the),2016,coal,33509.0,233114.0
KOR,Republic of Korea (the),2016,gas,36646.0,127330.0
KOR,Republic of Korea (the),2016,hydro,1790.0,2847.0
KOR,Republic of Korea (the),2016,nuclear,23116.0,161995.0
KOR,Republic of Korea (the),2016,oil,3444.0,17757.0
KOR,Republic of Korea (the),2016,other,689.5,2418.0
KOR,Republic of Korea (the),2016,pumped,4700.0,3787.0
KOR,Republic of Korea (the),2016,solar,4338.2,5123.0
KOR,Republic of Korea (the),2016,wind_offshore,40.5,65.857
KOR,Republic of Korea (the),2016,wind_onshore,994.5,1617.143
KOR,Republic of Korea (the),2017,bio,2348.696,6100.094
KOR,Republic of Korea (the),2017,coal,38690.718,263188.69
KOR,Republic of Korea (the),2017,gas,41663.759,125477.456
KOR,Republic of Korea (the),2017,hydro,1794.121,2819.882
KOR,Republic of Korea (the),2017,nuclear,22528.683,148426.725
KOR,Republic of Korea (the),2017,oil,3444.0,11795.021
KOR,Republic of Korea (the),2017,other,735.133,2884.518
KOR,Republic of Korea (the),2017,pumped,4700.0,4186.353
KOR,Republic of Korea (the),2017,solar,5633.673,7056.219
KOR,Republic of Korea (the),2017,wind_offshore,45.5,86.312
KOR,Republic of Korea (the),2017,wind_onshore,1097.911,2082.702
KOR,Republic of Korea (the),2018,bio,2386.598,7526.036
KOR,Republic of Korea (the),2018,coal,40346.925,263066.955
KOR,Republic of Korea (the),2018,gas,42550.644,154599.52
KOR,Republic of Korea (the),2018,hydro,1797.764,3359.418
KOR,Republic of Korea (the),2018,nuclear,21850.0,133505.261
KOR,Republic of Korea (the),2018,oil,3444.0,13027.362
KOR,Republic of Korea (the),2018,other,888.329,3298.389
KOR,Republic of Korea (the),2018,pumped,4700.0,3911.035
KOR,Republic of Korea (the),2018,solar,7701.443,9208.099
KOR,Republic of Korea (the),2018,wind_offshore,73.0,138.131
KOR,Republic of Korea (the),2018,wind_onshore,1229.644,2326.748
KOR,Republic of Korea (the),2019,bio,3215.234,8463.67
KOR,Republic of Korea (the),2019,coal,38745.785,249737.916
KOR,Republic of Korea (the),2019,gas,42701.848,146409.385
KOR,Republic of Korea (the),2019,hydro,1809.488,2791.076
KOR,Republic of Korea (the),2019,nuclear,23250.0,145909.669
KOR,Republic of Korea (the),2019,oil,3296.643,9301.885
KOR,Republic of Korea (the),2019,other,940.236,3724.487
KOR,Republic of Korea (the),2019,pumped,4700.0,3458.385
KOR,Republic of Korea (the),2019,solar,10847.367,12996.018
KOR,Republic of Korea (the),2019,wind_offshore,73.0,131.007
KOR,Republic of Korea (the),2019,wind_onshore,1420.868,2549.917
KOR,Republic of Korea (the),2020,bio,3627.417,8297.365
KOR,Republic of Korea (the),2020,coal,39329.988,219884.178
KOR,Republic of Korea (the),2020,gas,42964.71,165285.307
KOR,Republic of Korea (the),2020,hydro,1807.291,3877.23
KOR,Republic of Korea (the),2020,nuclear,23250.0,160183.721
KOR,Republic of Korea (the),2020,oil,3378.413,7294.374
KOR,Republic of Korea (the),2020,other,1120.643,5021.773
KOR,Republic of Korea (the),2020,pumped,4700.0,3271.019
KOR,Republic of Korea (the),2020,solar,14755.593,17967.196
KOR,Republic of Korea (the),2020,wind_offshore,136.0,260.48
KOR,Republic of Korea (the),2020,wind_onshore,1509.407,2890.962
KOR,Republic of Korea (the),2021,bio,2729.919,7504.819
KOR,Republic of Korea (the),2021,coal,40802.29,221820.046
KOR,Republic of Korea (the),2021,gas,42996.4,191445.562
KOR,Republic of Korea (the),2021,hydro,1821.374,3054.502
KOR,Republic of Korea (the),2021,nuclear,23250.0,158015.23
KOR,Republic of Korea (the),2021,oil,3291.543,8166.103
KOR,Republic of Korea (the),2021,other,1286.778,6218.679
KOR,Republic of Korea (the),2021,pumped,4700.0,3682.932
KOR,Republic of Korea (the),2021,solar,17905.116,23394.938
KOR,Republic of Korea (the),2021,wind_offshore,136.0,253.238
KOR,Republic of Korea (the),2021,wind_onshore,1573.116,2929.211
KOR,Republic of Korea (the),2022,bio,2729.919,9144.922
KOR,Republic of Korea (the),2022,coal,40930.893,216998.708
KOR,Republic of Korea (the),2022,gas,42996.4,169419.751
KOR,Republic of Korea (the),2022,hydro,1813.392,3541.179
KOR,Republic of Korea (the),2022,nuclear,24650.0,176054.012
KOR,Republic of Korea (the),2022,oil,2354.908,8423.452
KOR,Republic of Korea (the),2022,other,1429.463,5292.067
KOR,Republic of Korea (the),2022,pumped,4700.0,3715.049
KOR,Republic of Korea (the),2022,solar,20525.1,28918.193
KOR,Republic of Korea (the),2022,wind_offshore,143.0,247.809
KOR,Republic of Korea (the),2022,wind_onshore,1802.961,3124.41
KOR,Republic of Korea (the),2023,bio,2753.425,9933.95
KOR,Republic of Korea (the),2023,coal,41830.287,205380.045
KOR,Republic of Korea (the),2023,gas,43986.232,160814.567
KOR,Republic of Korea (the),2023,hydro,1817.266,3716.437
KOR,Republic of Korea (the),2023,nuclear,24650.0,180494.096
KOR,Republic of Korea (the),2023,oil,2406.125,7345.028
KOR,Republic of Korea (the),2023,other,1562.214,5916.824
KOR,Republic of Korea (the),2023,pumped,4700.0,3783.877
KOR,Republic of Korea (the),2023,solar,23528.217,29903.417
KOR,Republic of Korea (the),2023,wind_offshore,146.0,229.102
KOR,Republic of Korea (the),2023,wind_onshore,2018.72,3167.752
KOR,Republic of Korea (the),2024,bio,2786.425,
KOR,Republic of Korea (the),2024,coal,42880.287,
KOR,Republic of Korea (the),2024,gas,47128.799,
KOR,Republic of Korea (the),2024,hydro,1815.126,
KOR,Republic of Korea (the),2024,nuclear,26050.0,
KOR,Republic of Korea (the),2024,oil,2176.38,
KOR,Republic of Korea (the),2024,other,1563.214,
KOR,Republic of Korea (the),2024,pumped,4700.0,
KOR,Republic of Korea (the),2024,solar,26680.254,
KOR,Republic of Korea (the),2024,wind_offshore,246.0,
KOR,Republic of Korea (the),2024,wind_onshore,2015.13,
KWT,Kuwait,2015,gas,9759.2,37767.0
KWT,Kuwait,2015,oil,8500.0,30521.0
KWT,Kuwait,2015,solar,4.681,5.09
KWT,Kuwait,2015,wind_onshore,2.4,
KWT,Kuwait,2016,gas,10351.2,40732.0
KWT,Kuwait,2016,oil,8500.0,29353.0
KWT,Kuwait,2016,solar,22.009,48.814
KWT,Kuwait,2016,wind_onshore,2.4,
KWT,Kuwait,2017,gas,10223.2,40348.0
KWT,Kuwait,2017,oil,8500.0,32440.0
KWT,Kuwait,2017,solar,22.924,51.254
KWT,Kuwait,2017,wind_onshore,2.4,
KWT,Kuwait,2018,gas,10223.2,43412.0
KWT,Kuwait,2018,oil,8500.0,30691.0
KWT,Kuwait,2018,solar,33.984,53.214
KWT,Kuwait,2018,wind_onshore,12.4,1.96
KWT,Kuwait,2019,gas,11103.2,46658.0
KWT,Kuwait,2019,oil,8500.0,28413.0
KWT,Kuwait,2019,solar,84.259,58.538
KWT,Kuwait,2019,wind_onshore,12.4,3.642
KWT,Kuwait,2020,gas,11653.2,43599.0
KWT,Kuwait,2020,oil,8500.0,31142.7
KWT,Kuwait,2020,solar,84.259,55.518
KWT,Kuwait,2020,wind_onshore,12.4,4.767
KWT,Kuwait,2021,gas,11680.2,46998.233
KWT,Kuwait,2021,oil,8500.0,33570.767
KWT,Kuwait,2021,solar,84.259,143.395
KWT,Kuwait,2021,wind_onshore,12.4,70.676
KWT,Kuwait,2022,gas,11680.2,47624.628
KWT,Kuwait,2022,oil,8500.0,34018.2
KWT,Kuwait,2022,solar,101.662,179.096
KWT,Kuwait,2022,wind_onshore,12.4,70.676
KWT,Kuwait,2023,gas,11680.2,51159.728
KWT,Kuwait,2023,oil,8500.0,36686.225
KWT,Kuwait,2023,solar,101.662,114.348
KWT,Kuwait,2023,wind_onshore,12.4,57.174
KWT,Kuwait,2024,gas,11715.2,
KWT,Kuwait,2024,oil,8500.0,
KWT,Kuwait,2024,solar,101.662,
KWT,Kuwait,2024,wind_onshore,12.4,
LAO,Lao People's Democratic Republic (the),2015,bio,39.7,54.026
LAO,Lao People's Democratic Republic (the),2015,coal,1252.0,0.4
LAO,Lao People's Democratic Republic (the),2015,hydro,4393.245,16732.3
LAO,Lao People's Democratic Republic (the),2015,oil,0.021,
LAO,Lao People's Democratic Republic (the),2015,solar,2.445,3.349
LAO,Lao People's Democratic Republic (the),2016,bio,39.7,54.865
LAO,Lao People's Democratic Republic (the),2016,coal,1653.0,204.03
LAO,Lao People's Democratic Republic (the),2016,hydro,4869.385,24868.006
LAO,Lao People's Democratic Republic (the),2016,oil,0.021,
LAO,Lao People's Democratic Republic (the),2016,solar,2.69,3.686
LAO,Lao People's Democratic Republic (the),2017,bio,39.7,73.37
LAO,Lao People's Democratic Republic (the),2017,coal,1653.0,467.15
LAO,Lao People's Democratic Republic (the),2017,hydro,5108.885,31066.204
LAO,Lao People's Democratic Republic (the),2017,oil,0.021,
LAO,Lao People's Democratic Republic (the),2017,solar,8.762,12.005
LAO,Lao People's Democratic Republic (the),2018,bio,123.08,207.855
LAO,Lao People's Democratic Republic (the),2018,coal,1653.0,620.8
LAO,Lao People's Democratic Republic (the),2018,hydro,5386.885,33741.871
LAO,Lao People's Democratic Republic (the),2018,oil,0.021,
LAO,Lao People's Democratic Republic (the),2018,solar,34.244,20.232
LAO,Lao People's Democratic Republic (the),2019,bio,123.08,364.694
LAO,Lao People's Democratic Republic (the),2019,coal,1653.0,2000.0
LAO,Lao People's Democratic Republic (the),2019,hydro,6228.885,28980.486
LAO,Lao People's Democratic Republic (the),2019,oil,0.021,
LAO,Lao People's Democratic Republic (the),2019,solar,33.825,44.516
LAO,Lao People's Democratic Republic (the),2020,bio,123.08,379.438
LAO,Lao People's Democratic Republic (the),2020,coal,1653.0,7000.0
LAO,Lao People's Democratic Republic (the),2020,hydro,8018.085,32791.727
LAO,Lao People's Democratic Republic (the),2020,oil,0.021,
LAO,Lao People's Democratic Republic (the),2020,solar,44.054,64.767
LAO,Lao People's Democratic Republic (the),2021,bio,123.08,354.462
LAO,Lao People's Democratic Republic (the),2021,coal,1653.0,8000.0
LAO,Lao People's Democratic Republic (the),2021,hydro,8960.685,36737.956
LAO,Lao People's Democratic Republic (the),2021,oil,0.021,
LAO,Lao People's Democratic Republic (the),2021,solar,58.083,66.595
LAO,Lao People's Democratic Republic (the),2022,bio,123.08,512.317
LAO,Lao People's Democratic Republic (the),2022,coal,1653.0,12000.0
LAO,Lao People's Democratic Republic (the),2022,hydro,9650.685,38716.566
LAO,Lao People's Democratic Republic (the),2022,oil,0.021,
LAO,Lao People's Democratic Republic (the),2022,solar,58.083,96.063
LAO,Lao People's Democratic Republic (the),2023,bio,123.08,520.78
LAO,Lao People's Democratic Republic (the),2023,coal,1653.0,12000.0
LAO,Lao People's Democratic Republic (the),2023,hydro,9776.235,36386.77
LAO,Lao People's Democratic Republic (the),2023,oil,0.021,
LAO,Lao People's Democratic Republic (the),2023,solar,58.101,96.088
LAO,Lao People's Democratic Republic (the),2024,bio,123.08,
LAO,Lao People's Democratic Republic (the),2024,coal,1653.0,
LAO,Lao People's Democratic Republic (the),2024,hydro,10189.235,
LAO,Lao People's Democratic Republic (the),2024,oil,0.021,
LAO,Lao People's Democratic Republic (the),2024,solar,58.101,
LBN,Lebanon,2015,bio,2.0,9.951
LBN,Lebanon,2015,hydro,282.0,479.249
LBN,Lebanon,2015,oil,3359.0,11773.198
LBN,Lebanon,2015,solar,11.2,16.629
LBN,Lebanon,2015,wind_onshore,3.0,6.0
LBN,Lebanon,2016,bio,9.0,9.951
LBN,Lebanon,2016,hydro,282.0,382.145
LBN,Lebanon,2016,oil,3359.0,12678.44
LBN,Lebanon,2016,solar,24.4,36.073
LBN,Lebanon,2016,wind_onshore,3.0,6.0
LBN,Lebanon,2017,bio,9.0,30.421
LBN,Lebanon,2017,hydro,282.0,414.672
LBN,Lebanon,2017,oil,3409.0,14082.909
LBN,Lebanon,2017,solar,37.0,55.974
LBN,Lebanon,2017,wind_onshore,3.0,6.0
LBN,Lebanon,2018,bio,7.0,32.175
LBN,Lebanon,2018,hydro,282.0,347.664
LBN,Lebanon,2018,oil,3401.12,22985.833
LBN,Lebanon,2018,solar,56.2,84.924
LBN,Lebanon,2018,wind_onshore,3.0,
LBN,Lebanon,2019,bio,7.0,32.175
LBN,Lebanon,2019,hydro,282.0,965.015
LBN,Lebanon,2019,oil,3401.12,21837.09
LBN,Lebanon,2019,solar,78.0,112.229
LBN,Lebanon,2019,wind_onshore,3.0,
LBN,Lebanon,2020,bio,7.0,32.175
LBN,Lebanon,2020,hydro,282.0,1024.508
LBN,Lebanon,2020,oil,3401.12,19439.541
LBN,Lebanon,2020,solar,92.3,132.677
LBN,Lebanon,2020,wind_onshore,3.0,
LBN,Lebanon,2021,bio,7.0,32.175
LBN,Lebanon,2021,hydro,282.0,670.0
LBN,Lebanon,2021,oil,2931.12,13300.0
LBN,Lebanon,2021,solar,206.3,308.887
LBN,Lebanon,2021,wind_onshore,3.0,
LBN,Lebanon,2022,bio,7.0,32.175
LBN,Lebanon,2022,hydro,282.0,700.0
LBN,Lebanon,2022,oil,2781.12,8100.0
LBN,Lebanon,2022,solar,869.3,1262.343
LBN,Lebanon,2022,wind_onshore,3.0,
LBN,Lebanon,2023,bio,7.0,32.175
LBN,Lebanon,2023,hydro,282.0,500.0
LBN,Lebanon,2023,oil,2781.12,8000.0
LBN,Lebanon,2023,solar,1081.3,1550.342
LBN,Lebanon,2023,wind_onshore,3.0,
LBN,Lebanon,2024,bio,7.0,
LBN,Lebanon,2024,hydro,282.0,
LBN,Lebanon,2024,oil,2781.12,
LBN,Lebanon,2024,solar,1081.3,
LBN,Lebanon,2024,wind_onshore,3.0,
LBR,Liberia,2015,bio,0.07,0.184
LBR,Liberia,2015,hydro,4.86,25.25
LBR,Liberia,2015,oil,92.6,310.0
LBR,Liberia,2015,solar,0.133,0.186
LBR,Liberia,2016,bio,0.13,0.342
LBR,Liberia,2016,hydro,26.86,25.25
LBR,Liberia,2016,oil,98.0,302.1
LBR,Liberia,2016,solar,0.362,0.508
LBR,Liberia,2017,bio,0.205,0.559
LBR,Liberia,2017,hydro,92.86,128.25
LBR,Liberia,2017,oil,98.0,351.4
LBR,Liberia,2017,solar,0.731,1.026
LBR,Liberia,2018,bio,0.205,0.559
LBR,Liberia,2018,hydro,92.86,128.25
LBR,Liberia,2018,oil,98.07,277.043
LBR,Liberia,2018,solar,1.113,1.562
LBR,Liberia,2019,bio,0.205,0.559
LBR,Liberia,2019,hydro,92.86,128.25
LBR,Liberia,2019,oil,98.07,290.243
LBR,Liberia,2019,solar,1.553,2.178
LBR,Liberia,2020,bio,0.205,0.559
LBR,Liberia,2020,hydro,92.86,128.25
LBR,Liberia,2020,oil,98.07,318.243
LBR,Liberia,2020,solar,2.44,3.424
LBR,Liberia,2021,bio,0.205,0.559
LBR,Liberia,2021,hydro,92.86,248.336
LBR,Liberia,2021,oil,98.07,249.2
LBR,Liberia,2021,solar,2.136,2.899
LBR,Liberia,2022,bio,0.205,0.559
LBR,Liberia,2022,hydro,92.86,253.065
LBR,Liberia,2022,oil,98.07,235.605
LBR,Liberia,2022,solar,2.759,3.773
LBR,Liberia,2023,bio,0.205,0.559
LBR,Liberia,2023,hydro,92.86,349.371
LBR,Liberia,2023,oil,98.07,239.067
LBR,Liberia,2023,solar,2.995,4.104
LBR,Liberia,2024,bio,0.205,
LBR,Liberia,2024,hydro,92.86,
LBR,Liberia,2024,oil,98.07,
LBR,Liberia,2024,solar,2.995,
LBY,Libya,2015,gas,5746.0,20262.0
LBY,Libya,2015,oil,3873.0,17241.0
LBY,Libya,2015,solar,4.9,7.791
LBY,Libya,2016,gas,5746.0,22802.0
LBY,Libya,2016,oil,3967.0,8610.0
LBY,Libya,2016,solar,4.9,7.791
LBY,Libya,2017,gas,6271.0,22834.0
LBY,Libya,2017,oil,3967.0,10440.0
LBY,Libya,2017,solar,5.11,7.791
LBY,Libya,2018,gas,6271.0,22407.0
LBY,Libya,2018,oil,4240.0,11756.0
LBY,Libya,2018,solar,5.11,7.791
LBY,Libya,2019,gas,6271.0,23248.0
LBY,Libya,2019,oil,4240.0,11373.0
LBY,Libya,2019,solar,5.11,7.791
LBY,Libya,2020,gas,6271.0,21629.0
LBY,Libya,2020,oil,4240.0,7862.0
LBY,Libya,2020,solar,5.111,7.791
LBY,Libya,2021,gas,6271.0,26609.0
LBY,Libya,2021,oil,4540.0,8168.0
LBY,Libya,2021,solar,6.333,7.791
LBY,Libya,2022,gas,6271.0,26702.0
LBY,Libya,2022,oil,4725.0,8395.0
LBY,Libya,2022,solar,6.333,7.791
LBY,Libya,2023,gas,6506.0,26702.0
LBY,Libya,2023,oil,4725.0,8395.0
LBY,Libya,2023,solar,8.333,7.791
LBY,Libya,2024,gas,6691.0,
LBY,Libya,2024,oil,4725.0,
LBY,Libya,2024,solar,8.333,
LCA,Saint Lucia,2015,oil,88.4,381.268
LCA,Saint Lucia,2015,solar,0.76,1.181
LCA,Saint Lucia,2016,bio,0.176,0.463
LCA,Saint Lucia,2016,oil,88.4,391.431
LCA,Saint Lucia,2016,solar,0.865,1.345
LCA,Saint Lucia,2017,bio,0.176,0.463
LCA,Saint Lucia,2017,oil,88.4,398.955
LCA,Saint Lucia,2017,solar,0.865,1.345
LCA,Saint Lucia,2018,bio,0.176,0.463
LCA,Saint Lucia,2018,oil,88.4,399.228
LCA,Saint Lucia,2018,solar,3.865,6.308
LCA,Saint Lucia,2019,bio,0.176,0.463
LCA,Saint Lucia,2019,oil,88.4,407.921
LCA,Saint Lucia,2019,solar,4.11,8.138
LCA,Saint Lucia,2020,bio,0.176,0.463
LCA,Saint Lucia,2020,oil,88.4,371.599
LCA,Saint Lucia,2020,solar,4.164,7.878
LCA,Saint Lucia,2021,bio,0.176,0.463
LCA,Saint Lucia,2021,oil,88.4,390.218
LCA,Saint Lucia,2021,solar,4.164,7.558
LCA,Saint Lucia,2022,bio,0.176,0.463
LCA,Saint Lucia,2022,oil,88.4,409.405
LCA,Saint Lucia,2022,solar,4.164,7.898
LCA,Saint Lucia,2023,bio,0.176,0.463
LCA,Saint Lucia,2023,oil,88.4,423.509
LCA,Saint Lucia,2023,solar,4.239,8.276
LCA,Saint Lucia,2024,bio,0.176,
LCA,Saint Lucia,2024,oil,88.4,
LCA,Saint Lucia,2024,solar,4.98,
LKA,Sri Lanka,2015,bio,20.1,57.305
LKA,Sri Lanka,2015,coal,900.0,4457.0
LKA,Sri Lanka,2015,hydro,1688.066,5996.213
LKA,Sri Lanka,2015,oil,1188.0,2310.0
LKA,Sri Lanka,2015,solar,36.795,37.125
LKA,Sri Lanka,2015,wind_onshore,131.45,343.197
LKA,Sri Lanka,2016,bio,24.105,71.957
LKA,Sri Lanka,2016,coal,900.0,5067.0
LKA,Sri Lanka,2016,fossil_nes,10.0,0.151
LKA,Sri Lanka,2016,hydro,1726.216,4245.293
LKA,Sri Lanka,2016,oil,1164.0,4524.0
LKA,Sri Lanka,2016,solar,71.44,45.03
LKA,Sri Lanka,2016,wind_onshore,131.45,345.1
LKA,Sri Lanka,2017,bio,26.105,66.97
LKA,Sri Lanka,2017,coal,900.0,5121.0
LKA,Sri Lanka,2017,fossil_nes,10.0,37.531
LKA,Sri Lanka,2017,hydro,1745.276,4027.943
LKA,Sri Lanka,2017,oil,1164.0,5113.0
LKA,Sri Lanka,2017,solar,154.223,152.127
LKA,Sri Lanka,2017,wind_onshore,131.45,367.2
LKA,Sri Lanka,2018,bio,27.095,87.128
LKA,Sri Lanka,2018,coal,900.0,5299.0
LKA,Sri Lanka,2018,fossil_nes,10.0,39.931
LKA,Sri Lanka,2018,hydro,1796.83,6408.483
LKA,Sri Lanka,2018,oil,1137.0,3685.0
LKA,Sri Lanka,2018,solar,228.178,224.489
LKA,Sri Lanka,2018,wind_onshore,128.45,326.3
LKA,Sri Lanka,2019,bio,40.095,117.534
LKA,Sri Lanka,2019,coal,900.0,5917.0
LKA,Sri Lanka,2019,fossil_nes,10.0,42.031
LKA,Sri Lanka,2019,hydro,1813.446,4819.473
LKA,Sri Lanka,2019,oil,1282.0,5077.0
LKA,Sri Lanka,2019,solar,349.585,341.277
LKA,Sri Lanka,2019,wind_onshore,128.45,348.0
LKA,Sri Lanka,2020,bio,45.095,98.785
LKA,Sri Lanka,2020,coal,900.0,6364.947
LKA,Sri Lanka,2020,fossil_nes,10.0,40.131
LKA,Sri Lanka,2020,hydro,1797.446,4983.842
LKA,Sri Lanka,2020,oil,1268.0,4232.032
LKA,Sri Lanka,2020,other,5.0,1.062
LKA,Sri Lanka,2020,solar,435.623,463.919
LKA,Sri Lanka,2020,wind_onshore,179.0,331.656
LKA,Sri Lanka,2021,bio,45.105,127.864
LKA,Sri Lanka,2021,coal,900.0,6110.927
LKA,Sri Lanka,2021,fossil_nes,10.0,40.231
LKA,Sri Lanka,2021,hydro,1801.446,7233.981
LKA,Sri Lanka,2021,oil,1087.0,2679.244
LKA,Sri Lanka,2021,other,5.0,35.006
LKA,Sri Lanka,2021,solar,624.443,640.065
LKA,Sri Lanka,2021,wind_onshore,252.0,652.864
LKA,Sri Lanka,2022,bio,45.105,82.22
LKA,Sri Lanka,2022,coal,900.0,5729.742
LKA,Sri Lanka,2022,fossil_nes,10.0,40.131
LKA,Sri Lanka,2022,hydro,1831.446,6767.208
LKA,Sri Lanka,2022,oil,924.0,2511.91
LKA,Sri Lanka,2022,other,5.0,34.96
LKA,Sri Lanka,2022,solar,800.174,844.282
LKA,Sri Lanka,2022,wind_onshore,252.0,737.908
LKA,Sri Lanka,2023,bio,49.085,153.14
LKA,Sri Lanka,2023,coal,900.0,5150.767
LKA,Sri Lanka,2023,fossil_nes,10.0,40.231
LKA,Sri Lanka,2023,hydro,1836.446,5978.018
LKA,Sri Lanka,2023,oil,1188.0,3200.611
LKA,Sri Lanka,2023,other,5.0,36.418
LKA,Sri Lanka,2023,solar,957.834,997.966
LKA,Sri Lanka,2023,wind_onshore,267.0,824.418
LKA,Sri Lanka,2024,bio,49.085,
LKA,Sri Lanka,2024,coal,900.0,
LKA,Sri Lanka,2024,fossil_nes,10.0,
LKA,Sri Lanka,2024,hydro,1846.446,
LKA,Sri Lanka,2024,oil,1188.0,
LKA,Sri Lanka,2024,other,5.0,
LKA,Sri Lanka,2024,solar,1449.698,
LKA,Sri Lanka,2024,wind_onshore,267.0,
LSO,Lesotho,2015,hydro,74.18,533.472
LSO,Lesotho,2015,oil,0.5,0.379
LSO,Lesotho,2015,solar,0.438,0.753
LSO,Lesotho,2016,hydro,74.18,511.132
LSO,Lesotho,2016,oil,0.5,0.379
LSO,Lesotho,2016,solar,0.439,0.754
LSO,Lesotho,2017,hydro,74.18,502.042
LSO,Lesotho,2017,oil,0.5,0.604
LSO,Lesotho,2017,solar,0.439,0.754
LSO,Lesotho,2018,hydro,74.18,515.957
LSO,Lesotho,2018,oil,0.5,0.62
LSO,Lesotho,2018,solar,0.374,0.642
LSO,Lesotho,2019,hydro,74.18,391.681
LSO,Lesotho,2019,oil,0.5,0.528
LSO,Lesotho,2019,solar,0.599,1.031
LSO,Lesotho,2020,hydro,74.18,426.34
LSO,Lesotho,2020,oil,0.5,0.522
LSO,Lesotho,2020,solar,0.605,1.043
LSO,Lesotho,2021,hydro,74.18,531.415
LSO,Lesotho,2021,oil,0.52,2.512
LSO,Lesotho,2021,solar,0.57,0.981
LSO,Lesotho,2022,hydro,74.18,480.255
LSO,Lesotho,2022,oil,0.528,0.815
LSO,Lesotho,2022,solar,0.74,1.275
LSO,Lesotho,2023,hydro,74.18,480.255
LSO,Lesotho,2023,oil,0.608,0.815
LSO,Lesotho,2023,solar,28.795,1.37
LSO,Lesotho,2024,gas,0.608,
LSO,Lesotho,2024,hydro,75.18,
LSO,Lesotho,2024,oil,0.608,
LSO,Lesotho,2024,solar,28.795,
LTU,Lithuania,2015,bio,71.0,446.0
LTU,Lithuania,2015,fossil_nes,2101.0,
LTU,Lithuania,2015,gas,,1979.0
LTU,Lithuania,2015,hydro,117.0,349.0
LTU,Lithuania,2015,oil,,275.0
LTU,Lithuania,2015,other,33.0,326.0
LTU,Lithuania,2015,pumped,760.0,675.0
LTU,Lithuania,2015,solar,66.606,73.0
LTU,Lithuania,2015,wind_onshore,436.0,810.0
LTU,Lithuania,2016,bio,71.5,439.0
LTU,Lithuania,2016,fossil_nes,2101.0,
LTU,Lithuania,2016,gas,,986.0
LTU,Lithuania,2016,hydro,117.0,454.0
LTU,Lithuania,2016,oil,,221.0
LTU,Lithuania,2016,other,36.5,374.0
LTU,Lithuania,2016,pumped,760.0,590.0
LTU,Lithuania,2016,solar,67.541,66.0
LTU,Lithuania,2016,wind_onshore,509.0,1136.0
LTU,Lithuania,2017,bio,78.5,503.648
LTU,Lithuania,2017,fossil_nes,1742.0,
LTU,Lithuania,2017,gas,,597.587
LTU,Lithuania,2017,hydro,117.0,602.4
LTU,Lithuania,2017,oil,,139.084
LTU,Lithuania,2017,other,36.5,333.681
LTU,Lithuania,2017,pumped,760.0,579.0
LTU,Lithuania,2017,solar,74.916,68.0
LTU,Lithuania,2017,wind_onshore,518.0,1363.8
LTU,Lithuania,2018,bio,104.0,543.0
LTU,Lithuania,2018,fossil_nes,1720.0,
LTU,Lithuania,2018,gas,,330.3
LTU,Lithuania,2018,hydro,117.0,431.0
LTU,Lithuania,2018,oil,,131.4
LTU,Lithuania,2018,other,38.0,316.2
LTU,Lithuania,2018,pumped,760.0,528.6
LTU,Lithuania,2018,solar,89.087,86.6
LTU,Lithuania,2018,wind_onshore,533.0,1144.0
LTU,Lithuania,2019,bio,105.0,533.2
LTU,Lithuania,2019,fossil_nes,1719.0,
LTU,Lithuania,2019,gas,,523.8
LTU,Lithuania,2019,hydro,117.0,345.4
LTU,Lithuania,2019,oil,,67.7
LTU,Lithuania,2019,other,40.0,308.7
LTU,Lithuania,2019,pumped,760.0,602.3
LTU,Lithuania,2019,solar,130.013,91.1
LTU,Lithuania,2019,wind_onshore,534.0,1499.4
LTU,Lithuania,2020,bio,116.0,594.1
LTU,Lithuania,2020,fossil_nes,1738.0,
LTU,Lithuania,2020,gas,,1698.0
LTU,Lithuania,2020,hydro,117.0,300.6
LTU,Lithuania,2020,oil,,123.3
LTU,Lithuania,2020,other,56.0,341.5
LTU,Lithuania,2020,pumped,760.0,779.5
LTU,Lithuania,2020,solar,244.495,128.8
LTU,Lithuania,2020,wind_onshore,540.0,1551.7
LTU,Lithuania,2021,bio,115.5,685.5
LTU,Lithuania,2021,fossil_nes,1734.0,
LTU,Lithuania,2021,gas,,1221.4
LTU,Lithuania,2021,hydro,117.0,383.7
LTU,Lithuania,2021,oil,,95.1
LTU,Lithuania,2021,other,56.5,430.2
LTU,Lithuania,2021,pumped,760.0,710.2
LTU,Lithuania,2021,solar,421.881,190.8
LTU,Lithuania,2021,wind_onshore,671.0,1361.7
LTU,Lithuania,2022,bio,118.0,708.2
LTU,Lithuania,2022,fossil_nes,1730.0,
LTU,Lithuania,2022,gas,,514.8
LTU,Lithuania,2022,hydro,117.0,464.4
LTU,Lithuania,2022,oil,,376.0
LTU,Lithuania,2022,other,58.0,308.8
LTU,Lithuania,2022,pumped,760.0,556.2
LTU,Lithuania,2022,solar,738.468,342.0
LTU,Lithuania,2022,wind_onshore,946.0,1512.4
LTU,Lithuania,2023,bio,169.0,762.5
LTU,Lithuania,2023,fossil_nes,1727.0,
LTU,Lithuania,2023,gas,,584.1
LTU,Lithuania,2023,hydro,117.0,450.2
LTU,Lithuania,2023,oil,,214.2
LTU,Lithuania,2023,other,60.0,204.5
LTU,Lithuania,2023,pumped,760.0,538.6
LTU,Lithuania,2023,solar,1324.0,688.4
LTU,Lithuania,2023,wind_onshore,1284.0,2536.1
LTU,Lithuania,2024,bio,134.0,
LTU,Lithuania,2024,fossil_nes,1798.0,
LTU,Lithuania,2024,hydro,89.0,
LTU,Lithuania,2024,other,60.0,
LTU,Lithuania,2024,pumped,760.0,
LTU,Lithuania,2024,solar,2567.0,
LTU,Lithuania,2024,wind_onshore,1828.0,
LUX,Luxembourg,2015,bio,24.443,125.964
LUX,Luxembourg,2015,fossil_nes,480.574,
LUX,Luxembourg,2015,gas,,837.547
LUX,Luxembourg,2015,hydro,34.266,99.253
LUX,Luxembourg,2015,oil,,0.237
LUX,Luxembourg,2015,other,8.625,66.14
LUX,Luxembourg,2015,pumped,1296.0,1431.37
LUX,Luxembourg,2015,solar,116.272,103.721
LUX,Luxembourg,2015,wind_onshore,63.794,101.848
LUX,Luxembourg,2016,bio,24.813,140.018
LUX,Luxembourg,2016,fossil_nes,104.409,
LUX,Luxembourg,2016,gas,,257.861
LUX,Luxembourg,2016,hydro,34.318,115.411
LUX,Luxembourg,2016,oil,,0.318
LUX,Luxembourg,2016,other,8.625,69.459
LUX,Luxembourg,2016,pumped,1296.0,1412.739
LUX,Luxembourg,2016,solar,121.896,100.288
LUX,Luxembourg,2016,wind_onshore,119.694,101.486
LUX,Luxembourg,2017,bio,35.713,171.453
LUX,Luxembourg,2017,fossil_nes,83.151,
LUX,Luxembourg,2017,gas,,220.921
LUX,Luxembourg,2017,hydro,34.545,85.649
LUX,Luxembourg,2017,oil,,0.291
LUX,Luxembourg,2017,other,8.625,77.223
LUX,Luxembourg,2017,pumped,1296.0,1336.318
LUX,Luxembourg,2017,solar,128.103,108.463
LUX,Luxembourg,2017,wind_onshore,119.694,234.823
LUX,Luxembourg,2018,bio,35.973,217.172
LUX,Luxembourg,2018,fossil_nes,83.151,
LUX,Luxembourg,2018,gas,,195.271
LUX,Luxembourg,2018,hydro,34.473,92.778
LUX,Luxembourg,2018,oil,,0.224
LUX,Luxembourg,2018,other,8.625,76.958
LUX,Luxembourg,2018,pumped,1296.0,1243.985
LUX,Luxembourg,2018,solar,130.624,118.725
LUX,Luxembourg,2018,wind_onshore,122.894,254.575
LUX,Luxembourg,2019,bio,55.973,278.129
LUX,Luxembourg,2019,fossil_nes,84.123,
LUX,Luxembourg,2019,gas,,191.359
LUX,Luxembourg,2019,hydro,34.473,106.915
LUX,Luxembourg,2019,oil,,0.26
LUX,Luxembourg,2019,other,8.625,77.715
LUX,Luxembourg,2019,pumped,1296.0,842.376
LUX,Luxembourg,2019,solar,159.736,130.385
LUX,Luxembourg,2019,wind_onshore,135.794,281.283
LUX,Luxembourg,2020,bio,56.083,372.29
LUX,Luxembourg,2020,fossil_nes,73.38,
LUX,Luxembourg,2020,gas,,184.045
LUX,Luxembourg,2020,hydro,34.527,91.602
LUX,Luxembourg,2020,oil,,0.01
LUX,Luxembourg,2020,other,8.625,71.449
LUX,Luxembourg,2020,pumped,1296.0,1002.472
LUX,Luxembourg,2020,solar,186.643,161.261
LUX,Luxembourg,2020,wind_onshore,152.744,351.135
LUX,Luxembourg,2021,bio,56.187,388.532
LUX,Luxembourg,2021,fossil_nes,69.428,
LUX,Luxembourg,2021,gas,,173.127
LUX,Luxembourg,2021,hydro,34.527,106.812
LUX,Luxembourg,2021,oil,,0.001
LUX,Luxembourg,2021,other,8.625,70.056
LUX,Luxembourg,2021,pumped,1296.0,977.96
LUX,Luxembourg,2021,solar,277.161,180.187
LUX,Luxembourg,2021,wind_onshore,136.444,314.313
LUX,Luxembourg,2022,bio,55.515,378.744
LUX,Luxembourg,2022,fossil_nes,80.806,
LUX,Luxembourg,2022,gas,,98.864
LUX,Luxembourg,2022,hydro,34.045,64.091
LUX,Luxembourg,2022,oil,,0.001
LUX,Luxembourg,2022,other,8.625,68.44
LUX,Luxembourg,2022,pumped,1296.0,1059.467
LUX,Luxembourg,2022,solar,316.634,276.268
LUX,Luxembourg,2022,wind_onshore,165.334,312.221
LUX,Luxembourg,2023,bio,91.82,365.609
LUX,Luxembourg,2023,fossil_nes,74.62,
LUX,Luxembourg,2023,gas,,85.138
LUX,Luxembourg,2023,hydro,33.91,88.616
LUX,Luxembourg,2023,oil,,0.001
LUX,Luxembourg,2023,other,8.625,56.13
LUX,Luxembourg,2023,pumped,1296.0,1147.222
LUX,Luxembourg,2023,solar,394.256,293.959
LUX,Luxembourg,2023,wind_onshore,207.335,495.289
LUX,Luxembourg,2024,bio,93.82,
LUX,Luxembourg,2024,fossil_nes,70.62,
LUX,Luxembourg,2024,hydro,33.91,
LUX,Luxembourg,2024,other,8.625,
LUX,Luxembourg,2024,pumped,1296.0,
LUX,Luxembourg,2024,solar,523.256,
LUX,Luxembourg,2024,wind_onshore,210.335,
LVA,Latvia,2015,bio,126.0,769.0
LVA,Latvia,2015,fossil_nes,1149.0,
LVA,Latvia,2015,gas,,2756.0
LVA,Latvia,2015,hydro,1587.694,1860.355
LVA,Latvia,2015,oil,,1.0
LVA,Latvia,2015,solar,,0.235
LVA,Latvia,2015,wind_onshore,68.165,147.135
LVA,Latvia,2016,bio,143.0,823.0
LVA,Latvia,2016,fossil_nes,1149.34,
LVA,Latvia,2016,gas,,2944.0
LVA,Latvia,2016,hydro,1564.197,2529.521
LVA,Latvia,2016,solar,0.69,0.382
LVA,Latvia,2016,wind_onshore,69.905,127.889
LVA,Latvia,2017,bio,154.024,930.64
LVA,Latvia,2017,coal,,0.207
LVA,Latvia,2017,fossil_nes,1145.045,
LVA,Latvia,2017,gas,,2068.806
LVA,Latvia,2017,hydro,1564.318,4380.62
LVA,Latvia,2017,oil,,0.476
LVA,Latvia,2017,solar,0.69,0.44
LVA,Latvia,2017,wind_onshore,77.105,150.0
LVA,Latvia,2018,bio,158.423,943.715
LVA,Latvia,2018,coal,,7.267
LVA,Latvia,2018,fossil_nes,1135.609,
LVA,Latvia,2018,gas,,3218.697
LVA,Latvia,2018,hydro,1564.985,2431.569
LVA,Latvia,2018,oil,,0.316
LVA,Latvia,2018,solar,1.962,1.273
LVA,Latvia,2018,wind_onshore,78.172,122.038
LVA,Latvia,2019,bio,157.613,927.42
LVA,Latvia,2019,coal,,0.081
LVA,Latvia,2019,fossil_nes,1112.119,
LVA,Latvia,2019,gas,,3245.89
LVA,Latvia,2019,hydro,1586.69,2107.554
LVA,Latvia,2019,oil,,0.304
LVA,Latvia,2019,solar,3.302,3.137
LVA,Latvia,2019,wind_onshore,78.172,153.999
LVA,Latvia,2020,bio,156.313,864.798
LVA,Latvia,2020,coal,,0.048
LVA,Latvia,2020,fossil_nes,1117.865,
LVA,Latvia,2020,gas,,2075.163
LVA,Latvia,2020,hydro,1586.276,2603.042
LVA,Latvia,2020,oil,,0.106
LVA,Latvia,2020,solar,5.102,4.847
LVA,Latvia,2020,wind_onshore,78.172,176.842
LVA,Latvia,2021,bio,151.755,861.794
LVA,Latvia,2021,coal,,0.014
LVA,Latvia,2021,fossil_nes,1116.345,
LVA,Latvia,2021,gas,,2128.384
LVA,Latvia,2021,hydro,1587.23,2707.796
LVA,Latvia,2021,solar,7.155,6.797
LVA,Latvia,2021,wind_onshore,77.129,141.436
LVA,Latvia,2022,bio,143.866,801.348
LVA,Latvia,2022,coal,,0.159
LVA,Latvia,2022,fossil_nes,1090.274,
LVA,Latvia,2022,gas,,1210.571
LVA,Latvia,2022,hydro,1587.73,2749.823
LVA,Latvia,2022,oil,,3.725
LVA,Latvia,2022,solar,113.0,75.163
LVA,Latvia,2022,wind_onshore,82.426,190.183
LVA,Latvia,2023,bio,130.446,659.077
LVA,Latvia,2023,coal,,0.04
LVA,Latvia,2023,fossil_nes,1029.033,
LVA,Latvia,2023,gas,,1421.958
LVA,Latvia,2023,hydro,1587.73,3794.456
LVA,Latvia,2023,oil,,2.22
LVA,Latvia,2023,solar,319.0,239.068
LVA,Latvia,2023,wind_onshore,128.268,270.757
LVA,Latvia,2024,bio,130.446,
LVA,Latvia,2024,fossil_nes,1029.033,
LVA,Latvia,2024,hydro,1587.73,
LVA,Latvia,2024,solar,466.0,
LVA,Latvia,2024,wind_onshore,128.268,
MAF,Saint Martin (French Part),2015,oil,30.5,198.718
MAF,Saint Martin (French Part),2015,solar,2.6,4.282
MAF,Saint Martin (French Part),2016,oil,56.6,207.835
MAF,Saint Martin (French Part),2016,solar,1.8,2.965
MAF,Saint Martin (French Part),2017,oil,56.6,174.935
MAF,Saint Martin (French Part),2017,solar,0.1,0.165
MAF,Saint Martin (French Part),2018,oil,56.6,146.73
MAF,Saint Martin (French Part),2018,solar,0.1,0.018
MAF,Saint Martin (French Part),2019,oil,56.6,167.543
MAF,Saint Martin (French Part),2019,solar,0.5,0.446
MAF,Saint Martin (French Part),2020,oil,56.6,175.406
MAF,Saint Martin (French Part),2020,solar,1.0,1.205
MAF,Saint Martin (French Part),2021,oil,56.6,179.754
MAF,Saint Martin (French Part),2021,solar,1.0,1.468
MAF,Saint Martin (French Part),2022,oil,56.6,183.907
MAF,Saint Martin (French Part),2022,solar,1.9,1.749
MAF,Saint Martin (French Part),2023,oil,56.6,191.768
MAF,Saint Martin (French Part),2023,solar,2.1,1.646
MAF,Saint Martin (French Part),2024,oil,56.6,
MAF,Saint Martin (French Part),2024,solar,2.1,
MAR,Morocco,2015,bio,4.7,5.414
MAR,Morocco,2015,coal,2545.0,17053.1
MAR,Morocco,2015,fossil_nes,2032.0,
MAR,Morocco,2015,gas,834.0,5783.6
MAR,Morocco,2015,hydro,1305.533,1885.3
MAR,Morocco,2015,oil,,2270.8
MAR,Morocco,2015,pumped,464.0,396.2
MAR,Morocco,2015,solar,199.8,28.26
MAR,Morocco,2015,wind_onshore,797.0,2534.642
MAR,Morocco,2016,bio,7.4,10.827
MAR,Morocco,2016,coal,2545.0,16861.7
MAR,Morocco,2016,fossil_nes,2104.0,
MAR,Morocco,2016,gas,834.0,5869.7
MAR,Morocco,2016,hydro,1305.533,1255.7
MAR,Morocco,2016,oil,,3005.5
MAR,Morocco,2016,pumped,464.0,406.5
MAR,Morocco,2016,solar,201.87,426.544
MAR,Morocco,2016,wind_onshore,902.0,3015.242
MAR,Morocco,2017,bio,7.4,40.061
MAR,Morocco,2017,coal,2895.0,17545.284
MAR,Morocco,2017,fossil_nes,2121.0,
MAR,Morocco,2017,gas,834.0,5836.339
MAR,Morocco,2017,hydro,1305.533,1184.7
MAR,Morocco,2017,oil,,3493.302
MAR,Morocco,2017,pumped,464.0,380.0
MAR,Morocco,2017,solar,203.895,444.647
MAR,Morocco,2017,wind_onshore,1022.0,3050.142
MAR,Morocco,2018,bio,7.4,40.061
MAR,Morocco,2018,coal,4281.0,21260.694
MAR,Morocco,2018,fossil_nes,2122.0,
MAR,Morocco,2018,gas,834.0,5197.833
MAR,Morocco,2018,hydro,1305.533,1693.443
MAR,Morocco,2018,oil,,1272.14
MAR,Morocco,2018,pumped,464.0,304.391
MAR,Morocco,2018,solar,733.895,979.503
MAR,Morocco,2018,wind_onshore,1225.0,3855.985
MAR,Morocco,2019,bio,7.4,40.061
MAR,Morocco,2019,coal,4116.0,26899.743
MAR,Morocco,2019,fossil_nes,2026.4,
MAR,Morocco,2019,gas,834.0,4697.62
MAR,Morocco,2019,hydro,1305.533,1262.781
MAR,Morocco,2019,oil,,816.412
MAR,Morocco,2019,pumped,464.0,391.0
MAR,Morocco,2019,solar,733.903,1608.979
MAR,Morocco,2019,wind_onshore,1225.0,4714.432
MAR,Morocco,2020,bio,7.4,40.061
MAR,Morocco,2020,coal,4116.0,27205.195
MAR,Morocco,2020,fossil_nes,1726.4,
MAR,Morocco,2020,gas,834.0,3458.287
MAR,Morocco,2020,hydro,1305.533,867.637
MAR,Morocco,2020,oil,,689.238
MAR,Morocco,2020,pumped,464.0,422.45
MAR,Morocco,2020,solar,774.0,1547.434
MAR,Morocco,2020,wind_onshore,1435.0,4607.133
MAR,Morocco,2021,bio,7.4,40.061
MAR,Morocco,2021,coal,4116.0,28282.291
MAR,Morocco,2021,fossil_nes,1951.4,
MAR,Morocco,2021,gas,834.0,3462.584
MAR,Morocco,2021,hydro,1305.533,818.307
MAR,Morocco,2021,oil,,1375.387
MAR,Morocco,2021,pumped,464.0,394.345
MAR,Morocco,2021,solar,854.0,1847.806
MAR,Morocco,2021,wind_onshore,1471.0,5121.912
MAR,Morocco,2022,bio,7.4,40.061
MAR,Morocco,2022,coal,4116.0,29064.946
MAR,Morocco,2022,fossil_nes,1726.0,
MAR,Morocco,2022,gas,834.0,686.259
MAR,Morocco,2022,hydro,1305.533,350.212
MAR,Morocco,2022,oil,,4186.158
MAR,Morocco,2022,pumped,464.0,329.17
MAR,Morocco,2022,solar,854.0,1475.347
MAR,Morocco,2022,wind_onshore,1558.0,5371.121
MAR,Morocco,2023,bio,7.4,40.061
MAR,Morocco,2023,coal,4116.0,27148.662
MAR,Morocco,2023,fossil_nes,1852.0,
MAR,Morocco,2023,gas,834.0,4259.518
MAR,Morocco,2023,hydro,1305.533,353.03
MAR,Morocco,2023,oil,,1828.995
MAR,Morocco,2023,pumped,464.0,162.763
MAR,Morocco,2023,solar,854.0,641.15
MAR,Morocco,2023,wind_onshore,2076.0,6560.918
MAR,Morocco,2024,bio,7.4,
MAR,Morocco,2024,coal,4116.0,
MAR,Morocco,2024,fossil_nes,1629.0,
MAR,Morocco,2024,gas,834.0,
MAR,Morocco,2024,hydro,1305.533,
MAR,Morocco,2024,pumped,814.0,
MAR,Morocco,2024,solar,951.0,
MAR,Morocco,2024,wind_onshore,2395.0,
MDA,Republic of Moldova (the),2015,bio,3.0,15.0
MDA,Republic of Moldova (the),2015,fossil_nes,2921.0,
MDA,Republic of Moldova (the),2015,gas,,3940.526
MDA,Republic of Moldova (the),2015,hydro,64.0,268.566
MDA,Republic of Moldova (the),2015,oil,69.0,10.0
MDA,Republic of Moldova (the),2015,solar,1.0,1.519
MDA,Republic of Moldova (the),2015,wind_onshore,1.0,1.546
MDA,Republic of Moldova (the),2016,bio,3.0,14.204
MDA,Republic of Moldova (the),2016,fossil_nes,2904.0,
MDA,Republic of Moldova (the),2016,gas,,3960.744
MDA,Republic of Moldova (the),2016,hydro,64.0,230.23
MDA,Republic of Moldova (the),2016,oil,55.0,18.041
MDA,Republic of Moldova (the),2016,solar,2.0,1.911
MDA,Republic of Moldova (the),2016,wind_onshore,1.778,2.547
MDA,Republic of Moldova (the),2017,bio,6.0,23.0
MDA,Republic of Moldova (the),2017,fossil_nes,2901.0,
MDA,Republic of Moldova (the),2017,gas,,2840.17
MDA,Republic of Moldova (the),2017,hydro,64.254,285.1
MDA,Republic of Moldova (the),2017,oil,63.0,24.0
MDA,Republic of Moldova (the),2017,solar,2.0,2.0
MDA,Republic of Moldova (the),2017,wind_onshore,9.19,7.0
MDA,Republic of Moldova (the),2018,bio,5.5,27.961
MDA,Republic of Moldova (the),2018,fossil_nes,2520.0,
MDA,Republic of Moldova (the),2018,gas,352.0,3241.9
MDA,Republic of Moldova (the),2018,hydro,64.254,272.229
MDA,Republic of Moldova (the),2018,oil,68.0,16.0
MDA,Republic of Moldova (the),2018,other,,2.0
MDA,Republic of Moldova (the),2018,solar,3.0,1.457
MDA,Republic of Moldova (the),2018,wind_onshore,33.0,21.968
MDA,Republic of Moldova (the),2019,bio,5.5,28.748
MDA,Republic of Moldova (the),2019,fossil_nes,2520.0,
MDA,Republic of Moldova (the),2019,gas,348.0,3514.6
MDA,Republic of Moldova (the),2019,hydro,64.254,297.53
MDA,Republic of Moldova (the),2019,oil,76.0,8.0
MDA,Republic of Moldova (the),2019,other,,2.5
MDA,Republic of Moldova (the),2019,solar,5.0,1.437
MDA,Republic of Moldova (the),2019,wind_onshore,35.0,36.915
MDA,Republic of Moldova (the),2020,bio,6.6,27.793
MDA,Republic of Moldova (the),2020,fossil_nes,2520.0,
MDA,Republic of Moldova (the),2020,gas,352.0,3971.5
MDA,Republic of Moldova (the),2020,hydro,64.254,272.947
MDA,Republic of Moldova (the),2020,oil,70.0,3.0
MDA,Republic of Moldova (the),2020,other,,1.9
MDA,Republic of Moldova (the),2020,solar,4.3,3.275
MDA,Republic of Moldova (the),2020,wind_onshore,41.0,50.138
MDA,Republic of Moldova (the),2021,bio,7.0,32.239
MDA,Republic of Moldova (the),2021,fossil_nes,2520.0,
MDA,Republic of Moldova (the),2021,gas,346.0,4206.9
MDA,Republic of Moldova (the),2021,hydro,64.254,312.639
MDA,Republic of Moldova (the),2021,oil,77.0,38.0
MDA,Republic of Moldova (the),2021,other,,2.7
MDA,Republic of Moldova (the),2021,solar,14.476,7.764
MDA,Republic of Moldova (the),2021,wind_onshore,67.0,76.31
MDA,Republic of Moldova (the),2022,bio,15.33,23.567
MDA,Republic of Moldova (the),2022,fossil_nes,2520.0,
MDA,Republic of Moldova (the),2022,gas,346.0,3317.6
MDA,Republic of Moldova (the),2022,hydro,64.254,274.296
MDA,Republic of Moldova (the),2022,oil,77.0,1.0
MDA,Republic of Moldova (the),2022,other,,1.4
MDA,Republic of Moldova (the),2022,solar,60.13,30.297
MDA,Republic of Moldova (the),2022,wind_onshore,115.1,142.373
MDA,Republic of Moldova (the),2023,bio,15.33,13.8
MDA,Republic of Moldova (the),2023,fossil_nes,2520.0,
MDA,Republic of Moldova (the),2023,gas,346.0,3882.0
MDA,Republic of Moldova (the),2023,hydro,64.75,236.8
MDA,Republic of Moldova (the),2023,oil,77.0,1.0
MDA,Republic of Moldova (the),2023,solar,200.61,132.3
MDA,Republic of Moldova (the),2023,wind_onshore,141.32,191.3
MDA,Republic of Moldova (the),2024,bio,6.8,
MDA,Republic of Moldova (the),2024,fossil_nes,2520.0,
MDA,Republic of Moldova (the),2024,gas,346.0,
MDA,Republic of Moldova (the),2024,hydro,64.75,
MDA,Republic of Moldova (the),2024,oil,77.0,
MDA,Republic of Moldova (the),2024,solar,344.0,
MDA,Republic of Moldova (the),2024,wind_onshore,122.53,
MDG,Madagascar,2015,bio,0.234,0.615
MDG,Madagascar,2015,coal,120.0,
MDG,Madagascar,2015,hydro,163.672,965.359
MDG,Madagascar,2015,oil,394.0,607.416
MDG,Madagascar,2015,solar,0.442,0.767
MDG,Madagascar,2015,wind_onshore,0.177,0.465
MDG,Madagascar,2016,bio,0.234,0.615
MDG,Madagascar,2016,coal,120.0,197.71
MDG,Madagascar,2016,hydro,163.731,917.444
MDG,Madagascar,2016,oil,394.0,567.2
MDG,Madagascar,2016,solar,1.248,2.164
MDG,Madagascar,2016,wind_onshore,0.177,0.465
MDG,Madagascar,2017,bio,0.234,0.615
MDG,Madagascar,2017,coal,120.0,117.2
MDG,Madagascar,2017,hydro,163.846,815.325
MDG,Madagascar,2017,oil,454.0,800.663
MDG,Madagascar,2017,solar,1.786,3.099
MDG,Madagascar,2017,wind_onshore,0.177,0.465
MDG,Madagascar,2018,bio,0.234,0.615
MDG,Madagascar,2018,coal,120.0,117.2
MDG,Madagascar,2018,hydro,163.906,1000.256
MDG,Madagascar,2018,oil,502.0,711.256
MDG,Madagascar,2018,solar,22.004,36.475
MDG,Madagascar,2018,wind_onshore,0.177,0.465
MDG,Madagascar,2019,bio,0.234,0.615
MDG,Madagascar,2019,coal,120.0,117.2
MDG,Madagascar,2019,hydro,164.206,919.957
MDG,Madagascar,2019,oil,502.0,856.319
MDG,Madagascar,2019,solar,23.002,38.208
MDG,Madagascar,2019,wind_onshore,0.177,0.465
MDG,Madagascar,2020,bio,0.234,0.615
MDG,Madagascar,2020,coal,120.0,117.2
MDG,Madagascar,2020,hydro,164.006,850.416
MDG,Madagascar,2020,oil,502.0,901.276
MDG,Madagascar,2020,solar,24.289,40.441
MDG,Madagascar,2020,wind_onshore,0.177,0.465
MDG,Madagascar,2021,bio,0.234,0.615
MDG,Madagascar,2021,coal,120.0,117.2
MDG,Madagascar,2021,hydro,164.006,799.849
MDG,Madagascar,2021,oil,502.0,1026.141
MDG,Madagascar,2021,solar,24.158,40.214
MDG,Madagascar,2021,wind_onshore,0.177,0.465
MDG,Madagascar,2022,bio,0.234,0.615
MDG,Madagascar,2022,coal,120.0,117.2
MDG,Madagascar,2022,hydro,192.006,854.967
MDG,Madagascar,2022,oil,503.6,994.115
MDG,Madagascar,2022,solar,52.959,87.798
MDG,Madagascar,2022,wind_onshore,0.177,0.465
MDG,Madagascar,2023,bio,0.234,0.615
MDG,Madagascar,2023,coal,120.0,117.2
MDG,Madagascar,2023,hydro,192.566,1018.414
MDG,Madagascar,2023,oil,503.6,853.525
MDG,Madagascar,2023,solar,58.022,96.429
MDG,Madagascar,2023,wind_onshore,0.177,0.465
MDG,Madagascar,2024,bio,0.234,
MDG,Madagascar,2024,coal,120.0,
MDG,Madagascar,2024,hydro,192.566,
MDG,Madagascar,2024,oil,503.6,
MDG,Madagascar,2024,solar,58.022,
MDG,Madagascar,2024,wind_onshore,0.177,
MDV,Maldives,2015,oil,141.0,630.68
MDV,Maldives,2015,solar,4.799,7.198
MDV,Maldives,2015,wind_onshore,1.407,2.465
MDV,Maldives,2016,oil,214.0,615.576
MDV,Maldives,2016,solar,7.488,11.232
MDV,Maldives,2016,wind_onshore,1.407,2.465
MDV,Maldives,2017,oil,214.0,639.615
MDV,Maldives,2017,solar,10.791,16.186
MDV,Maldives,2017,wind_onshore,1.407,2.465
MDV,Maldives,2018,oil,530.0,674.657
MDV,Maldives,2018,solar,16.478,24.717
MDV,Maldives,2018,wind_onshore,1.407,2.465
MDV,Maldives,2019,bio,0.25,0.026
MDV,Maldives,2019,oil,530.0,710.012
MDV,Maldives,2019,other,0.25,0.026
MDV,Maldives,2019,solar,29.0,43.5
MDV,Maldives,2019,wind_onshore,1.407,2.465
MDV,Maldives,2020,bio,0.25,0.026
MDV,Maldives,2020,oil,530.0,701.035
MDV,Maldives,2020,other,0.25,0.026
MDV,Maldives,2020,solar,39.0,58.5
MDV,Maldives,2020,wind_onshore,1.407,2.465
MDV,Maldives,2021,bio,0.25,0.026
MDV,Maldives,2021,oil,530.0,1137.552
MDV,Maldives,2021,other,0.25,0.026
MDV,Maldives,2021,solar,40.0,60.0
MDV,Maldives,2021,wind_onshore,1.407,2.465
MDV,Maldives,2022,bio,0.25,0.026
MDV,Maldives,2022,oil,530.0,1095.996
MDV,Maldives,2022,other,0.25,0.026
MDV,Maldives,2022,solar,52.0,78.0
MDV,Maldives,2022,wind_onshore,1.407,2.465
MDV,Maldives,2023,bio,0.25,0.026
MDV,Maldives,2023,oil,530.0,1198.745
MDV,Maldives,2023,other,0.25,0.026
MDV,Maldives,2023,solar,55.0,82.5
MDV,Maldives,2023,wind_onshore,1.407,2.465
MDV,Maldives,2024,bio,0.25,
MDV,Maldives,2024,oil,530.0,
MDV,Maldives,2024,other,0.25,
MDV,Maldives,2024,solar,68.5,
MDV,Maldives,2024,wind_onshore,1.407,
MEX,Mexico,2015,bio,725.221,1341.0
MEX,Mexico,2015,coal,4372.5,33808.0
MEX,Mexico,2015,gas,27160.992,186251.0
MEX,Mexico,2015,geothermal,898.0,6331.0
MEX,Mexico,2015,hydro,12223.004,30815.0
MEX,Mexico,2015,nuclear,1608.0,11577.0
MEX,Mexico,2015,oil,17136.0,31577.0
MEX,Mexico,2015,other,35.61,28.0
MEX,Mexico,2015,solar,295.0,274.0
MEX,Mexico,2015,wind_onshore,3271.191,8745.0
MEX,Mexico,2016,bio,843.259,1461.0
MEX,Mexico,2016,coal,4553.0,34591.0
MEX,Mexico,2016,gas,29352.001,192259.0
MEX,Mexico,2016,geothermal,923.5,6148.0
MEX,Mexico,2016,hydro,12580.004,30031.0
MEX,Mexico,2016,nuclear,1608.0,10567.0
MEX,Mexico,2016,oil,18139.5,33926.0
MEX,Mexico,2016,other,168.61,73.0
MEX,Mexico,2016,solar,606.0,509.0
MEX,Mexico,2016,wind_onshore,4051.194,10378.0
MEX,Mexico,2017,bio,872.562,2045.999
MEX,Mexico,2017,coal,4695.5,31054.0
MEX,Mexico,2017,gas,30083.511,190010.0
MEX,Mexico,2017,geothermal,948.5,6662.0
MEX,Mexico,2017,hydro,12628.008,32559.0
MEX,Mexico,2017,nuclear,1608.0,10883.0
MEX,Mexico,2017,oil,18543.0,38498.0
MEX,Mexico,2017,other,205.61,1305.614
MEX,Mexico,2017,solar,1072.0,398.0
MEX,Mexico,2017,wind_onshore,4180.392,10161.0
MEX,Mexico,2018,bio,871.02,2271.999
MEX,Mexico,2018,coal,5763.0,27306.0
MEX,Mexico,2018,gas,33758.67,202822.0
MEX,Mexico,2018,geothermal,948.5,5375.0
MEX,Mexico,2018,hydro,12628.005,32526.0
MEX,Mexico,2018,nuclear,1608.0,13555.0
MEX,Mexico,2018,oil,21422.0,47186.0
MEX,Mexico,2018,other,3818.61,5369.0
MEX,Mexico,2018,solar,2769.805,3244.41
MEX,Mexico,2018,wind_onshore,4180.26,12560.0
MEX,Mexico,2019,bio,871.02,2104.001
MEX,Mexico,2019,coal,6001.0,25976.0
MEX,Mexico,2019,gas,34452.67,193178.0
MEX,Mexico,2019,geothermal,973.5,5352.0
MEX,Mexico,2019,hydro,13076.005,23815.0
MEX,Mexico,2019,nuclear,1608.0,11190.0
MEX,Mexico,2019,oil,22001.0,46012.0
MEX,Mexico,2019,other,4003.61,5462.0
MEX,Mexico,2019,solar,6247.084,10064.37
MEX,Mexico,2019,wind_onshore,6541.26,16894.0
MEX,Mexico,2020,bio,873.039,2048.0
MEX,Mexico,2020,coal,6001.0,17366.0
MEX,Mexico,2020,gas,34453.117,179811.0
MEX,Mexico,2020,geothermal,973.5,5327.0
MEX,Mexico,2020,hydro,13301.009,27060.0
MEX,Mexico,2020,nuclear,1608.0,11178.0
MEX,Mexico,2020,oil,22001.0,46074.0
MEX,Mexico,2020,other,4003.61,6744.0
MEX,Mexico,2020,solar,7157.574,15990.37
MEX,Mexico,2020,wind_onshore,6995.433,19900.0
MEX,Mexico,2021,bio,880.23,1677.001
MEX,Mexico,2021,coal,6001.0,18098.0
MEX,Mexico,2021,gas,36145.117,171366.0
MEX,Mexico,2021,geothermal,998.5,4260.0
MEX,Mexico,2021,hydro,13303.009,35031.0
MEX,Mexico,2021,nuclear,1608.0,11923.0
MEX,Mexico,2021,oil,22184.0,45636.0
MEX,Mexico,2021,other,4003.61,6195.0
MEX,Mexico,2021,solar,8926.916,20402.62
MEX,Mexico,2021,wind_onshore,7468.53,21286.0
MEX,Mexico,2022,bio,882.21,1425.999
MEX,Mexico,2022,coal,6001.0,25359.0
MEX,Mexico,2022,gas,36870.5,187915.0
MEX,Mexico,2022,geothermal,998.5,4536.0
MEX,Mexico,2022,hydro,12838.009,35883.0
MEX,Mexico,2022,nuclear,1608.0,10850.0
MEX,Mexico,2022,oil,22111.0,24480.0
MEX,Mexico,2022,other,17893.61,14965.0
MEX,Mexico,2022,solar,9355.813,20550.02
MEX,Mexico,2022,wind_onshore,7633.68,20517.0
MEX,Mexico,2023,bio,886.12,1099.0
MEX,Mexico,2023,coal,6001.0,32972.0
MEX,Mexico,2023,gas,37722.5,232956.0
MEX,Mexico,2023,geothermal,998.5,4321.0
MEX,Mexico,2023,hydro,12838.009,20796.0
MEX,Mexico,2023,nuclear,1608.0,12386.0
MEX,Mexico,2023,oil,22038.0,27818.0
MEX,Mexico,2023,other,17893.61,4987.0
MEX,Mexico,2023,solar,10909.793,23575.021
MEX,Mexico,2023,wind_onshore,7317.72,20907.0
MEX,Mexico,2024,bio,889.88,
MEX,Mexico,2024,coal,6001.0,
MEX,Mexico,2024,gas,38488.5,
MEX,Mexico,2024,geothermal,998.5,
MEX,Mexico,2024,hydro,12838.009,
MEX,Mexico,2024,nuclear,1608.0,
MEX,Mexico,2024,oil,22038.0,
MEX,Mexico,2024,other,17893.61,
MEX,Mexico,2024,solar,11992.133,
MEX,Mexico,2024,wind_onshore,7317.72,
MHL,Marshall Islands (the),2015,oil,28.87,73.303
MHL,Marshall Islands (the),2015,solar,1.025,1.269
MHL,Marshall Islands (the),2015,wind_onshore,0.01,0.02
MHL,Marshall Islands (the),2016,oil,28.87,69.342
MHL,Marshall Islands (the),2016,solar,1.625,1.494
MHL,Marshall Islands (the),2016,wind_onshore,0.01,0.02
MHL,Marshall Islands (the),2017,oil,28.87,78.437
MHL,Marshall Islands (the),2017,solar,1.685,1.911
MHL,Marshall Islands (the),2017,wind_onshore,0.01,0.02
MHL,Marshall Islands (the),2018,oil,28.87,78.437
MHL,Marshall Islands (the),2018,solar,1.701,2.296
MHL,Marshall Islands (the),2018,wind_onshore,0.011,0.022
MHL,Marshall Islands (the),2019,oil,28.87,78.437
MHL,Marshall Islands (the),2019,solar,1.701,2.296
MHL,Marshall Islands (the),2019,wind_onshore,0.011,0.022
MHL,Marshall Islands (the),2020,oil,28.87,78.437
MHL,Marshall Islands (the),2020,solar,1.701,2.296
MHL,Marshall Islands (the),2020,wind_onshore,0.011,0.022
MHL,Marshall Islands (the),2021,oil,28.87,80.368
MHL,Marshall Islands (the),2021,solar,1.701,2.296
MHL,Marshall Islands (the),2021,wind_onshore,0.011,0.022
MHL,Marshall Islands (the),2022,oil,28.87,80.368
MHL,Marshall Islands (the),2022,solar,1.769,2.388
MHL,Marshall Islands (the),2022,wind_onshore,0.011,0.022
MHL,Marshall Islands (the),2023,oil,28.87,80.368
MHL,Marshall Islands (the),2023,solar,1.883,2.542
MHL,Marshall Islands (the),2023,wind_onshore,0.011,0.022
MHL,Marshall Islands (the),2024,oil,37.27,
MHL,Marshall Islands (the),2024,solar,3.183,
MHL,Marshall Islands (the),2024,wind_onshore,0.011,
MKD,North Macedonia,2015,bio,4.0,20.0
MKD,North Macedonia,2015,coal,797.0,3295.0
MKD,North Macedonia,2015,gas,251.0,183.0
MKD,North Macedonia,2015,hydro,658.0,1865.192
MKD,North Macedonia,2015,oil,30.0,139.0
MKD,North Macedonia,2015,solar,17.0,22.599
MKD,North Macedonia,2015,wind_onshore,36.8,120.768
MKD,North Macedonia,2016,bio,5.0,36.033
MKD,North Macedonia,2016,coal,828.0,2893.235
MKD,North Macedonia,2016,gas,251.0,569.092
MKD,North Macedonia,2016,hydro,661.132,1897.344
MKD,North Macedonia,2016,oil,30.0,100.619
MKD,North Macedonia,2016,solar,16.699,23.699
MKD,North Macedonia,2016,wind_onshore,36.8,109.482
MKD,North Macedonia,2017,bio,7.0,51.551
MKD,North Macedonia,2017,coal,831.0,3386.431
MKD,North Macedonia,2017,gas,251.0,828.865
MKD,North Macedonia,2017,hydro,688.23,1110.278
MKD,North Macedonia,2017,oil,29.0,88.832
MKD,North Macedonia,2017,solar,16.699,23.752
MKD,North Macedonia,2017,wind_onshore,36.8,110.48
MKD,North Macedonia,2018,bio,8.2,54.05
MKD,North Macedonia,2018,coal,831.0,2848.273
MKD,North Macedonia,2018,gas,251.0,745.876
MKD,North Macedonia,2018,hydro,692.97,1791.366
MKD,North Macedonia,2018,oil,29.0,47.478
MKD,North Macedonia,2018,solar,16.699,22.789
MKD,North Macedonia,2018,wind_onshore,36.8,97.338
MKD,North Macedonia,2019,bio,9.4,55.102
MKD,North Macedonia,2019,coal,831.0,3507.623
MKD,North Macedonia,2019,gas,251.0,957.279
MKD,North Macedonia,2019,hydro,698.08,1163.673
MKD,North Macedonia,2019,oil,29.6,61.06
MKD,North Macedonia,2019,solar,16.713,23.225
MKD,North Macedonia,2019,wind_onshore,36.8,101.807
MKD,North Macedonia,2020,bio,10.0,57.297
MKD,North Macedonia,2020,coal,831.0,2634.553
MKD,North Macedonia,2020,gas,251.0,1144.625
MKD,North Macedonia,2020,hydro,705.85,1277.144
MKD,North Macedonia,2020,oil,29.6,92.434
MKD,North Macedonia,2020,solar,79.224,24.162
MKD,North Macedonia,2020,wind_onshore,36.8,116.884
MKD,North Macedonia,2021,bio,10.6,53.818
MKD,North Macedonia,2021,coal,831.0,2185.825
MKD,North Macedonia,2021,gas,251.0,1547.5
MKD,North Macedonia,2021,hydro,706.0,1451.623
MKD,North Macedonia,2021,oil,239.6,138.407
MKD,North Macedonia,2021,solar,79.224,50.999
MKD,North Macedonia,2021,wind_onshore,36.8,103.336
MKD,North Macedonia,2022,bio,13.1,51.38
MKD,North Macedonia,2022,coal,831.0,2771.633
MKD,North Macedonia,2022,gas,251.0,991.436
MKD,North Macedonia,2022,hydro,713.2,1345.316
MKD,North Macedonia,2022,oil,240.997,574.149
MKD,North Macedonia,2022,solar,144.0,100.888
MKD,North Macedonia,2022,wind_onshore,36.8,107.656
MKD,North Macedonia,2023,bio,13.1,65.247
MKD,North Macedonia,2023,coal,831.0,2765.137
MKD,North Macedonia,2023,gas,251.0,1382.813
MKD,North Macedonia,2023,hydro,713.2,1622.934
MKD,North Macedonia,2023,oil,244.0,525.94
MKD,North Macedonia,2023,solar,506.0,355.474
MKD,North Macedonia,2023,wind_onshore,73.6,157.648
MKD,North Macedonia,2024,bio,13.1,
MKD,North Macedonia,2024,coal,831.0,
MKD,North Macedonia,2024,gas,251.0,
MKD,North Macedonia,2024,hydro,713.2,
MKD,North Macedonia,2024,oil,244.0,
MKD,North Macedonia,2024,solar,833.0,
MKD,North Macedonia,2024,wind_onshore,73.6,
MLI,Mali,2015,bio,5.686,30.016
MLI,Mali,2015,hydro,315.303,1712.038
MLI,Mali,2015,oil,357.2,834.908
MLI,Mali,2015,solar,6.303,9.706
MLI,Mali,2016,bio,5.686,32.791
MLI,Mali,2016,hydro,315.303,1905.249
MLI,Mali,2016,oil,419.5,954.274
MLI,Mali,2016,solar,7.096,10.927
MLI,Mali,2017,bio,40.686,34.008
MLI,Mali,2017,hydro,315.303,2081.493
MLI,Mali,2017,oil,459.3,1134.771
MLI,Mali,2017,solar,9.549,14.705
MLI,Mali,2018,bio,40.686,35.226
MLI,Mali,2018,hydro,315.303,1197.257
MLI,Mali,2018,oil,458.9,171.202
MLI,Mali,2018,solar,10.043,15.467
MLI,Mali,2019,bio,40.686,36.74
MLI,Mali,2019,hydro,315.303,762.492
MLI,Mali,2019,oil,471.0,793.434
MLI,Mali,2019,solar,11.078,17.06
MLI,Mali,2020,bio,40.686,36.97
MLI,Mali,2020,hydro,315.303,782.371
MLI,Mali,2020,oil,482.1,1751.79
MLI,Mali,2020,solar,61.545,17.779
MLI,Mali,2021,bio,40.686,37.085
MLI,Mali,2021,hydro,315.303,721.019
MLI,Mali,2021,oil,486.7,2007.243
MLI,Mali,2021,solar,92.546,65.521
MLI,Mali,2022,bio,40.686,37.343
MLI,Mali,2022,hydro,455.303,888.235
MLI,Mali,2022,oil,509.6,1919.956
MLI,Mali,2022,solar,96.961,66.388
MLI,Mali,2023,bio,40.686,38.701
MLI,Mali,2023,hydro,455.303,968.926
MLI,Mali,2023,oil,609.6,1788.876
MLI,Mali,2023,solar,97.009,66.388
MLI,Mali,2024,bio,42.686,
MLI,Mali,2024,hydro,455.303,
MLI,Mali,2024,oil,609.6,
MLI,Mali,2024,solar,137.009,
MLT,Malta,2015,bio,3.0,7.0
MLT,Malta,2015,oil,590.0,1203.0
MLT,Malta,2015,solar,73.802,94.99
MLT,Malta,2015,wind_onshore,0.1,0.058
MLT,Malta,2016,bio,4.56,8.307
MLT,Malta,2016,oil,475.0,720.834
MLT,Malta,2016,solar,91.608,127.885
MLT,Malta,2016,wind_onshore,0.1,0.058
MLT,Malta,2017,bio,4.56,9.738
MLT,Malta,2017,fossil_nes,52.2,
MLT,Malta,2017,gas,357.8,1286.507
MLT,Malta,2017,oil,180.0,193.214
MLT,Malta,2017,solar,108.77,162.261
MLT,Malta,2017,wind_onshore,0.1,0.058
MLT,Malta,2018,bio,4.56,8.956
MLT,Malta,2018,fossil_nes,52.2,
MLT,Malta,2018,gas,357.8,1745.381
MLT,Malta,2018,oil,180.0,18.104
MLT,Malta,2018,solar,128.893,189.981
MLT,Malta,2018,wind_onshore,0.1,0.058
MLT,Malta,2019,bio,4.56,6.401
MLT,Malta,2019,fossil_nes,52.2,
MLT,Malta,2019,gas,357.8,1827.836
MLT,Malta,2019,oil,180.0,30.148
MLT,Malta,2019,solar,151.181,195.386
MLT,Malta,2019,wind_onshore,0.1,0.058
MLT,Malta,2020,bio,4.56,5.89
MLT,Malta,2020,fossil_nes,52.2,
MLT,Malta,2020,gas,357.8,1840.58
MLT,Malta,2020,oil,180.0,59.682
MLT,Malta,2020,solar,179.907,236.866
MLT,Malta,2020,wind_onshore,0.1,0.058
MLT,Malta,2021,bio,5.76,7.233
MLT,Malta,2021,fossil_nes,52.2,
MLT,Malta,2021,gas,357.8,1906.95
MLT,Malta,2021,oil,180.0,44.868
MLT,Malta,2021,solar,194.369,255.754
MLT,Malta,2021,wind_onshore,0.1,0.058
MLT,Malta,2022,bio,4.023,7.389
MLT,Malta,2022,fossil_nes,52.2,
MLT,Malta,2022,gas,265.8,1938.682
MLT,Malta,2022,oil,180.0,57.825
MLT,Malta,2022,solar,209.475,289.396
MLT,Malta,2022,wind_onshore,0.1,0.058
MLT,Malta,2023,bio,4.023,9.611
MLT,Malta,2023,fossil_nes,52.2,
MLT,Malta,2023,gas,251.8,2009.321
MLT,Malta,2023,oil,180.0,16.7
MLT,Malta,2023,solar,225.747,308.963
MLT,Malta,2023,wind_onshore,0.057,0.033
MLT,Malta,2024,bio,4.023,
MLT,Malta,2024,fossil_nes,52.2,
MLT,Malta,2024,gas,251.8,
MLT,Malta,2024,oil,180.0,
MLT,Malta,2024,solar,233.25,
MLT,Malta,2024,wind_onshore,0.057,
MMR,Myanmar,2015,bio,47.872,205.676
MMR,Myanmar,2015,coal,68.0,28.0
MMR,Myanmar,2015,gas,1589.81,6285.0
MMR,Myanmar,2015,hydro,3190.42,9400.23
MMR,Myanmar,2015,oil,109.74,260.0
MMR,Myanmar,2015,solar,20.819,30.6
MMR,Myanmar,2015,wind_onshore,0.003,0.01
MMR,Myanmar,2016,bio,49.218,211.569
MMR,Myanmar,2016,coal,68.0,43.0
MMR,Myanmar,2016,gas,1634.81,7708.0
MMR,Myanmar,2016,hydro,3262.42,9745.1
MMR,Myanmar,2016,oil,109.74,372.0
MMR,Myanmar,2016,solar,32.008,47.05
MMR,Myanmar,2016,wind_onshore,0.003,0.02
MMR,Myanmar,2017,bio,51.992,230.699
MMR,Myanmar,2017,coal,108.0,337.0
MMR,Myanmar,2017,gas,1718.81,8260.46
MMR,Myanmar,2017,hydro,3262.42,11192.06
MMR,Myanmar,2017,oil,589.74,267.0
MMR,Myanmar,2017,other,0.38,1.3
MMR,Myanmar,2017,solar,43.781,64.35
MMR,Myanmar,2017,wind_onshore,0.006,0.02
MMR,Myanmar,2018,bio,56.682,251.242
MMR,Myanmar,2018,coal,138.0,1544.0
MMR,Myanmar,2018,gas,2165.41,10019.98
MMR,Myanmar,2018,hydro,3269.42,11229.07
MMR,Myanmar,2018,oil,589.74,77.0
MMR,Myanmar,2018,other,0.38,1.3
MMR,Myanmar,2018,solar,47.542,83.94
MMR,Myanmar,2018,wind_onshore,0.006,0.02
MMR,Myanmar,2019,bio,58.732,260.222
MMR,Myanmar,2019,coal,138.0,2262.0
MMR,Myanmar,2019,gas,2350.41,11957.0
MMR,Myanmar,2019,hydro,3269.42,9370.34
MMR,Myanmar,2019,oil,589.74,109.0
MMR,Myanmar,2019,other,0.38,1.3
MMR,Myanmar,2019,solar,88.482,152.31
MMR,Myanmar,2019,wind_onshore,0.006,0.02
MMR,Myanmar,2020,bio,58.732,261.028
MMR,Myanmar,2020,coal,138.0,1250.0
MMR,Myanmar,2020,gas,3250.41,13813.54
MMR,Myanmar,2020,hydro,3269.42,8371.51
MMR,Myanmar,2020,oil,869.74,130.0
MMR,Myanmar,2020,other,0.38,1.3
MMR,Myanmar,2020,solar,84.496,144.45
MMR,Myanmar,2020,wind_onshore,0.006,0.02
MMR,Myanmar,2021,bio,58.732,256.281
MMR,Myanmar,2021,coal,138.0,1630.0
MMR,Myanmar,2021,gas,2500.41,10705.6
MMR,Myanmar,2021,hydro,3269.42,4796.29
MMR,Myanmar,2021,oil,869.74,14.0
MMR,Myanmar,2021,other,0.38,1.3
MMR,Myanmar,2021,solar,110.447,127.01
MMR,Myanmar,2021,wind_onshore,0.006,0.02
MMR,Myanmar,2022,bio,58.732,262.611
MMR,Myanmar,2022,coal,138.0,1660.0
MMR,Myanmar,2022,gas,2635.41,10604.51
MMR,Myanmar,2022,hydro,3269.42,9071.18
MMR,Myanmar,2022,oil,869.74,10.0
MMR,Myanmar,2022,other,0.38,1.3
MMR,Myanmar,2022,solar,181.0,323.91
MMR,Myanmar,2022,wind_onshore,0.006,0.02
MMR,Myanmar,2023,bio,58.732,262.611
MMR,Myanmar,2023,coal,138.0,1660.0
MMR,Myanmar,2023,gas,2635.41,10604.51
MMR,Myanmar,2023,hydro,3269.42,9071.18
MMR,Myanmar,2023,oil,869.74,10.0
MMR,Myanmar,2023,other,0.38,1.3
MMR,Myanmar,2023,solar,181.0,323.91
MMR,Myanmar,2023,wind_onshore,0.006,0.02
MMR,Myanmar,2024,bio,58.732,
MMR,Myanmar,2024,coal,138.0,
MMR,Myanmar,2024,gas,2635.41,
MMR,Myanmar,2024,hydro,3269.42,
MMR,Myanmar,2024,oil,869.74,
MMR,Myanmar,2024,other,0.38,
MMR,Myanmar,2024,solar,216.0,
MMR,Myanmar,2024,wind_onshore,0.006,
MNE,Montenegro,2015,coal,225.0,1512.0
MNE,Montenegro,2015,hydro,661.923,1491.0
MNE,Montenegro,2016,coal,225.0,1298.0
MNE,Montenegro,2016,hydro,668.156,1843.191
MNE,Montenegro,2017,coal,225.0,1361.9
MNE,Montenegro,2017,hydro,674.812,1023.9
MNE,Montenegro,2017,wind_onshore,72.0,97.0
MNE,Montenegro,2018,coal,225.0,1554.7
MNE,Montenegro,2018,hydro,675.607,2113.0
MNE,Montenegro,2018,wind_onshore,72.0,143.0
MNE,Montenegro,2019,coal,225.0,1504.4
MNE,Montenegro,2019,hydro,676.243,1633.5
MNE,Montenegro,2019,wind_onshore,118.0,295.4
MNE,Montenegro,2020,coal,225.0,1615.4
MNE,Montenegro,2020,hydro,696.685,1447.8
MNE,Montenegro,2020,solar,2.57,2.3
MNE,Montenegro,2020,wind_onshore,118.0,315.4
MNE,Montenegro,2021,coal,225.0,1444.1
MNE,Montenegro,2021,hydro,696.685,2010.1
MNE,Montenegro,2021,solar,2.57,2.5
MNE,Montenegro,2021,wind_onshore,118.0,320.1
MNE,Montenegro,2022,coal,225.0,1550.6
MNE,Montenegro,2022,hydro,696.685,1444.1
MNE,Montenegro,2022,solar,2.87,2.8
MNE,Montenegro,2022,wind_onshore,118.0,324.7
MNE,Montenegro,2023,coal,225.0,1636.5
MNE,Montenegro,2023,hydro,696.685,2221.3
MNE,Montenegro,2023,solar,17.3,17.2
MNE,Montenegro,2023,wind_onshore,118.0,311.9
MNE,Montenegro,2024,coal,225.0,
MNE,Montenegro,2024,hydro,696.685,
MNE,Montenegro,2024,solar,30.155,
MNE,Montenegro,2024,wind_onshore,118.0,
MNG,Mongolia,2015,fossil_nes,1050.0,5415.8
MNG,Mongolia,2015,hydro,29.012,61.29
MNG,Mongolia,2015,other,16.0,8.2
MNG,Mongolia,2015,pumped,0.084,
MNG,Mongolia,2015,solar,13.595,8.294
MNG,Mongolia,2015,wind_onshore,50.606,153.558
MNG,Mongolia,2016,fossil_nes,1050.3,5555.9
MNG,Mongolia,2016,hydro,31.192,86.69
MNG,Mongolia,2016,other,16.0,6.0
MNG,Mongolia,2016,pumped,0.084,
MNG,Mongolia,2016,solar,23.595,8.094
MNG,Mongolia,2016,wind_onshore,50.606,158.506
MNG,Mongolia,2017,fossil_nes,1110.0,5826.9
MNG,Mongolia,2017,hydro,31.192,86.491
MNG,Mongolia,2017,other,2.3,3.8
MNG,Mongolia,2017,pumped,0.084,
MNG,Mongolia,2017,solar,56.295,27.494
MNG,Mongolia,2017,wind_onshore,101.006,155.406
MNG,Mongolia,2018,fossil_nes,1110.0,6152.4
MNG,Mongolia,2018,hydro,31.192,80.691
MNG,Mongolia,2018,other,2.3,3.7
MNG,Mongolia,2018,pumped,0.084,
MNG,Mongolia,2018,solar,72.795,58.894
MNG,Mongolia,2018,wind_onshore,156.006,340.006
MNG,Mongolia,2019,fossil_nes,1145.0,12693.2
MNG,Mongolia,2019,hydro,30.992,87.391
MNG,Mongolia,2019,other,2.3,3.0
MNG,Mongolia,2019,pumped,0.084,
MNG,Mongolia,2019,solar,97.795,116.794
MNG,Mongolia,2019,wind_onshore,156.006,460.306
MNG,Mongolia,2020,fossil_nes,1234.0,12987.2
MNG,Mongolia,2020,hydro,28.992,85.292
MNG,Mongolia,2020,other,2.3,2.7
MNG,Mongolia,2020,pumped,0.084,
MNG,Mongolia,2020,solar,103.167,116.694
MNG,Mongolia,2020,wind_onshore,156.0,458.207
MNG,Mongolia,2021,fossil_nes,1269.0,14219.2
MNG,Mongolia,2021,hydro,28.992,85.093
MNG,Mongolia,2021,other,8.6,1.1
MNG,Mongolia,2021,pumped,0.084,
MNG,Mongolia,2021,solar,103.367,164.694
MNG,Mongolia,2021,wind_onshore,155.994,564.008
MNG,Mongolia,2022,fossil_nes,1269.0,14857.0
MNG,Mongolia,2022,hydro,28.992,63.694
MNG,Mongolia,2022,other,8.6,1.2
MNG,Mongolia,2022,pumped,0.084,
MNG,Mongolia,2022,solar,103.397,186.495
MNG,Mongolia,2022,wind_onshore,155.989,509.509
MNG,Mongolia,2023,fossil_nes,1269.0,15510.4
MNG,Mongolia,2023,hydro,28.992,50.094
MNG,Mongolia,2023,other,8.6,0.5
MNG,Mongolia,2023,pumped,0.084,
MNG,Mongolia,2023,solar,108.397,200.795
MNG,Mongolia,2023,wind_onshore,154.589,532.509
MNG,Mongolia,2024,fossil_nes,1274.4,
MNG,Mongolia,2024,hydro,28.992,
MNG,Mongolia,2024,other,8.6,
MNG,Mongolia,2024,pumped,0.084,
MNG,Mongolia,2024,solar,143.197,
MNG,Mongolia,2024,wind_onshore,155.989,
MOZ,Mozambique,2015,bio,72.95,123.643
MOZ,Mozambique,2015,gas,469.84,53.35
MOZ,Mozambique,2015,hydro,2192.417,17091.308
MOZ,Mozambique,2015,oil,99.6,1.59
MOZ,Mozambique,2015,solar,2.65,2.106
MOZ,Mozambique,2016,bio,72.95,129.351
MOZ,Mozambique,2016,gas,347.84,52.8
MOZ,Mozambique,2016,hydro,2193.01,15614.508
MOZ,Mozambique,2016,oil,224.6,644.9
MOZ,Mozambique,2016,solar,2.65,2.106
MOZ,Mozambique,2017,bio,72.95,137.489
MOZ,Mozambique,2017,gas,347.84,2690.3
MOZ,Mozambique,2017,hydro,2193.033,14067.388
MOZ,Mozambique,2017,oil,206.6,644.5
MOZ,Mozambique,2017,solar,2.65,3.642
MOZ,Mozambique,2018,bio,72.95,104.959
MOZ,Mozambique,2018,gas,453.84,2760.416
MOZ,Mozambique,2018,hydro,2193.033,13909.755
MOZ,Mozambique,2018,oil,206.6,254.208
MOZ,Mozambique,2018,solar,2.852,14.333
MOZ,Mozambique,2019,bio,74.85,106.818
MOZ,Mozambique,2019,gas,453.64,3166.093
MOZ,Mozambique,2019,hydro,2193.033,14828.653
MOZ,Mozambique,2019,oil,206.6,139.468
MOZ,Mozambique,2019,solar,43.322,32.584
MOZ,Mozambique,2020,bio,74.85,104.507
MOZ,Mozambique,2020,gas,453.64,2948.215
MOZ,Mozambique,2020,hydro,2193.628,15713.606
MOZ,Mozambique,2020,oil,182.6,136.578
MOZ,Mozambique,2020,solar,45.435,47.78
MOZ,Mozambique,2021,bio,74.85,77.698
MOZ,Mozambique,2021,gas,453.64,3004.784
MOZ,Mozambique,2021,hydro,2193.628,15476.531
MOZ,Mozambique,2021,oil,182.6,167.473
MOZ,Mozambique,2021,solar,45.955,71.317
MOZ,Mozambique,2022,bio,74.85,65.428
MOZ,Mozambique,2022,coal,36.0,
MOZ,Mozambique,2022,gas,453.64,2968.037
MOZ,Mozambique,2022,hydro,2193.628,16183.617
MOZ,Mozambique,2022,oil,196.0,126.015
MOZ,Mozambique,2022,solar,87.525,70.354
MOZ,Mozambique,2023,bio,74.85,65.428
MOZ,Mozambique,2023,coal,36.0,
MOZ,Mozambique,2023,gas,453.64,3057.35
MOZ,Mozambique,2023,hydro,2193.628,16361.072
MOZ,Mozambique,2023,oil,194.2,152.948
MOZ,Mozambique,2023,solar,102.525,69.084
MOZ,Mozambique,2024,bio,74.85,
MOZ,Mozambique,2024,coal,36.0,
MOZ,Mozambique,2024,gas,453.64,
MOZ,Mozambique,2024,hydro,2193.628,
MOZ,Mozambique,2024,oil,194.2,
MOZ,Mozambique,2024,solar,106.943,
MRT,Mauritania,2015,gas,354.0,
MRT,Mauritania,2015,oil,59.85,841.0
MRT,Mauritania,2015,solar,18.166,26.066
MRT,Mauritania,2015,wind_onshore,34.4,104.264
MRT,Mauritania,2016,gas,354.0,
MRT,Mauritania,2016,oil,59.85,874.5
MRT,Mauritania,2016,solar,34.766,58.823
MRT,Mauritania,2016,wind_onshore,34.4,104.264
MRT,Mauritania,2017,gas,354.0,
MRT,Mauritania,2017,oil,59.85,1022.0
MRT,Mauritania,2017,solar,34.766,60.879
MRT,Mauritania,2017,wind_onshore,34.4,104.264
MRT,Mauritania,2018,gas,354.0,
MRT,Mauritania,2018,oil,95.75,1023.0
MRT,Mauritania,2018,solar,86.846,148.0
MRT,Mauritania,2018,wind_onshore,34.4,104.264
MRT,Mauritania,2019,gas,354.0,
MRT,Mauritania,2019,oil,110.625,1216.0
MRT,Mauritania,2019,solar,87.509,149.0
MRT,Mauritania,2019,wind_onshore,34.4,131.194
MRT,Mauritania,2020,gas,354.0,
MRT,Mauritania,2020,oil,110.625,1178.0
MRT,Mauritania,2020,solar,87.509,145.0
MRT,Mauritania,2020,wind_onshore,34.4,131.194
MRT,Mauritania,2021,gas,354.0,
MRT,Mauritania,2021,oil,150.625,1080.0
MRT,Mauritania,2021,solar,87.509,145.0
MRT,Mauritania,2021,wind_onshore,34.4,131.194
MRT,Mauritania,2022,gas,354.0,
MRT,Mauritania,2022,oil,150.625,1277.0
MRT,Mauritania,2022,solar,89.009,119.0
MRT,Mauritania,2022,wind_onshore,34.4,131.194
MRT,Mauritania,2023,gas,354.0,
MRT,Mauritania,2023,oil,150.625,1290.0
MRT,Mauritania,2023,solar,123.009,119.0
MRT,Mauritania,2023,wind_onshore,136.775,131.194
MRT,Mauritania,2024,gas,354.0,
MRT,Mauritania,2024,oil,150.625,
MRT,Mauritania,2024,solar,157.009,
MRT,Mauritania,2024,wind_onshore,136.775,
MSR,Montserrat,2015,oil,5.44,13.0
MSR,Montserrat,2016,oil,5.44,14.0
MSR,Montserrat,2017,oil,6.94,13.0
MSR,Montserrat,2018,oil,6.94,14.0
MSR,Montserrat,2019,oil,6.94,14.0
MSR,Montserrat,2019,solar,0.25,
MSR,Montserrat,2020,oil,6.94,14.0
MSR,Montserrat,2020,solar,0.25,0.463
MSR,Montserrat,2021,oil,6.94,11.894
MSR,Montserrat,2021,solar,1.0,1.606
MSR,Montserrat,2022,oil,6.94,11.46
MSR,Montserrat,2022,solar,1.0,1.606
MSR,Montserrat,2023,oil,8.94,11.46
MSR,Montserrat,2023,solar,1.018,1.635
MSR,Montserrat,2024,oil,10.44,
MSR,Montserrat,2024,solar,1.018,
MTQ,Martinique,2015,bio,3.05,13.45
MTQ,Martinique,2015,oil,424.0,1460.0
MTQ,Martinique,2015,other,2.25,6.675
MTQ,Martinique,2015,solar,65.4,81.1
MTQ,Martinique,2015,wind_onshore,1.1,2.3
MTQ,Martinique,2016,bio,3.05,14.95
MTQ,Martinique,2016,oil,424.0,1476.0
MTQ,Martinique,2016,other,2.25,13.65
MTQ,Martinique,2016,solar,66.9,82.6
MTQ,Martinique,2016,wind_onshore,1.1,1.3
MTQ,Martinique,2017,bio,3.35,13.0
MTQ,Martinique,2017,oil,424.0,1458.408
MTQ,Martinique,2017,other,2.25,11.8
MTQ,Martinique,2017,solar,68.4,75.956
MTQ,Martinique,2017,wind_onshore,1.1,1.3
MTQ,Martinique,2018,bio,43.65,90.223
MTQ,Martinique,2018,oil,424.0,1345.766
MTQ,Martinique,2018,other,2.25,12.7
MTQ,Martinique,2018,solar,71.0,82.187
MTQ,Martinique,2018,wind_onshore,1.1,5.841
MTQ,Martinique,2019,bio,43.65,249.293
MTQ,Martinique,2019,hydro,0.015,0.013
MTQ,Martinique,2019,oil,411.6,1153.209
MTQ,Martinique,2019,other,2.25,9.4
MTQ,Martinique,2019,solar,75.846,85.33
MTQ,Martinique,2019,wind_onshore,14.0,46.035
MTQ,Martinique,2020,bio,43.65,227.765
MTQ,Martinique,2020,hydro,0.015,0.015
MTQ,Martinique,2020,oil,411.6,1158.608
MTQ,Martinique,2020,other,2.25,4.5
MTQ,Martinique,2020,solar,76.634,84.359
MTQ,Martinique,2020,wind_onshore,15.1,41.701
MTQ,Martinique,2021,bio,43.65,241.082
MTQ,Martinique,2021,oil,411.6,1115.795
MTQ,Martinique,2021,other,2.25,12.5
MTQ,Martinique,2021,solar,82.037,92.285
MTQ,Martinique,2021,wind_onshore,14.0,48.687
MTQ,Martinique,2022,bio,43.65,263.769
MTQ,Martinique,2022,oil,394.6,1084.628
MTQ,Martinique,2022,other,2.25,12.5
MTQ,Martinique,2022,solar,82.33,92.51
MTQ,Martinique,2022,wind_onshore,14.0,40.239
MTQ,Martinique,2023,bio,46.0,253.511
MTQ,Martinique,2023,oil,406.2,1107.015
MTQ,Martinique,2023,other,2.25,12.5
MTQ,Martinique,2023,solar,88.485,107.523
MTQ,Martinique,2023,wind_onshore,14.0,34.093
MTQ,Martinique,2024,bio,46.0,
MTQ,Martinique,2024,oil,406.2,
MTQ,Martinique,2024,other,2.25,
MTQ,Martinique,2024,solar,92.266,
MTQ,Martinique,2024,wind_onshore,14.0,
MUS,Mauritius,2015,bio,90.65,530.199
MUS,Mauritius,2015,coal,181.7,1181.693
MUS,Mauritius,2015,hydro,61.44,123.292
MUS,Mauritius,2015,oil,439.4,1133.25
MUS,Mauritius,2015,solar,18.503,26.07
MUS,Mauritius,2015,wind_onshore,1.28,2.686
MUS,Mauritius,2016,bio,90.65,515.679
MUS,Mauritius,2016,coal,181.8,1266.817
MUS,Mauritius,2016,hydro,61.14,100.909
MUS,Mauritius,2016,oil,460.0,1111.941
MUS,Mauritius,2016,solar,25.645,31.663
MUS,Mauritius,2016,wind_onshore,10.63,17.952
MUS,Mauritius,2017,bio,90.65,480.13
MUS,Mauritius,2017,coal,182.8,1312.01
MUS,Mauritius,2017,hydro,61.14,91.215
MUS,Mauritius,2017,oil,529.0,1183.968
MUS,Mauritius,2017,solar,32.757,44.088
MUS,Mauritius,2017,wind_onshore,10.63,14.607
MUS,Mauritius,2018,bio,90.65,459.685
MUS,Mauritius,2018,coal,182.8,1259.516
MUS,Mauritius,2018,hydro,61.14,125.948
MUS,Mauritius,2018,oil,457.2,1223.412
MUS,Mauritius,2018,solar,75.62,56.138
MUS,Mauritius,2018,wind_onshore,10.63,15.07
MUS,Mauritius,2019,bio,90.65,459.469
MUS,Mauritius,2019,coal,182.8,1174.047
MUS,Mauritius,2019,hydro,61.14,100.047
MUS,Mauritius,2019,oil,457.2,1360.68
MUS,Mauritius,2019,solar,100.431,137.284
MUS,Mauritius,2019,wind_onshore,10.63,15.236
MUS,Mauritius,2020,bio,90.65,408.354
MUS,Mauritius,2020,coal,182.8,1137.621
MUS,Mauritius,2020,hydro,61.2,117.251
MUS,Mauritius,2020,oil,457.2,1056.768
MUS,Mauritius,2020,solar,108.754,153.508
MUS,Mauritius,2020,wind_onshore,10.63,18.082
MUS,Mauritius,2021,bio,90.65,368.716
MUS,Mauritius,2021,coal,182.8,1254.455
MUS,Mauritius,2021,hydro,61.2,108.265
MUS,Mauritius,2021,oil,457.2,1095.402
MUS,Mauritius,2021,solar,111.654,158.162
MUS,Mauritius,2021,wind_onshore,10.63,15.381
MUS,Mauritius,2022,bio,90.65,300.166
MUS,Mauritius,2022,coal,182.8,983.897
MUS,Mauritius,2022,hydro,61.2,129.704
MUS,Mauritius,2022,oil,457.2,1536.892
MUS,Mauritius,2022,solar,109.638,156.993
MUS,Mauritius,2022,wind_onshore,10.63,15.478
MUS,Mauritius,2023,bio,90.65,322.551
MUS,Mauritius,2023,coal,182.8,1095.392
MUS,Mauritius,2023,hydro,61.7,95.85
MUS,Mauritius,2023,oil,456.8,1595.655
MUS,Mauritius,2023,solar,125.11,151.284
MUS,Mauritius,2023,wind_onshore,10.63,8.638
MUS,Mauritius,2024,bio,90.65,
MUS,Mauritius,2024,coal,182.8,
MUS,Mauritius,2024,hydro,61.7,
MUS,Mauritius,2024,oil,456.8,
MUS,Mauritius,2024,solar,138.91,
MUS,Mauritius,2024,wind_onshore,10.63,
MWI,Malawi,2015,bio,18.5,51.713
MWI,Malawi,2015,hydro,372.47,1953.858
MWI,Malawi,2015,oil,26.774,18.324
MWI,Malawi,2015,solar,1.541,2.466
MWI,Malawi,2016,bio,18.5,48.24
MWI,Malawi,2016,hydro,372.77,1894.174
MWI,Malawi,2016,oil,35.874,64.493
MWI,Malawi,2016,solar,2.854,4.566
MWI,Malawi,2017,bio,18.5,44.3
MWI,Malawi,2017,hydro,372.77,1585.701
MWI,Malawi,2017,oil,94.274,304.768
MWI,Malawi,2017,solar,3.465,5.544
MWI,Malawi,2018,bio,18.5,46.68
MWI,Malawi,2018,hydro,372.898,1424.914
MWI,Malawi,2018,oil,120.274,374.363
MWI,Malawi,2018,solar,3.804,6.087
MWI,Malawi,2019,bio,18.5,46.326
MWI,Malawi,2019,hydro,373.106,1674.815
MWI,Malawi,2019,oil,132.098,483.851
MWI,Malawi,2019,solar,4.018,6.429
MWI,Malawi,2020,bio,18.5,49.451
MWI,Malawi,2020,hydro,373.106,1676.199
MWI,Malawi,2020,oil,132.098,483.851
MWI,Malawi,2020,solar,5.981,9.569
MWI,Malawi,2021,bio,18.5,51.021
MWI,Malawi,2021,hydro,392.619,1694.324
MWI,Malawi,2021,oil,132.098,465.727
MWI,Malawi,2021,solar,66.304,10.086
MWI,Malawi,2022,bio,18.5,50.47
MWI,Malawi,2022,hydro,392.619,1694.324
MWI,Malawi,2022,oil,132.098,465.727
MWI,Malawi,2022,solar,108.33,13.307
MWI,Malawi,2023,bio,18.5,50.958
MWI,Malawi,2023,hydro,392.619,1694.324
MWI,Malawi,2023,oil,132.098,465.727
MWI,Malawi,2023,solar,109.317,13.307
MWI,Malawi,2024,bio,18.5,
MWI,Malawi,2024,hydro,392.619,
MWI,Malawi,2024,oil,132.098,
MWI,Malawi,2024,solar,109.317,
MYS,Malaysia,2015,bio,1554.96,425.034
MYS,Malaysia,2015,coal,8690.0,60129.0
MYS,Malaysia,2015,fossil_nes,45.99,
MYS,Malaysia,2015,gas,15543.65,67900.0
MYS,Malaysia,2015,hydro,6038.863,15525.109
MYS,Malaysia,2015,oil,1387.93,1472.0
MYS,Malaysia,2015,other,6.5,6.069
MYS,Malaysia,2015,solar,222.305,280.47
MYS,Malaysia,2016,bio,1526.48,199.498
MYS,Malaysia,2016,coal,9546.0,66246.0
MYS,Malaysia,2016,fossil_nes,25.0,
MYS,Malaysia,2016,gas,14719.96,69871.0
MYS,Malaysia,2016,hydro,6116.098,20358.24
MYS,Malaysia,2016,oil,1349.21,1142.0
MYS,Malaysia,2016,other,6.5,7.601
MYS,Malaysia,2016,solar,287.202,362.568
MYS,Malaysia,2017,bio,800.04,397.418
MYS,Malaysia,2017,coal,10444.0,68866.0
MYS,Malaysia,2017,fossil_nes,25.0,
MYS,Malaysia,2017,gas,14711.78,62131.0
MYS,Malaysia,2017,hydro,5895.381,26717.298
MYS,Malaysia,2017,oil,1280.17,1695.0
MYS,Malaysia,2017,other,6.5,8.38
MYS,Malaysia,2017,solar,330.889,427.332
MYS,Malaysia,2018,bio,809.99,1227.11
MYS,Malaysia,2018,coal,10660.0,73362.0
MYS,Malaysia,2018,fossil_nes,25.0,
MYS,Malaysia,2018,gas,14852.87,65990.0
MYS,Malaysia,2018,hydro,6168.645,26296.288
MYS,Malaysia,2018,oil,812.48,1695.0
MYS,Malaysia,2018,other,6.5,10.797
MYS,Malaysia,2018,solar,481.159,477.274
MYS,Malaysia,2019,bio,882.81,2097.1
MYS,Malaysia,2019,coal,13283.9,74955.0
MYS,Malaysia,2019,fossil_nes,25.0,
MYS,Malaysia,2019,gas,14403.41,70410.0
MYS,Malaysia,2019,hydro,6190.905,26281.34
MYS,Malaysia,2019,oil,576.47,949.0
MYS,Malaysia,2019,other,6.5,10.087
MYS,Malaysia,2019,solar,829.27,481.26
MYS,Malaysia,2020,bio,890.64,2892.57
MYS,Malaysia,2020,coal,13284.0,87282.0
MYS,Malaysia,2020,fossil_nes,25.0,
MYS,Malaysia,2020,gas,13058.1,52850.0
MYS,Malaysia,2020,hydro,6189.155,27302.34
MYS,Malaysia,2020,oil,533.21,738.0
MYS,Malaysia,2020,other,6.5,10.325
MYS,Malaysia,2020,solar,1482.946,430.017
MYS,Malaysia,2021,bio,904.35,3806.57
MYS,Malaysia,2021,coal,13284.0,78384.0
MYS,Malaysia,2021,fossil_nes,25.0,
MYS,Malaysia,2021,gas,15100.63,59568.0
MYS,Malaysia,2021,hydro,6217.985,30987.34
MYS,Malaysia,2021,oil,469.41,1066.0
MYS,Malaysia,2021,other,6.5,11.724
MYS,Malaysia,2021,solar,1582.953,459.532
MYS,Malaysia,2022,bio,927.515,3806.57
MYS,Malaysia,2022,coal,13284.0,78384.0
MYS,Malaysia,2022,fossil_nes,25.0,
MYS,Malaysia,2022,gas,15942.63,59568.0
MYS,Malaysia,2022,hydro,6226.985,30987.34
MYS,Malaysia,2022,oil,469.41,1066.0
MYS,Malaysia,2022,other,16.365,25.673
MYS,Malaysia,2022,solar,2130.686,459.591
MYS,Malaysia,2023,bio,945.185,3806.57
MYS,Malaysia,2023,coal,13284.0,78384.0
MYS,Malaysia,2023,fossil_nes,25.0,
MYS,Malaysia,2023,gas,15942.63,59568.0
MYS,Malaysia,2023,hydro,6267.635,30987.34
MYS,Malaysia,2023,oil,469.41,1066.0
MYS,Malaysia,2023,other,16.365,20.936
MYS,Malaysia,2023,solar,2145.325,459.861
MYS,Malaysia,2024,bio,945.185,
MYS,Malaysia,2024,coal,13284.0,
MYS,Malaysia,2024,fossil_nes,25.0,
MYS,Malaysia,2024,gas,15942.63,
MYS,Malaysia,2024,hydro,6267.635,
MYS,Malaysia,2024,oil,234.705,
MYS,Malaysia,2024,other,16.365,
MYS,Malaysia,2024,solar,2305.325,
MYT,Mayotte,2015,oil,80.0,299.1
MYT,Mayotte,2015,solar,13.326,14.735
MYT,Mayotte,2016,oil,99.0,311.1
MYT,Mayotte,2016,solar,13.326,14.837
MYT,Mayotte,2017,oil,99.0,311.1
MYT,Mayotte,2017,solar,15.146,16.863
MYT,Mayotte,2018,oil,99.0,323.41
MYT,Mayotte,2018,solar,15.734,16.863
MYT,Mayotte,2019,oil,99.0,323.41
MYT,Mayotte,2019,solar,16.813,24.883
MYT,Mayotte,2020,oil,99.0,323.41
MYT,Mayotte,2020,solar,18.567,27.479
MYT,Mayotte,2021,oil,99.0,323.41
MYT,Mayotte,2021,solar,30.034,44.45
MYT,Mayotte,2022,oil,99.0,323.41
MYT,Mayotte,2022,solar,30.034,44.45
MYT,Mayotte,2023,oil,99.0,323.41
MYT,Mayotte,2023,solar,31.234,46.226
MYT,Mayotte,2024,oil,99.0,
MYT,Mayotte,2024,solar,31.234,
NAM,Namibia,2015,bio,0.25,0.219
NAM,Namibia,2015,coal,120.0,8.0
NAM,Namibia,2015,hydro,330.0,1430.5
NAM,Namibia,2015,oil,89.77,147.222
NAM,Namibia,2015,solar,14.645,13.001
NAM,Namibia,2015,wind_onshore,0.222,0.916
NAM,Namibia,2016,bio,0.25,0.219
NAM,Namibia,2016,coal,120.0,9.5
NAM,Namibia,2016,hydro,347.0,1477.0
NAM,Namibia,2016,oil,64.17,161.222
NAM,Namibia,2016,solar,26.96,32.018
NAM,Namibia,2016,wind_onshore,0.222,0.916
NAM,Namibia,2017,bio,0.25,0.219
NAM,Namibia,2017,coal,120.0,6.0
NAM,Namibia,2017,hydro,347.0,1369.5
NAM,Namibia,2017,oil,64.17,134.797
NAM,Namibia,2017,solar,66.761,63.103
NAM,Namibia,2017,wind_onshore,6.231,26.144
NAM,Namibia,2018,bio,1.25,0.242
NAM,Namibia,2018,coal,120.0,23.0
NAM,Namibia,2018,hydro,347.0,1049.0
NAM,Namibia,2018,oil,64.17,111.102
NAM,Namibia,2018,solar,123.035,200.664
NAM,Namibia,2018,wind_onshore,6.231,26.144
NAM,Namibia,2019,bio,1.25,0.242
NAM,Namibia,2019,coal,120.0,50.0
NAM,Namibia,2019,hydro,347.0,1229.5
NAM,Namibia,2019,oil,64.17,115.027
NAM,Namibia,2019,solar,186.976,325.235
NAM,Namibia,2019,wind_onshore,6.231,26.144
NAM,Namibia,2020,bio,1.25,0.242
NAM,Namibia,2020,coal,120.0,48.0
NAM,Namibia,2020,hydro,351.0,1236.9
NAM,Namibia,2020,oil,97.647,199.7
NAM,Namibia,2020,solar,187.465,372.145
NAM,Namibia,2020,wind_onshore,6.231,26.144
NAM,Namibia,2021,bio,1.25,0.242
NAM,Namibia,2021,coal,120.0,28.5
NAM,Namibia,2021,hydro,351.0,874.9
NAM,Namibia,2021,oil,97.647,196.7
NAM,Namibia,2021,solar,190.076,393.001
NAM,Namibia,2021,wind_onshore,6.231,26.144
NAM,Namibia,2022,bio,1.25,0.242
NAM,Namibia,2022,coal,120.0,23.5
NAM,Namibia,2022,hydro,351.0,1052.0
NAM,Namibia,2022,oil,73.647,199.2
NAM,Namibia,2022,solar,238.499,464.158
NAM,Namibia,2022,wind_onshore,6.231,26.144
NAM,Namibia,2023,bio,1.25,0.242
NAM,Namibia,2023,coal,120.0,37.0
NAM,Namibia,2023,hydro,351.0,1695.0
NAM,Namibia,2023,oil,73.647,200.7
NAM,Namibia,2023,solar,238.559,505.639
NAM,Namibia,2023,wind_onshore,6.231,26.144
NAM,Namibia,2024,bio,1.25,
NAM,Namibia,2024,coal,120.0,
NAM,Namibia,2024,hydro,351.0,
NAM,Namibia,2024,oil,73.647,
NAM,Namibia,2024,solar,238.559,
NAM,Namibia,2024,wind_onshore,6.231,
NCL,New Caledonia,2015,bio,0.375,0.389
NCL,New Caledonia,2015,coal,370.0,823.711
NCL,New Caledonia,2015,hydro,78.135,340.406
NCL,New Caledonia,2015,oil,444.819,1670.067
NCL,New Caledonia,2015,solar,6.293,6.625
NCL,New Caledonia,2015,wind_onshore,37.585,61.569
NCL,New Caledonia,2016,bio,0.375,0.58
NCL,New Caledonia,2016,coal,370.0,1125.655
NCL,New Caledonia,2016,hydro,78.135,231.839
NCL,New Caledonia,2016,oil,444.819,1715.35
NCL,New Caledonia,2016,solar,9.589,11.362
NCL,New Caledonia,2016,wind_onshore,37.585,45.148
NCL,New Caledonia,2017,bio,0.375,0.415
NCL,New Caledonia,2017,coal,370.0,1341.216
NCL,New Caledonia,2017,hydro,78.135,361.04
NCL,New Caledonia,2017,oil,444.819,1452.7
NCL,New Caledonia,2017,solar,26.734,27.679
NCL,New Caledonia,2017,wind_onshore,37.585,45.121
NCL,New Caledonia,2018,bio,0.375,0.582
NCL,New Caledonia,2018,coal,370.0,1428.59
NCL,New Caledonia,2018,hydro,78.135,317.238
NCL,New Caledonia,2018,oil,444.819,1647.82
NCL,New Caledonia,2018,solar,59.954,46.663
NCL,New Caledonia,2018,wind_onshore,37.585,45.002
NCL,New Caledonia,2019,bio,0.375,0.577
NCL,New Caledonia,2019,coal,370.0,1512.345
NCL,New Caledonia,2019,hydro,78.135,284.77
NCL,New Caledonia,2019,oil,444.819,1363.209
NCL,New Caledonia,2019,solar,103.554,116.121
NCL,New Caledonia,2019,wind_onshore,37.585,56.576
NCL,New Caledonia,2020,bio,0.375,0.404
NCL,New Caledonia,2020,coal,370.0,1525.513
NCL,New Caledonia,2020,hydro,81.135,304.997
NCL,New Caledonia,2020,oil,444.819,1202.937
NCL,New Caledonia,2020,solar,124.518,150.495
NCL,New Caledonia,2020,wind_onshore,37.585,48.565
NCL,New Caledonia,2021,bio,0.375,0.455
NCL,New Caledonia,2021,coal,370.0,1136.24
NCL,New Caledonia,2021,hydro,81.135,424.917
NCL,New Caledonia,2021,oil,444.819,1119.587
NCL,New Caledonia,2021,solar,174.728,187.647
NCL,New Caledonia,2021,wind_onshore,37.585,41.042
NCL,New Caledonia,2022,bio,0.375,0.375
NCL,New Caledonia,2022,coal,370.0,1262.035
NCL,New Caledonia,2022,hydro,81.135,538.61
NCL,New Caledonia,2022,oil,644.819,1071.794
NCL,New Caledonia,2022,solar,209.728,226.19
NCL,New Caledonia,2022,wind_onshore,57.985,43.112
NCL,New Caledonia,2023,bio,0.375,0.712
NCL,New Caledonia,2023,coal,370.0,1185.279
NCL,New Caledonia,2023,hydro,81.135,421.01
NCL,New Caledonia,2023,oil,644.819,1376.002
NCL,New Caledonia,2023,solar,214.713,285.286
NCL,New Caledonia,2023,wind_onshore,57.985,80.219
NCL,New Caledonia,2024,bio,1.445,
NCL,New Caledonia,2024,coal,370.0,
NCL,New Caledonia,2024,hydro,81.135,
NCL,New Caledonia,2024,oil,644.819,
NCL,New Caledonia,2024,solar,214.713,
NCL,New Caledonia,2024,wind_onshore,57.985,
NER,Niger (the),2015,coal,37.6,221.068
NER,Niger (the),2015,gas,21.0,45.078
NER,Niger (the),2015,oil,198.0,150.102
NER,Niger (the),2015,solar,6.472,10.6
NER,Niger (the),2016,coal,37.6,214.967
NER,Niger (the),2016,gas,21.0,40.161
NER,Niger (the),2016,oil,198.0,203.053
NER,Niger (the),2016,solar,6.631,10.8
NER,Niger (the),2017,coal,37.6,207.066
NER,Niger (the),2017,gas,21.0,45.078
NER,Niger (the),2017,oil,278.0,197.941
NER,Niger (the),2017,solar,6.847,11.2
NER,Niger (the),2018,coal,37.6,187.888
NER,Niger (the),2018,gas,21.0,44.184
NER,Niger (the),2018,oil,278.0,150.243
NER,Niger (the),2018,solar,13.973,13.321
NER,Niger (the),2019,coal,37.6,203.907
NER,Niger (the),2019,gas,21.0,47.22
NER,Niger (the),2019,oil,294.0,188.851
NER,Niger (the),2019,solar,14.1,23.639
NER,Niger (the),2020,coal,37.6,208.146
NER,Niger (the),2020,gas,21.0,49.921
NER,Niger (the),2020,oil,294.0,219.13
NER,Niger (the),2020,solar,14.691,24.422
NER,Niger (the),2021,coal,37.6,202.403
NER,Niger (the),2021,gas,21.0,49.921
NER,Niger (the),2021,oil,294.0,109.729
NER,Niger (the),2021,solar,14.555,23.874
NER,Niger (the),2022,coal,37.6,175.574
NER,Niger (the),2022,gas,21.0,49.921
NER,Niger (the),2022,oil,390.0,443.105
NER,Niger (the),2022,solar,49.954,78.488
NER,Niger (the),2023,coal,37.6,168.762
NER,Niger (the),2023,gas,21.0,49.921
NER,Niger (the),2023,oil,390.0,720.699
NER,Niger (the),2023,solar,82.992,129.888
NER,Niger (the),2024,coal,37.6,
NER,Niger (the),2024,gas,21.0,
NER,Niger (the),2024,oil,390.0,
NER,Niger (the),2024,solar,82.992,
NGA,Nigeria,2015,bio,7.532,19.012
NGA,Nigeria,2015,gas,8458.0,25708.0
NGA,Nigeria,2015,hydro,2110.8,6423.32
NGA,Nigeria,2015,solar,15.898,23.482
NGA,Nigeria,2016,bio,9.042,22.562
NGA,Nigeria,2016,gas,10403.0,20524.482
NGA,Nigeria,2016,hydro,2110.8,8150.382
NGA,Nigeria,2016,solar,21.63,31.949
NGA,Nigeria,2017,bio,9.042,28.353
NGA,Nigeria,2017,gas,10433.0,23949.908
NGA,Nigeria,2017,hydro,2110.8,7746.76
NGA,Nigeria,2017,solar,27.984,41.333
NGA,Nigeria,2018,bio,9.042,30.069
NGA,Nigeria,2018,gas,10894.0,26035.7
NGA,Nigeria,2018,hydro,2110.8,7694.828
NGA,Nigeria,2018,solar,32.42,47.885
NGA,Nigeria,2019,bio,9.042,26.633
NGA,Nigeria,2019,gas,10903.5,25067.446
NGA,Nigeria,2019,hydro,2110.8,8433.179
NGA,Nigeria,2019,oil,33.0,17.345
NGA,Nigeria,2019,solar,52.126,76.991
NGA,Nigeria,2020,bio,12.799,40.782
NGA,Nigeria,2020,gas,10968.5,27382.083
NGA,Nigeria,2020,hydro,2110.8,7871.914
NGA,Nigeria,2020,oil,33.2,17.45
NGA,Nigeria,2020,solar,78.281,115.621
NGA,Nigeria,2021,bio,21.042,61.121
NGA,Nigeria,2021,gas,10968.5,27436.083
NGA,Nigeria,2021,hydro,2110.8,9153.807
NGA,Nigeria,2021,oil,33.2,17.45
NGA,Nigeria,2021,solar,110.765,163.599
NGA,Nigeria,2022,bio,21.042,59.509
NGA,Nigeria,2022,gas,10968.5,25312.266
NGA,Nigeria,2022,hydro,2110.8,9235.348
NGA,Nigeria,2022,oil,38.2,20.078
NGA,Nigeria,2022,solar,140.24,207.134
NGA,Nigeria,2023,bio,21.042,62.063
NGA,Nigeria,2023,gas,11239.1,27599.246
NGA,Nigeria,2023,hydro,2860.8,9426.408
NGA,Nigeria,2023,oil,88.2,46.358
NGA,Nigeria,2023,solar,181.42,267.957
NGA,Nigeria,2024,bio,21.042,
NGA,Nigeria,2024,gas,11380.1,
NGA,Nigeria,2024,hydro,2860.8,
NGA,Nigeria,2024,oil,88.2,
NGA,Nigeria,2024,solar,196.769,
NIC,Nicaragua,2015,bio,133.7,454.67
NIC,Nicaragua,2015,geothermal,154.5,677.743
NIC,Nicaragua,2015,hydro,137.6,295.109
NIC,Nicaragua,2015,oil,732.59,2290.004
NIC,Nicaragua,2015,solar,1.38,2.225
NIC,Nicaragua,2015,wind_onshore,186.2,865.442
NIC,Nicaragua,2016,bio,176.61,533.257
NIC,Nicaragua,2016,geothermal,154.5,705.562
NIC,Nicaragua,2016,hydro,142.45,426.694
NIC,Nicaragua,2016,oil,735.19,2199.588
NIC,Nicaragua,2016,solar,1.38,2.16
NIC,Nicaragua,2016,wind_onshore,186.2,729.036
NIC,Nicaragua,2017,bio,176.61,666.427
NIC,Nicaragua,2017,geothermal,154.5,750.857
NIC,Nicaragua,2017,hydro,142.45,467.577
NIC,Nicaragua,2017,oil,808.66,1994.165
NIC,Nicaragua,2017,solar,13.96,13.909
NIC,Nicaragua,2017,wind_onshore,186.2,634.557
NIC,Nicaragua,2018,bio,176.61,701.723
NIC,Nicaragua,2018,geothermal,154.5,801.395
NIC,Nicaragua,2018,hydro,142.45,410.892
NIC,Nicaragua,2018,oil,808.66,1914.89
NIC,Nicaragua,2018,solar,13.96,23.985
NIC,Nicaragua,2018,wind_onshore,186.2,800.592
NIC,Nicaragua,2019,bio,218.21,848.064
NIC,Nicaragua,2019,geothermal,153.24,778.13
NIC,Nicaragua,2019,hydro,157.17,226.27
NIC,Nicaragua,2019,oil,888.56,1981.12
NIC,Nicaragua,2019,solar,16.36,25.62
NIC,Nicaragua,2019,wind_onshore,186.2,730.17
NIC,Nicaragua,2020,bio,218.21,739.33
NIC,Nicaragua,2020,geothermal,153.24,767.31
NIC,Nicaragua,2020,hydro,157.17,573.61
NIC,Nicaragua,2020,oil,888.56,1144.61
NIC,Nicaragua,2020,solar,16.36,23.66
NIC,Nicaragua,2020,wind_onshore,186.2,549.94
NIC,Nicaragua,2021,bio,218.21,907.259
NIC,Nicaragua,2021,geothermal,153.24,734.03
NIC,Nicaragua,2021,hydro,158.38,598.14
NIC,Nicaragua,2021,oil,883.13,1298.43
NIC,Nicaragua,2021,solar,16.29,27.27
NIC,Nicaragua,2021,wind_onshore,186.2,655.83
NIC,Nicaragua,2022,bio,218.21,898.919
NIC,Nicaragua,2022,geothermal,165.44,687.17
NIC,Nicaragua,2022,hydro,158.57,650.16
NIC,Nicaragua,2022,oil,883.13,1476.88
NIC,Nicaragua,2022,solar,17.385,26.1
NIC,Nicaragua,2022,wind_onshore,186.2,561.87
NIC,Nicaragua,2023,bio,218.21,923.029
NIC,Nicaragua,2023,geothermal,165.44,751.15
NIC,Nicaragua,2023,hydro,160.05,469.54
NIC,Nicaragua,2023,oil,883.22,2001.69
NIC,Nicaragua,2023,solar,18.489,31.25
NIC,Nicaragua,2023,wind_onshore,186.2,665.34
NIC,Nicaragua,2024,bio,218.21,
NIC,Nicaragua,2024,geothermal,165.44,
NIC,Nicaragua,2024,hydro,160.05,
NIC,Nicaragua,2024,oil,883.22,
NIC,Nicaragua,2024,solar,35.989,
NIC,Nicaragua,2024,wind_onshore,186.2,
NIU,Niue,2015,oil,2.084,2.922
NIU,Niue,2015,solar,0.341,0.469
NIU,Niue,2016,oil,2.084,2.922
NIU,Niue,2016,solar,0.341,0.469
NIU,Niue,2017,oil,2.084,2.922
NIU,Niue,2017,solar,0.341,0.469
NIU,Niue,2018,oil,2.084,2.922
NIU,Niue,2018,solar,0.341,0.469
NIU,Niue,2019,oil,2.084,2.922
NIU,Niue,2019,solar,0.941,0.469
NIU,Niue,2020,oil,2.084,2.922
NIU,Niue,2020,solar,0.941,0.469
NIU,Niue,2021,oil,2.084,2.922
NIU,Niue,2021,solar,0.941,0.469
NIU,Niue,2022,oil,2.084,4.0
NIU,Niue,2022,solar,0.941,0.469
NIU,Niue,2023,oil,2.084,4.0
NIU,Niue,2023,solar,0.941,0.469
NIU,Niue,2024,oil,2.36,
NIU,Niue,2024,solar,1.815,
NLD,Netherlands (Kingdom of the),2015,bio,792.134,4935.86
NLD,Netherlands (Kingdom of the),2015,coal,,42234.173
NLD,Netherlands (Kingdom of the),2015,fossil_nes,24657.273,
NLD,Netherlands (Kingdom of the),2015,gas,,45813.178
NLD,Netherlands (Kingdom of the),2015,hydro,37.0,92.7
NLD,Netherlands (Kingdom of the),2015,nuclear,512.0,4078.041
NLD,Netherlands (Kingdom of the),2015,oil,,1316.14
NLD,Netherlands (Kingdom of the),2015,other,747.385,3086.957
NLD,Netherlands (Kingdom of the),2015,solar,1526.259,1108.52
NLD,Netherlands (Kingdom of the),2015,wind_offshore,357.0,1129.908
NLD,Netherlands (Kingdom of the),2015,wind_onshore,3033.84,6419.95
NLD,Netherlands (Kingdom of the),2016,bio,772.074,4908.861
NLD,Netherlands (Kingdom of the),2016,coal,,39544.496
NLD,Netherlands (Kingdom of the),2016,fossil_nes,24787.779,
NLD,Netherlands (Kingdom of the),2016,gas,,52531.19
NLD,Netherlands (Kingdom of the),2016,hydro,37.0,100.079
NLD,Netherlands (Kingdom of the),2016,nuclear,512.0,3960.278
NLD,Netherlands (Kingdom of the),2016,oil,,1255.924
NLD,Netherlands (Kingdom of the),2016,other,747.385,3085.326
NLD,Netherlands (Kingdom of the),2016,solar,2135.021,1601.808
NLD,Netherlands (Kingdom of the),2016,wind_offshore,957.0,2268.987
NLD,Netherlands (Kingdom of the),2016,wind_onshore,3300.12,5901.459
NLD,Netherlands (Kingdom of the),2017,bio,780.594,4604.632
NLD,Netherlands (Kingdom of the),2017,coal,,34125.316
NLD,Netherlands (Kingdom of the),2017,fossil_nes,23709.729,
NLD,Netherlands (Kingdom of the),2017,gas,,57733.422
NLD,Netherlands (Kingdom of the),2017,hydro,37.0,60.757
NLD,Netherlands (Kingdom of the),2017,nuclear,512.0,3402.478
NLD,Netherlands (Kingdom of the),2017,oil,,1165.177
NLD,Netherlands (Kingdom of the),2017,other,747.385,3302.809
NLD,Netherlands (Kingdom of the),2017,solar,2910.892,2204.346
NLD,Netherlands (Kingdom of the),2017,wind_offshore,957.0,3699.508
NLD,Netherlands (Kingdom of the),2017,wind_onshore,3245.0,6869.293
NLD,Netherlands (Kingdom of the),2018,bio,822.874,4553.191
NLD,Netherlands (Kingdom of the),2018,coal,,30386.626
NLD,Netherlands (Kingdom of the),2018,fossil_nes,23631.892,
NLD,Netherlands (Kingdom of the),2018,gas,,57630.056
NLD,Netherlands (Kingdom of the),2018,hydro,37.0,72.348
NLD,Netherlands (Kingdom of the),2018,nuclear,512.0,3514.77
NLD,Netherlands (Kingdom of the),2018,oil,,1323.147
NLD,Netherlands (Kingdom of the),2018,other,802.085,2643.272
NLD,Netherlands (Kingdom of the),2018,solar,4608.0,3707.792
NLD,Netherlands (Kingdom of the),2018,wind_offshore,957.0,3630.192
NLD,Netherlands (Kingdom of the),2018,wind_onshore,3436.11,6918.319
NLD,Netherlands (Kingdom of the),2019,bio,814.269,5821.676
NLD,Netherlands (Kingdom of the),2019,coal,,20049.871
NLD,Netherlands (Kingdom of the),2019,fossil_nes,22970.368,
NLD,Netherlands (Kingdom of the),2019,gas,,70719.367
NLD,Netherlands (Kingdom of the),2019,hydro,37.0,74.182
NLD,Netherlands (Kingdom of the),2019,nuclear,512.0,3909.748
NLD,Netherlands (Kingdom of the),2019,oil,,1422.725
NLD,Netherlands (Kingdom of the),2019,other,802.085,2503.1
NLD,Netherlands (Kingdom of the),2019,solar,7227.595,5399.406
NLD,Netherlands (Kingdom of the),2019,wind_offshore,957.0,3572.857
NLD,Netherlands (Kingdom of the),2019,wind_onshore,3527.158,7935.07
NLD,Netherlands (Kingdom of the),2020,bio,857.643,8838.68
NLD,Netherlands (Kingdom of the),2020,coal,,10102.06
NLD,Netherlands (Kingdom of the),2020,fossil_nes,23009.318,
NLD,Netherlands (Kingdom of the),2020,gas,,72524.078
NLD,Netherlands (Kingdom of the),2020,hydro,37.0,46.066
NLD,Netherlands (Kingdom of the),2020,nuclear,512.0,4087.363
NLD,Netherlands (Kingdom of the),2020,oil,,1351.299
NLD,Netherlands (Kingdom of the),2020,other,803.1,2483.844
NLD,Netherlands (Kingdom of the),2020,solar,11110.022,8567.013
NLD,Netherlands (Kingdom of the),2020,wind_offshore,2459.5,5483.54
NLD,Netherlands (Kingdom of the),2020,wind_onshore,4188.375,9794.186
NLD,Netherlands (Kingdom of the),2021,bio,858.152,10917.558
NLD,Netherlands (Kingdom of the),2021,coal,,17364.037
NLD,Netherlands (Kingdom of the),2021,fossil_nes,23053.608,
NLD,Netherlands (Kingdom of the),2021,gas,,56690.59
NLD,Netherlands (Kingdom of the),2021,hydro,37.7,88.24
NLD,Netherlands (Kingdom of the),2021,nuclear,512.0,3827.956
NLD,Netherlands (Kingdom of the),2021,oil,,1343.794
NLD,Netherlands (Kingdom of the),2021,other,803.303,2511.048
NLD,Netherlands (Kingdom of the),2021,solar,14822.88,11303.873
NLD,Netherlands (Kingdom of the),2021,wind_offshore,2459.5,8065.787
NLD,Netherlands (Kingdom of the),2021,wind_onshore,5186.02,10057.572
NLD,Netherlands (Kingdom of the),2022,bio,871.066,9819.727
NLD,Netherlands (Kingdom of the),2022,coal,,17399.878
NLD,Netherlands (Kingdom of the),2022,fossil_nes,23120.017,
NLD,Netherlands (Kingdom of the),2022,gas,,47742.663
NLD,Netherlands (Kingdom of the),2022,hydro,37.7,49.998
NLD,Netherlands (Kingdom of the),2022,nuclear,512.0,4156.313
NLD,Netherlands (Kingdom of the),2022,oil,,1594.749
NLD,Netherlands (Kingdom of the),2022,other,935.31,2586.746
NLD,Netherlands (Kingdom of the),2022,solar,17356.464,16656.805
NLD,Netherlands (Kingdom of the),2022,wind_offshore,2569.5,8125.583
NLD,Netherlands (Kingdom of the),2022,wind_onshore,6130.609,13440.388
NLD,Netherlands (Kingdom of the),2023,bio,873.873,7606.784
NLD,Netherlands (Kingdom of the),2023,coal,,10706.605
NLD,Netherlands (Kingdom of the),2023,fossil_nes,23117.8,
NLD,Netherlands (Kingdom of the),2023,gas,,45952.445
NLD,Netherlands (Kingdom of the),2023,hydro,37.7,69.369
NLD,Netherlands (Kingdom of the),2023,nuclear,512.0,3985.293
NLD,Netherlands (Kingdom of the),2023,oil,,1530.259
NLD,Netherlands (Kingdom of the),2023,other,1032.31,2376.562
NLD,Netherlands (Kingdom of the),2023,solar,21274.637,19578.188
NLD,Netherlands (Kingdom of the),2023,wind_offshore,3977.5,11711.559
NLD,Netherlands (Kingdom of the),2023,wind_onshore,6756.618,17813.522
NLD,Netherlands (Kingdom of the),2024,bio,873.873,
NLD,Netherlands (Kingdom of the),2024,fossil_nes,23490.8,
NLD,Netherlands (Kingdom of the),2024,hydro,37.7,
NLD,Netherlands (Kingdom of the),2024,nuclear,512.0,
NLD,Netherlands (Kingdom of the),2024,other,1032.31,
NLD,Netherlands (Kingdom of the),2024,solar,24048.437,
NLD,Netherlands (Kingdom of the),2024,wind_offshore,4747.5,
NLD,Netherlands (Kingdom of the),2024,wind_onshore,6931.618,
NOR,Norway,2015,bio,139.5,253.0
NOR,Norway,2015,coal,,151.0
NOR,Norway,2015,fossil_nes,1380.0,
NOR,Norway,2015,gas,,2205.0
NOR,Norway,2015,hydro,31372.0,137302.0
NOR,Norway,2015,oil,,417.0
NOR,Norway,2015,other,78.7,555.1
NOR,Norway,2015,pumped,,1148.0
NOR,Norway,2015,solar,15.0,13.35
NOR,Norway,2015,wind_offshore,2.3,7.0
NOR,Norway,2015,wind_onshore,864.7,2508.0
NOR,Norway,2016,bio,87.0,233.0
NOR,Norway,2016,coal,,146.0
NOR,Norway,2016,fossil_nes,936.0,
NOR,Norway,2016,gas,,2208.0
NOR,Norway,2016,hydro,31817.0,142807.0
NOR,Norway,2016,oil,,422.0
NOR,Norway,2016,other,85.2,500.1
NOR,Norway,2016,pumped,,610.0
NOR,Norway,2016,solar,26.7,23.763
NOR,Norway,2016,wind_offshore,2.3,5.0
NOR,Norway,2016,wind_onshore,880.7,2111.0
NOR,Norway,2017,bio,87.0,259.0
NOR,Norway,2017,coal,,186.0
NOR,Norway,2017,fossil_nes,937.0,
NOR,Norway,2017,gas,,2060.0
NOR,Norway,2017,hydro,31912.0,142366.0
NOR,Norway,2017,oil,,489.0
NOR,Norway,2017,other,85.2,520.1
NOR,Norway,2017,pumped,,746.0
NOR,Norway,2017,solar,44.9,39.961
NOR,Norway,2017,wind_offshore,2.3,5.0
NOR,Norway,2017,wind_onshore,1204.7,2849.0
NOR,Norway,2018,bio,87.0,204.168
NOR,Norway,2018,coal,,178.127
NOR,Norway,2018,fossil_nes,946.0,
NOR,Norway,2018,gas,,2180.08
NOR,Norway,2018,hydro,32530.0,138981.358
NOR,Norway,2018,oil,,435.862
NOR,Norway,2018,other,85.2,505.668
NOR,Norway,2018,pumped,,732.85
NOR,Norway,2018,solar,83.697,74.49
NOR,Norway,2018,wind_offshore,2.3,5.0
NOR,Norway,2018,wind_onshore,1707.7,3871.856
NOR,Norway,2019,bio,80.5,253.089
NOR,Norway,2019,coal,,163.039
NOR,Norway,2019,fossil_nes,947.0,
NOR,Norway,2019,gas,,2056.18
NOR,Norway,2019,hydro,32797.0,125289.331
NOR,Norway,2019,oil,,341.239
NOR,Norway,2019,other,81.7,526.131
NOR,Norway,2019,pumped,,740.44
NOR,Norway,2019,solar,137.118,122.035
NOR,Norway,2019,wind_offshore,2.3,5.0
NOR,Norway,2019,wind_onshore,2911.7,5519.508
NOR,Norway,2020,bio,76.5,239.809
NOR,Norway,2020,coal,,182.236
NOR,Norway,2020,fossil_nes,837.0,
NOR,Norway,2020,gas,,1604.906
NOR,Norway,2020,hydro,33732.0,141804.76
NOR,Norway,2020,oil,,219.57
NOR,Norway,2020,other,80.7,483.43
NOR,Norway,2020,pumped,,666.2
NOR,Norway,2020,solar,142.727,97.87
NOR,Norway,2020,wind_offshore,2.3,5.0
NOR,Norway,2020,wind_onshore,4027.7,9907.532
NOR,Norway,2021,bio,76.95,215.19
NOR,Norway,2021,coal,,192.212
NOR,Norway,2021,fossil_nes,756.674,
NOR,Norway,2021,gas,,305.429
NOR,Norway,2021,hydro,34075.0,143965.222
NOR,Norway,2021,oil,,400.156
NOR,Norway,2021,other,132.25,561.945
NOR,Norway,2021,pumped,,403.012
NOR,Norway,2021,solar,184.39,124.912
NOR,Norway,2021,wind_offshore,2.3,5.0
NOR,Norway,2021,wind_onshore,5046.7,11764.184
NOR,Norway,2022,bio,76.95,238.117
NOR,Norway,2022,coal,,158.275
NOR,Norway,2022,fossil_nes,606.674,
NOR,Norway,2022,gas,,1149.727
NOR,Norway,2022,hydro,34269.0,128239.818
NOR,Norway,2022,oil,,182.281
NOR,Norway,2022,other,124.25,653.535
NOR,Norway,2022,pumped,,1126.566
NOR,Norway,2022,solar,340.792,188.839
NOR,Norway,2022,wind_offshore,2.3,5.0
NOR,Norway,2022,wind_onshore,5059.7,14804.859
NOR,Norway,2023,bio,82.8,249.171
NOR,Norway,2023,coal,,148.857
NOR,Norway,2023,fossil_nes,337.0,
NOR,Norway,2023,gas,,1529.803
NOR,Norway,2023,hydro,34291.0,136713.806
NOR,Norway,2023,oil,,13.405
NOR,Norway,2023,other,133.4,656.41
NOR,Norway,2023,pumped,,1261.006
NOR,Norway,2023,solar,633.792,373.592
NOR,Norway,2023,wind_offshore,2.3,5.0
NOR,Norway,2023,wind_onshore,5061.7,13960.093
NOR,Norway,2024,bio,82.8,
NOR,Norway,2024,fossil_nes,342.0,
NOR,Norway,2024,hydro,34698.0,
NOR,Norway,2024,other,133.4,
NOR,Norway,2024,solar,782.472,
NOR,Norway,2024,wind_offshore,90.3,
NOR,Norway,2024,wind_onshore,5061.7,
NPL,Nepal,2015,bio,6.6,9.926
NPL,Nepal,2015,hydro,790.98,3587.727
NPL,Nepal,2015,oil,53.41,0.66
NPL,Nepal,2015,solar,13.421,18.22
NPL,Nepal,2015,wind_onshore,0.069,0.121
NPL,Nepal,2016,bio,6.6,9.501
NPL,Nepal,2016,hydro,811.388,3825.107
NPL,Nepal,2016,oil,53.41,0.18
NPL,Nepal,2016,solar,13.684,18.595
NPL,Nepal,2016,wind_onshore,0.069,0.121
NPL,Nepal,2017,bio,7.034,8.641
NPL,Nepal,2017,hydro,916.493,4422.835
NPL,Nepal,2017,oil,53.41,0.205
NPL,Nepal,2017,solar,54.817,75.987
NPL,Nepal,2017,wind_onshore,0.069,0.121
NPL,Nepal,2018,bio,7.034,12.542
NPL,Nepal,2018,hydro,1037.694,4744.981
NPL,Nepal,2018,oil,53.41,0.123
NPL,Nepal,2018,solar,55.849,80.903
NPL,Nepal,2018,wind_onshore,0.169,0.296
NPL,Nepal,2019,bio,7.034,13.258
NPL,Nepal,2019,hydro,1159.077,5520.858
NPL,Nepal,2019,oil,53.41,0.088
NPL,Nepal,2019,solar,54.515,83.78
NPL,Nepal,2019,wind_onshore,0.199,0.349
NPL,Nepal,2020,bio,6.434,7.382
NPL,Nepal,2020,hydro,1280.693,6182.289
NPL,Nepal,2020,oil,53.41,0.057
NPL,Nepal,2020,solar,64.468,82.186
NPL,Nepal,2020,wind_onshore,0.199,0.349
NPL,Nepal,2021,bio,6.992,10.29
NPL,Nepal,2021,hydro,1971.447,7913.355
NPL,Nepal,2021,oil,53.41,0.043
NPL,Nepal,2021,solar,90.096,86.202
NPL,Nepal,2021,wind_onshore,0.199,0.349
NPL,Nepal,2022,bio,7.112,10.659
NPL,Nepal,2022,hydro,2197.211,10167.721
NPL,Nepal,2022,oil,53.41,0.023
NPL,Nepal,2022,solar,111.216,105.526
NPL,Nepal,2022,wind_onshore,0.199,0.349
NPL,Nepal,2023,bio,7.112,10.659
NPL,Nepal,2023,hydro,2674.921,11422.112
NPL,Nepal,2023,oil,53.41,0.007
NPL,Nepal,2023,solar,116.796,116.729
NPL,Nepal,2023,wind_onshore,0.199,0.349
NPL,Nepal,2024,bio,7.112,
NPL,Nepal,2024,hydro,3292.554,
NPL,Nepal,2024,oil,53.41,
NPL,Nepal,2024,solar,175.466,
NPL,Nepal,2024,wind_onshore,0.199,
NRU,Nauru,2015,oil,11.7,36.033
NRU,Nauru,2015,solar,0.21,0.238
NRU,Nauru,2016,oil,11.7,35.675
NRU,Nauru,2016,solar,0.71,0.288
NRU,Nauru,2017,oil,16.8,38.978
NRU,Nauru,2017,solar,0.711,1.261
NRU,Nauru,2018,oil,16.8,37.289
NRU,Nauru,2018,solar,0.823,1.189
NRU,Nauru,2019,oil,24.2,38.783
NRU,Nauru,2019,solar,2.476,1.549
NRU,Nauru,2020,oil,24.2,44.247
NRU,Nauru,2020,solar,2.481,2.885
NRU,Nauru,2021,oil,23.7,49.512
NRU,Nauru,2021,solar,2.903,4.68
NRU,Nauru,2022,oil,23.7,53.618
NRU,Nauru,2022,solar,3.163,5.184
NRU,Nauru,2023,oil,23.7,53.618
NRU,Nauru,2023,solar,3.163,5.184
NRU,Nauru,2024,oil,23.7,
NRU,Nauru,2024,solar,3.163,
NZL,New Zealand,2015,bio,149.0,816.0
NZL,New Zealand,2015,coal,8.0,1876.0
NZL,New Zealand,2015,fossil_nes,663.0,
NZL,New Zealand,2015,gas,1418.0,6803.0
NZL,New Zealand,2015,geothermal,990.0,8214.0
NZL,New Zealand,2015,hydro,5435.0,24528.0
NZL,New Zealand,2015,oil,171.0,1.0
NZL,New Zealand,2015,other,16.0,52.0
NZL,New Zealand,2015,solar,37.0,37.0
NZL,New Zealand,2015,wind_onshore,689.0,2364.0
NZL,New Zealand,2016,bio,146.0,814.0
NZL,New Zealand,2016,coal,8.0,1047.0
NZL,New Zealand,2016,fossil_nes,663.0,
NZL,New Zealand,2016,gas,1248.0,5712.0
NZL,New Zealand,2016,geothermal,985.0,8202.0
NZL,New Zealand,2016,hydro,5435.0,25933.0
NZL,New Zealand,2016,oil,171.0,3.0
NZL,New Zealand,2016,other,16.0,55.0
NZL,New Zealand,2016,solar,53.0,57.0
NZL,New Zealand,2016,wind_onshore,690.0,2341.0
NZL,New Zealand,2017,bio,149.478,801.85
NZL,New Zealand,2017,coal,8.0,1212.455
NZL,New Zealand,2017,fossil_nes,662.522,
NZL,New Zealand,2017,gas,1248.0,6983.932
NZL,New Zealand,2017,geothermal,985.0,8245.887
NZL,New Zealand,2017,hydro,5435.0,25173.337
NZL,New Zealand,2017,oil,171.0,6.15
NZL,New Zealand,2017,other,16.0,49.722
NZL,New Zealand,2017,solar,70.648,77.022
NZL,New Zealand,2017,wind_onshore,691.0,2090.84
NZL,New Zealand,2018,bio,149.478,774.985
NZL,New Zealand,2018,coal,8.0,1582.984
NZL,New Zealand,2018,fossil_nes,662.522,
NZL,New Zealand,2018,gas,1248.0,5659.096
NZL,New Zealand,2018,geothermal,1009.0,8193.042
NZL,New Zealand,2018,hydro,5435.0,26251.954
NZL,New Zealand,2018,oil,174.0,11.923
NZL,New Zealand,2018,other,16.0,52.798
NZL,New Zealand,2018,solar,91.338,100.571
NZL,New Zealand,2018,wind_onshore,691.0,2067.759
NZL,New Zealand,2019,bio,149.478,791.138
NZL,New Zealand,2019,coal,8.0,2266.38
NZL,New Zealand,2019,fossil_nes,662.522,
NZL,New Zealand,2019,gas,1248.0,5796.565
NZL,New Zealand,2019,geothermal,1009.0,8260.967
NZL,New Zealand,2019,hydro,5443.0,25596.092
NZL,New Zealand,2019,oil,174.0,4.457
NZL,New Zealand,2019,other,16.002,48.623
NZL,New Zealand,2019,solar,114.541,127.804
NZL,New Zealand,2019,wind_onshore,691.0,2255.442
NZL,New Zealand,2020,bio,143.466,782.1
NZL,New Zealand,2020,coal,8.0,2310.023
NZL,New Zealand,2020,fossil_nes,662.534,
NZL,New Zealand,2020,gas,1350.0,6347.629
NZL,New Zealand,2020,geothermal,1043.0,8303.585
NZL,New Zealand,2020,hydro,5443.0,24264.165
NZL,New Zealand,2020,oil,182.0,14.208
NZL,New Zealand,2020,other,16.004,42.351
NZL,New Zealand,2020,solar,145.104,160.956
NZL,New Zealand,2020,wind_onshore,691.0,2304.566
NZL,New Zealand,2021,bio,143.466,800.993
NZL,New Zealand,2021,coal,8.0,3231.659
NZL,New Zealand,2021,fossil_nes,662.534,
NZL,New Zealand,2021,gas,1350.0,4975.07
NZL,New Zealand,2021,geothermal,1043.0,8446.391
NZL,New Zealand,2021,hydro,5443.0,24232.31
NZL,New Zealand,2021,oil,182.0,27.457
NZL,New Zealand,2021,other,16.004,46.138
NZL,New Zealand,2021,solar,191.928,210.167
NZL,New Zealand,2021,wind_onshore,914.0,2642.454
NZL,New Zealand,2022,bio,143.466,753.622
NZL,New Zealand,2022,coal,8.0,1339.059
NZL,New Zealand,2022,fossil_nes,410.34,
NZL,New Zealand,2022,gas,1368.0,4611.922
NZL,New Zealand,2022,geothermal,1050.0,8543.581
NZL,New Zealand,2022,hydro,5502.0,26273.578
NZL,New Zealand,2022,oil,182.0,7.274
NZL,New Zealand,2022,other,16.004,42.495
NZL,New Zealand,2022,solar,262.119,284.289
NZL,New Zealand,2022,wind_onshore,948.0,2865.226
NZL,New Zealand,2023,bio,143.466,729.441
NZL,New Zealand,2023,coal,8.1,1103.338
NZL,New Zealand,2023,fossil_nes,660.0,
NZL,New Zealand,2023,gas,1368.06,4383.955
NZL,New Zealand,2023,geothermal,1050.0,8223.609
NZL,New Zealand,2023,hydro,5502.0,26572.0
NZL,New Zealand,2023,oil,183.498,4.79
NZL,New Zealand,2023,other,16.454,34.945
NZL,New Zealand,2023,solar,371.037,370.314
NZL,New Zealand,2023,wind_onshore,1046.0,3238.071
NZL,New Zealand,2024,bio,143.466,
NZL,New Zealand,2024,coal,8.1,
NZL,New Zealand,2024,fossil_nes,660.0,
NZL,New Zealand,2024,gas,1368.06,
NZL,New Zealand,2024,geothermal,1275.4,
NZL,New Zealand,2024,hydro,5502.0,
NZL,New Zealand,2024,oil,183.498,
NZL,New Zealand,2024,other,16.45,
NZL,New Zealand,2024,solar,578.037,
NZL,New Zealand,2024,wind_onshore,1263.0,
OMN,Oman,2015,fossil_nes,7866.0,32758.0
OMN,Oman,2015,solar,2.205,4.003
OMN,Oman,2016,fossil_nes,8163.0,34196.0
OMN,Oman,2016,solar,2.205,4.003
OMN,Oman,2017,fossil_nes,8220.0,36126.0
OMN,Oman,2017,solar,8.215,16.024
OMN,Oman,2018,fossil_nes,8442.0,
OMN,Oman,2018,gas,,36936.706
OMN,Oman,2018,oil,,775.044
OMN,Oman,2018,solar,25.795,49.024
OMN,Oman,2019,fossil_nes,11508.0,
OMN,Oman,2019,gas,,37533.272
OMN,Oman,2019,oil,,789.553
OMN,Oman,2019,solar,26.24,50.573
OMN,Oman,2019,wind_onshore,50.0,8.531
OMN,Oman,2020,fossil_nes,11798.0,
OMN,Oman,2020,gas,,36884.603
OMN,Oman,2020,oil,,838.283
OMN,Oman,2020,solar,129.09,55.562
OMN,Oman,2020,wind_onshore,50.0,103.185
OMN,Oman,2021,fossil_nes,,724.49
OMN,Oman,2021,gas,11287.407,38646.677
OMN,Oman,2021,oil,445.593,595.007
OMN,Oman,2021,solar,155.09,683.533
OMN,Oman,2021,wind_onshore,50.0,118.909
OMN,Oman,2022,fossil_nes,,1004.883
OMN,Oman,2022,gas,10421.407,38488.005
OMN,Oman,2022,oil,445.593,660.963
OMN,Oman,2022,solar,655.09,1554.902
OMN,Oman,2022,wind_onshore,50.0,114.616
OMN,Oman,2023,gas,10421.407,41000.0
OMN,Oman,2023,oil,445.593,600.0
OMN,Oman,2023,solar,672.09,2057.024
OMN,Oman,2023,wind_onshore,50.0,100.0
OMN,Oman,2024,gas,10421.407,
OMN,Oman,2024,oil,445.593,
OMN,Oman,2024,solar,672.09,
OMN,Oman,2024,wind_onshore,50.0,
PAK,Pakistan,2015,bio,332.906,2016.713
PAK,Pakistan,2015,fossil_nes,16814.0,71851.3
PAK,Pakistan,2015,hydro,7221.089,33859.601
PAK,Pakistan,2015,nuclear,787.0,4816.5
PAK,Pakistan,2015,solar,265.354,381.609
PAK,Pakistan,2015,wind_onshore,308.355,621.772
PAK,Pakistan,2016,bio,374.056,2731.104
PAK,Pakistan,2016,fossil_nes,16701.0,76563.1
PAK,Pakistan,2016,hydro,7253.744,33440.32
PAK,Pakistan,2016,nuclear,752.0,5258.5
PAK,Pakistan,2016,solar,589.417,682.2
PAK,Pakistan,2016,wind_onshore,590.655,1060.272
PAK,Pakistan,2017,bio,374.074,3288.367
PAK,Pakistan,2017,fossil_nes,21300.0,85733.3
PAK,Pakistan,2017,hydro,7405.58,30419.142
PAK,Pakistan,2017,nuclear,1142.0,7700.5
PAK,Pakistan,2017,solar,655.225,915.704
PAK,Pakistan,2017,wind_onshore,789.155,1728.772
PAK,Pakistan,2018,bio,432.074,2912.997
PAK,Pakistan,2018,fossil_nes,23900.0,90954.5
PAK,Pakistan,2018,hydro,9905.66,30635.99
PAK,Pakistan,2018,nuclear,1142.0,9149.5
PAK,Pakistan,2018,solar,680.292,921.24
PAK,Pakistan,2018,wind_onshore,1185.855,2642.272
PAK,Pakistan,2019,bio,432.074,2747.138
PAK,Pakistan,2019,fossil_nes,25880.0,85730.0
PAK,Pakistan,2019,hydro,9924.666,35987.314
PAK,Pakistan,2019,nuclear,1142.0,9548.0
PAK,Pakistan,2019,solar,756.45,920.847
PAK,Pakistan,2019,wind_onshore,1235.855,2812.272
PAK,Pakistan,2020,bio,432.074,2838.88
PAK,Pakistan,2020,fossil_nes,25880.0,85873.0
PAK,Pakistan,2020,hydro,10044.666,39238.449
PAK,Pakistan,2020,nuclear,1142.0,10541.5
PAK,Pakistan,2020,solar,1051.754,1026.346
PAK,Pakistan,2020,wind_onshore,1235.855,2503.772
PAK,Pakistan,2021,bio,432.074,3201.913
PAK,Pakistan,2021,fossil_nes,25922.0,91696.0
PAK,Pakistan,2021,hydro,10044.666,37532.93
PAK,Pakistan,2021,nuclear,2287.0,14752.5
PAK,Pakistan,2021,solar,1436.599,1166.602
PAK,Pakistan,2021,wind_onshore,1335.155,3480.772
PAK,Pakistan,2022,bio,432.074,3201.913
PAK,Pakistan,2022,coal,660.0,
PAK,Pakistan,2022,fossil_nes,27185.0,82863.5
PAK,Pakistan,2022,hydro,10635.666,36217.59
PAK,Pakistan,2022,nuclear,3620.0,21233.5
PAK,Pakistan,2022,solar,2184.766,1264.622
PAK,Pakistan,2022,wind_onshore,1845.155,4244.272
PAK,Pakistan,2023,bio,432.074,3201.913
PAK,Pakistan,2023,coal,1320.0,
PAK,Pakistan,2023,fossil_nes,27185.0,62522.0
PAK,Pakistan,2023,hydro,10644.893,38294.832
PAK,Pakistan,2023,nuclear,3620.0,23636.0
PAK,Pakistan,2023,solar,3211.596,899.798
PAK,Pakistan,2023,wind_onshore,1845.155,4009.272
PAK,Pakistan,2024,bio,432.074,
PAK,Pakistan,2024,coal,1980.0,
PAK,Pakistan,2024,fossil_nes,27185.0,
PAK,Pakistan,2024,hydro,11528.893,
PAK,Pakistan,2024,nuclear,3620.0,
PAK,Pakistan,2024,solar,3719.196,
PAK,Pakistan,2024,wind_onshore,1845.155,
PAN,Panama,2015,bio,60.0,279.127
PAN,Panama,2015,coal,120.0,712.0
PAN,Panama,2015,hydro,1724.71,6268.22
PAN,Panama,2015,oil,920.15,2357.8
PAN,Panama,2015,solar,42.7,16.29
PAN,Panama,2015,wind_onshore,205.0,165.63
PAN,Panama,2016,bio,60.0,278.857
PAN,Panama,2016,coal,120.0,658.9
PAN,Panama,2016,hydro,1632.498,6375.38
PAN,Panama,2016,oil,1120.35,2842.93
PAN,Panama,2016,solar,88.53,70.53
PAN,Panama,2016,wind_onshore,270.0,616.93
PAN,Panama,2017,bio,68.1,281.867
PAN,Panama,2017,coal,120.0,171.1
PAN,Panama,2017,hydro,1647.22,7155.1
PAN,Panama,2017,oil,1164.0,3066.09
PAN,Panama,2017,solar,126.78,143.17
PAN,Panama,2017,wind_onshore,270.0,483.5
PAN,Panama,2018,bio,68.1,308.664
PAN,Panama,2018,coal,120.0,355.262
PAN,Panama,2018,gas,381.0,487.15
PAN,Panama,2018,hydro,1770.42,5696.014
PAN,Panama,2018,oil,1115.62,1180.934
PAN,Panama,2018,solar,199.112,250.566
PAN,Panama,2018,wind_onshore,270.0,588.662
PAN,Panama,2019,bio,68.1,242.001
PAN,Panama,2019,coal,120.0,479.43
PAN,Panama,2019,gas,381.0,2714.25
PAN,Panama,2019,hydro,1791.45,5000.061
PAN,Panama,2019,oil,1088.69,1621.75
PAN,Panama,2019,solar,224.63,335.326
PAN,Panama,2019,wind_onshore,270.0,677.8
PAN,Panama,2020,bio,68.1,270.967
PAN,Panama,2020,coal,420.0,605.11
PAN,Panama,2020,gas,381.0,1402.43
PAN,Panama,2020,hydro,1810.32,7225.73
PAN,Panama,2020,oil,1043.71,718.52
PAN,Panama,2020,solar,235.07,370.862
PAN,Panama,2020,wind_onshore,270.0,589.59
PAN,Panama,2021,bio,68.1,254.663
PAN,Panama,2021,coal,420.0,76.15
PAN,Panama,2021,gas,381.0,1554.01
PAN,Panama,2021,hydro,1810.32,8154.34
PAN,Panama,2021,oil,616.69,516.28
PAN,Panama,2021,solar,498.466,657.481
PAN,Panama,2021,wind_onshore,270.0,530.24
PAN,Panama,2022,bio,71.373,254.052
PAN,Panama,2022,coal,300.0,70.39
PAN,Panama,2022,gas,381.0,1376.0
PAN,Panama,2022,hydro,1844.7,8133.86
PAN,Panama,2022,oil,650.55,977.72
PAN,Panama,2022,solar,529.19,774.534
PAN,Panama,2022,wind_onshore,336.0,584.3
PAN,Panama,2023,bio,103.373,235.062
PAN,Panama,2023,coal,300.0,2126.72
PAN,Panama,2023,gas,381.0,2727.23
PAN,Panama,2023,hydro,1847.46,6109.05
PAN,Panama,2023,oil,782.97,1649.41
PAN,Panama,2023,solar,646.365,876.864
PAN,Panama,2023,wind_onshore,336.0,893.25
PAN,Panama,2024,bio,103.373,
PAN,Panama,2024,coal,300.0,
PAN,Panama,2024,gas,381.0,
PAN,Panama,2024,hydro,1848.44,
PAN,Panama,2024,oil,783.06,
PAN,Panama,2024,solar,743.164,
PAN,Panama,2024,wind_onshore,336.0,
PER,Peru,2015,bio,196.85,450.134
PER,Peru,2015,coal,135.0,248.088
PER,Peru,2015,gas,4998.074,17162.921
PER,Peru,2015,hydro,4139.372,23584.969
PER,Peru,2015,oil,2007.847,5087.033
PER,Peru,2015,solar,134.914,285.63
PER,Peru,2015,wind_onshore,239.8,595.574
PER,Peru,2016,bio,186.1,489.345
PER,Peru,2016,coal,135.0,
PER,Peru,2016,gas,6294.977,18978.417
PER,Peru,2016,hydro,5178.581,20876.195
PER,Peru,2016,oil,2014.623,6342.094
PER,Peru,2016,solar,146.147,305.801
PER,Peru,2016,wind_onshore,239.95,1059.596
PER,Peru,2017,bio,196.1,439.91
PER,Peru,2017,coal,135.0,673.698
PER,Peru,2017,gas,7088.578,18894.241
PER,Peru,2017,hydro,5112.629,28921.378
PER,Peru,2017,oil,1223.263,1877.032
PER,Peru,2017,solar,297.863,361.409
PER,Peru,2017,wind_onshore,239.95,1073.432
PER,Peru,2018,bio,196.6,453.166
PER,Peru,2018,coal,135.0,86.242
PER,Peru,2018,gas,7195.393,19851.112
PER,Peru,2018,hydro,5230.024,30547.815
PER,Peru,2018,oil,1237.701,1184.313
PER,Peru,2018,solar,324.159,796.647
PER,Peru,2018,wind_onshore,372.25,1502.438
PER,Peru,2019,bio,218.31,532.377
PER,Peru,2019,coal,135.0,31.397
PER,Peru,2019,gas,7097.423,20981.831
PER,Peru,2019,hydro,5386.501,31322.921
PER,Peru,2019,oil,1253.757,1143.722
PER,Peru,2019,solar,334.771,822.571
PER,Peru,2019,wind_onshore,372.25,1655.039
PER,Peru,2020,bio,218.31,584.515
PER,Peru,2020,coal,135.0,13.023
PER,Peru,2020,gas,6528.773,16037.601
PER,Peru,2020,hydro,5405.879,30474.62
PER,Peru,2020,oil,1830.422,2632.389
PER,Peru,2020,solar,334.771,839.328
PER,Peru,2020,wind_onshore,408.99,1814.102
PER,Peru,2021,bio,186.91,593.113
PER,Peru,2021,coal,135.0,28.355
PER,Peru,2021,gas,6547.05,20066.326
PER,Peru,2021,hydro,5503.19,31889.996
PER,Peru,2021,oil,1836.15,1783.128
PER,Peru,2021,other,,2.672
PER,Peru,2021,solar,332.286,861.181
PER,Peru,2021,wind_onshore,408.99,1822.575
PER,Peru,2022,bio,202.66,585.626
PER,Peru,2022,coal,135.0,89.693
PER,Peru,2022,gas,6694.029,25336.386
PER,Peru,2022,hydro,5503.65,29708.12
PER,Peru,2022,oil,2056.948,875.321
PER,Peru,2022,solar,332.246,880.472
PER,Peru,2022,wind_onshore,538.99,1931.869
PER,Peru,2023,bio,167.56,460.762
PER,Peru,2023,coal,15.0,21.888
PER,Peru,2023,fossil_nes,967.283,1098.983
PER,Peru,2023,gas,5063.523,27007.903
PER,Peru,2023,hydro,5522.549,29087.812
PER,Peru,2023,oil,2796.784,758.821
PER,Peru,2023,solar,447.177,1016.248
PER,Peru,2023,wind_onshore,1014.99,2355.316
PER,Peru,2024,bio,167.56,
PER,Peru,2024,coal,15.0,
PER,Peru,2024,fossil_nes,967.283,
PER,Peru,2024,gas,5063.523,
PER,Peru,2024,hydro,5522.549,
PER,Peru,2024,oil,2796.784,
PER,Peru,2024,solar,527.727,
PER,Peru,2024,wind_onshore,1150.69,
PHL,Philippines (the),2015,bio,295.23,446.576
PHL,Philippines (the),2015,coal,6046.5,36685.685
PHL,Philippines (the),2015,gas,2921.9,18877.915
PHL,Philippines (the),2015,geothermal,1916.1,11043.694
PHL,Philippines (the),2015,hydro,2878.195,7943.078
PHL,Philippines (the),2015,oil,4006.776,5886.437
PHL,Philippines (the),2015,pumped,736.0,722.0
PHL,Philippines (the),2015,solar,182.054,144.975
PHL,Philippines (the),2015,wind_onshore,426.9,748.414
PHL,Philippines (the),2016,bio,312.23,805.026
PHL,Philippines (the),2016,coal,7673.7,43303.242
PHL,Philippines (the),2016,gas,3452.5,19853.783
PHL,Philippines (the),2016,geothermal,1916.1,11070.403
PHL,Philippines (the),2016,hydro,2888.295,7388.915
PHL,Philippines (the),2016,oil,4092.106,5661.408
PHL,Philippines (the),2016,pumped,736.0,722.0
PHL,Philippines (the),2016,solar,798.849,1106.554
PHL,Philippines (the),2016,wind_onshore,426.9,975.219
PHL,Philippines (the),2017,bio,338.93,1092.268
PHL,Philippines (the),2017,coal,8138.7,46847.274
PHL,Philippines (the),2017,gas,3452.5,20547.239
PHL,Philippines (the),2017,geothermal,1916.1,10270.077
PHL,Philippines (the),2017,hydro,2897.595,8888.799
PHL,Philippines (the),2017,oil,4154.152,3787.093
PHL,Philippines (the),2017,pumped,736.0,722.0
PHL,Philippines (the),2017,solar,923.754,1213.836
PHL,Philippines (the),2017,wind_onshore,426.9,1093.558
PHL,Philippines (the),2018,bio,404.18,1183.943
PHL,Philippines (the),2018,coal,8858.7,51932.187
PHL,Philippines (the),2018,gas,3452.5,21333.789
PHL,Philippines (the),2018,geothermal,1928.1,10435.305
PHL,Philippines (the),2018,hydro,2984.495,8661.758
PHL,Philippines (the),2018,oil,4265.972,3172.817
PHL,Philippines (the),2018,pumped,736.0,722.0
PHL,Philippines (the),2018,solar,937.002,1270.247
PHL,Philippines (the),2018,wind_onshore,426.9,1152.923
PHL,Philippines (the),2019,bio,456.18,1119.463
PHL,Philippines (the),2019,coal,10417.2,57890.429
PHL,Philippines (the),2019,gas,3452.5,22354.378
PHL,Philippines (the),2019,geothermal,1928.1,10690.804
PHL,Philippines (the),2019,hydro,3026.595,7303.492
PHL,Philippines (the),2019,oil,4301.09,3752.302
PHL,Philippines (the),2019,pumped,736.0,722.0
PHL,Philippines (the),2019,solar,1009.348,1282.667
PHL,Philippines (the),2019,wind_onshore,443.46,1041.66
PHL,Philippines (the),2020,bio,576.08,1340.136
PHL,Philippines (the),2020,coal,10944.0,58176.002
PHL,Philippines (the),2020,gas,3452.5,19496.927
PHL,Philippines (the),2020,geothermal,1928.1,10756.815
PHL,Philippines (the),2020,hydro,3045.095,6470.019
PHL,Philippines (the),2020,oil,4236.224,2473.888
PHL,Philippines (the),2020,pumped,736.0,722.0
PHL,Philippines (the),2020,solar,1089.168,1421.267
PHL,Philippines (the),2020,wind_onshore,443.46,1026.45
PHL,Philippines (the),2021,bio,582.08,1524.12
PHL,Philippines (the),2021,coal,11669.0,62052.246
PHL,Philippines (the),2021,gas,3452.5,19060.0
PHL,Philippines (the),2021,geothermal,1928.1,10016.0
PHL,Philippines (the),2021,hydro,3048.495,8571.073
PHL,Philippines (the),2021,oil,4416.224,3152.854
PHL,Philippines (the),2021,other,,14.151
PHL,Philippines (the),2021,pumped,736.0,722.0
PHL,Philippines (the),2021,solar,1412.687,1532.252
PHL,Philippines (the),2021,wind_onshore,443.46,1279.218
PHL,Philippines (the),2022,bio,695.98,1401.25
PHL,Philippines (the),2022,coal,12441.0,66429.544
PHL,Philippines (the),2022,gas,3732.0,17884.12
PHL,Philippines (the),2022,geothermal,1932.0,10424.518
PHL,Philippines (the),2022,hydro,3038.925,9503.55
PHL,Philippines (the),2022,oil,4515.3,4108.388
PHL,Philippines (the),2022,other,,20.923
PHL,Philippines (the),2022,pumped,736.0,722.0
PHL,Philippines (the),2022,solar,1666.653,1917.313
PHL,Philippines (the),2022,wind_onshore,443.46,1056.629
PHL,Philippines (the),2023,bio,677.71,1487.983
PHL,Philippines (the),2023,coal,12406.0,73753.848
PHL,Philippines (the),2023,gas,3732.0,16668.066
PHL,Philippines (the),2023,geothermal,1951.8,10730.183
PHL,Philippines (the),2023,hydro,3095.605,9704.939
PHL,Philippines (the),2023,oil,4361.542,3042.423
PHL,Philippines (the),2023,other,,56.519
PHL,Philippines (the),2023,pumped,736.0,722.0
PHL,Philippines (the),2023,solar,1802.454,2675.792
PHL,Philippines (the),2023,wind_onshore,443.46,1351.032
PHL,Philippines (the),2024,bio,800.481,
PHL,Philippines (the),2024,coal,13006.3,
PHL,Philippines (the),2024,gas,3731.6,
PHL,Philippines (the),2024,geothermal,1951.8,
PHL,Philippines (the),2024,hydro,3132.704,
PHL,Philippines (the),2024,oil,4243.172,
PHL,Philippines (the),2024,other,0.05,
PHL,Philippines (the),2024,pumped,736.0,
PHL,Philippines (the),2024,solar,2971.1,
PHL,Philippines (the),2024,wind_onshore,443.46,
PLW,Palau,2015,oil,31.995,81.031
PLW,Palau,2015,solar,1.131,1.516
PLW,Palau,2016,oil,32.195,83.613
PLW,Palau,2016,solar,2.47,3.31
PLW,Palau,2017,oil,32.195,80.851
PLW,Palau,2017,solar,2.47,3.31
PLW,Palau,2018,oil,31.356,89.584
PLW,Palau,2018,solar,2.87,3.846
PLW,Palau,2019,oil,29.48,96.511
PLW,Palau,2019,solar,2.618,3.508
PLW,Palau,2020,oil,30.14,95.799
PLW,Palau,2020,solar,2.921,3.913
PLW,Palau,2021,oil,30.14,91.992
PLW,Palau,2021,solar,4.338,5.812
PLW,Palau,2022,oil,30.14,89.751
PLW,Palau,2022,solar,4.338,5.812
PLW,Palau,2023,oil,30.14,89.751
PLW,Palau,2023,solar,19.618,28.812
PLW,Palau,2024,oil,30.14,
PLW,Palau,2024,solar,19.878,
PNG,Papua New Guinea,2015,bio,18.312,30.634
PNG,Papua New Guinea,2015,gas,153.89,487.131
PNG,Papua New Guinea,2015,geothermal,50.0,217.6
PNG,Papua New Guinea,2015,hydro,242.385,816.828
PNG,Papua New Guinea,2015,oil,458.095,1450.075
PNG,Papua New Guinea,2015,solar,0.878,1.274
PNG,Papua New Guinea,2016,bio,18.312,32.005
PNG,Papua New Guinea,2016,gas,153.89,487.131
PNG,Papua New Guinea,2016,geothermal,50.0,187.2
PNG,Papua New Guinea,2016,hydro,240.885,816.828
PNG,Papua New Guinea,2016,oil,461.495,1460.837
PNG,Papua New Guinea,2016,solar,1.037,1.782
PNG,Papua New Guinea,2017,bio,18.312,33.209
PNG,Papua New Guinea,2017,gas,153.89,448.951
PNG,Papua New Guinea,2017,geothermal,50.0,156.8
PNG,Papua New Guinea,2017,hydro,240.885,752.808
PNG,Papua New Guinea,2017,oil,491.495,1433.864
PNG,Papua New Guinea,2017,solar,1.09,1.733
PNG,Papua New Guinea,2018,bio,18.312,34.413
PNG,Papua New Guinea,2018,gas,153.89,505.07
PNG,Papua New Guinea,2018,geothermal,50.0,126.4
PNG,Papua New Guinea,2018,hydro,240.885,846.909
PNG,Papua New Guinea,2018,oil,491.495,1613.097
PNG,Papua New Guinea,2018,solar,1.333,1.823
PNG,Papua New Guinea,2019,bio,18.312,31.11
PNG,Papua New Guinea,2019,gas,164.89,634.113
PNG,Papua New Guinea,2019,geothermal,50.0,96.0
PNG,Papua New Guinea,2019,hydro,240.885,1010.733
PNG,Papua New Guinea,2019,oil,491.495,950.945
PNG,Papua New Guinea,2019,solar,1.902,4.344
PNG,Papua New Guinea,2020,bio,18.312,31.238
PNG,Papua New Guinea,2020,gas,209.89,768.782
PNG,Papua New Guinea,2020,geothermal,50.0,96.0
PNG,Papua New Guinea,2020,hydro,240.885,1010.733
PNG,Papua New Guinea,2020,oil,491.495,950.945
PNG,Papua New Guinea,2020,solar,2.402,4.51
PNG,Papua New Guinea,2021,bio,18.312,32.495
PNG,Papua New Guinea,2021,gas,254.89,768.782
PNG,Papua New Guinea,2021,geothermal,50.0,96.0
PNG,Papua New Guinea,2021,hydro,240.885,1010.733
PNG,Papua New Guinea,2021,oil,491.495,950.945
PNG,Papua New Guinea,2021,solar,4.061,5.287
PNG,Papua New Guinea,2022,bio,18.312,32.495
PNG,Papua New Guinea,2022,gas,254.89,833.109
PNG,Papua New Guinea,2022,geothermal,50.0,96.0
PNG,Papua New Guinea,2022,hydro,243.885,846.584
PNG,Papua New Guinea,2022,oil,491.495,1593.947
PNG,Papua New Guinea,2022,solar,3.887,5.636
PNG,Papua New Guinea,2023,bio,18.312,32.495
PNG,Papua New Guinea,2023,gas,260.89,654.023
PNG,Papua New Guinea,2023,geothermal,50.0,96.0
PNG,Papua New Guinea,2023,hydro,309.485,818.863
PNG,Papua New Guinea,2023,oil,491.495,1234.63
PNG,Papua New Guinea,2023,solar,3.887,5.636
PNG,Papua New Guinea,2024,bio,18.312,
PNG,Papua New Guinea,2024,gas,260.89,
PNG,Papua New Guinea,2024,geothermal,51.0,
PNG,Papua New Guinea,2024,hydro,309.485,
PNG,Papua New Guinea,2024,oil,491.495,
PNG,Papua New Guinea,2024,solar,4.887,
POL,Poland,2015,bio,960.9,10062.183
POL,Poland,2015,coal,,132962.0
POL,Poland,2015,fossil_nes,28993.0,
POL,Poland,2015,gas,,6387.0
POL,Poland,2015,hydro,964.0,1832.202
POL,Poland,2015,oil,,2118.0
POL,Poland,2015,other,9.5,191.0
POL,Poland,2015,pumped,1406.0,602.994
POL,Poland,2015,solar,102.787,56.639
POL,Poland,2015,wind_onshore,4886.0,10858.365
POL,Poland,2016,bio,974.4,7981.0
POL,Poland,2016,coal,,132933.0
POL,Poland,2016,fossil_nes,28787.0,
POL,Poland,2016,gas,,7831.0
POL,Poland,2016,hydro,972.0,2139.446
POL,Poland,2016,oil,,2302.0
POL,Poland,2016,other,24.0,280.0
POL,Poland,2016,pumped,1413.0,482.243
POL,Poland,2016,solar,178.235,123.875
POL,Poland,2016,wind_onshore,5747.0,12587.59
POL,Poland,2017,bio,967.993,6521.255
POL,Poland,2017,coal,,133438.657
POL,Poland,2017,fossil_nes,33414.511,
POL,Poland,2017,gas,,10034.862
POL,Poland,2017,hydro,967.059,2559.581
POL,Poland,2017,oil,,2020.565
POL,Poland,2017,other,32.0,374.818
POL,Poland,2017,pumped,1423.0,474.325
POL,Poland,2017,solar,277.088,165.463
POL,Poland,2017,wind_onshore,5759.357,14909.041
POL,Poland,2018,bio,1004.306,6581.467
POL,Poland,2018,coal,,133007.579
POL,Poland,2018,fossil_nes,33266.853,
POL,Poland,2018,gas,,12634.331
POL,Poland,2018,hydro,968.268,1969.997
POL,Poland,2018,oil,,1800.172
POL,Poland,2018,other,55.696,562.783
POL,Poland,2018,pumped,1423.0,417.411
POL,Poland,2018,solar,535.977,300.488
POL,Poland,2018,wind_onshore,5766.078,12798.792
POL,Poland,2019,bio,1010.343,7716.596
POL,Poland,2019,coal,,120451.509
POL,Poland,2019,fossil_nes,32583.246,
POL,Poland,2019,gas,,14797.395
POL,Poland,2019,hydro,974.012,1958.416
POL,Poland,2019,oil,,1769.015
POL,Poland,2019,other,73.2,805.284
POL,Poland,2019,pumped,1423.0,706.466
POL,Poland,2019,solar,1495.252,710.673
POL,Poland,2019,wind_onshore,5837.761,15106.759
POL,Poland,2020,bio,1045.353,8384.002
POL,Poland,2020,coal,,109370.082
POL,Poland,2020,fossil_nes,35620.346,
POL,Poland,2020,gas,,17287.546
POL,Poland,2020,hydro,976.602,2118.337
POL,Poland,2020,oil,,1749.987
POL,Poland,2020,other,50.15,589.913
POL,Poland,2020,pumped,1423.0,818.651
POL,Poland,2020,solar,3794.964,1957.916
POL,Poland,2020,wind_onshore,6298.25,15800.049
POL,Poland,2021,bio,1099.688,8094.785
POL,Poland,2021,coal,,129810.213
POL,Poland,2021,fossil_nes,34908.663,
POL,Poland,2021,gas,,15823.706
POL,Poland,2021,hydro,974.548,2339.182
POL,Poland,2021,oil,,2004.549
POL,Poland,2021,other,45.7,662.995
POL,Poland,2021,pumped,1423.0,761.595
POL,Poland,2021,solar,7090.539,3934.448
POL,Poland,2021,wind_onshore,6967.339,16233.547
POL,Poland,2022,bio,1217.457,7665.497
POL,Poland,2022,coal,,126654.648
POL,Poland,2022,fossil_nes,31829.25,
POL,Poland,2022,gas,,11354.846
POL,Poland,2022,hydro,983.849,1968.187
POL,Poland,2022,oil,,2352.608
POL,Poland,2022,other,61.401,647.319
POL,Poland,2022,pumped,1423.0,1050.121
POL,Poland,2022,solar,11063.103,8309.67
POL,Poland,2022,wind_onshore,8150.235,19779.538
POL,Poland,2023,bio,1176.298,8196.009
POL,Poland,2023,coal,,100607.873
POL,Poland,2023,fossil_nes,31816.279,
POL,Poland,2023,gas,,16493.658
POL,Poland,2023,hydro,987.409,2409.511
POL,Poland,2023,oil,,2011.339
POL,Poland,2023,other,90.161,1071.257
POL,Poland,2023,pumped,1423.0,1324.518
POL,Poland,2023,solar,16427.526,11107.089
POL,Poland,2023,wind_onshore,9343.321,24176.356
POL,Poland,2024,bio,1176.298,
POL,Poland,2024,fossil_nes,31794.279,
POL,Poland,2024,hydro,988.409,
POL,Poland,2024,other,258.161,
POL,Poland,2024,pumped,1359.0,
POL,Poland,2024,solar,20199.126,
POL,Poland,2024,wind_onshore,10059.321,
PRI,Puerto Rico,2015,bio,,0.3
PRI,Puerto Rico,2015,coal,454.4,3264.1
PRI,Puerto Rico,2015,gas,1334.6,6367.9
PRI,Puerto Rico,2015,hydro,98.1,55.9
PRI,Puerto Rico,2015,oil,3474.4,10889.6
PRI,Puerto Rico,2015,solar,208.95,224.679
PRI,Puerto Rico,2015,wind_onshore,99.0,239.1
PRI,Puerto Rico,2016,bio,2.4,6.9
PRI,Puerto Rico,2016,coal,454.4,3477.2
PRI,Puerto Rico,2016,gas,1334.6,6964.7
PRI,Puerto Rico,2016,hydro,98.1,71.2
PRI,Puerto Rico,2016,oil,3474.4,9815.0
PRI,Puerto Rico,2016,solar,243.603,290.561
PRI,Puerto Rico,2016,wind_onshore,99.0,193.2
PRI,Puerto Rico,2017,bio,2.4,10.8
PRI,Puerto Rico,2017,coal,454.4,2315.5
PRI,Puerto Rico,2017,gas,1334.6,5275.8
PRI,Puerto Rico,2017,hydro,98.1,50.9
PRI,Puerto Rico,2017,oil,3474.4,8410.6
PRI,Puerto Rico,2017,solar,302.463,345.228
PRI,Puerto Rico,2017,wind_onshore,99.0,148.8
PRI,Puerto Rico,2018,bio,2.4,10.6
PRI,Puerto Rico,2018,coal,454.4,2505.5
PRI,Puerto Rico,2018,gas,1334.6,6217.2
PRI,Puerto Rico,2018,hydro,98.1,38.2
PRI,Puerto Rico,2018,oil,3474.4,8496.2
PRI,Puerto Rico,2018,solar,305.402,311.832
PRI,Puerto Rico,2018,wind_onshore,99.0,107.8
PRI,Puerto Rico,2019,bio,2.4,15.2
PRI,Puerto Rico,2019,coal,454.4,3520.3
PRI,Puerto Rico,2019,gas,1345.6,7634.1
PRI,Puerto Rico,2019,hydro,98.1,41.0
PRI,Puerto Rico,2019,oil,3606.7,7274.9
PRI,Puerto Rico,2019,solar,337.031,498.094
PRI,Puerto Rico,2019,wind_onshore,99.0,159.0
PRI,Puerto Rico,2020,bio,4.8,9.4
PRI,Puerto Rico,2020,coal,454.4,3064.8
PRI,Puerto Rico,2020,gas,1345.6,5621.7
PRI,Puerto Rico,2020,hydro,98.1,50.5
PRI,Puerto Rico,2020,oil,3607.7,9625.8
PRI,Puerto Rico,2020,solar,381.041,563.083
PRI,Puerto Rico,2020,wind_onshore,99.0,142.7
PRI,Puerto Rico,2021,bio,4.8,13.6
PRI,Puerto Rico,2021,coal,454.4,3261.81
PRI,Puerto Rico,2021,gas,1345.6,8201.9
PRI,Puerto Rico,2021,hydro,98.1,39.708
PRI,Puerto Rico,2021,oil,3621.7,7247.07
PRI,Puerto Rico,2021,solar,487.568,678.772
PRI,Puerto Rico,2021,wind_onshore,99.0,165.69
PRI,Puerto Rico,2022,bio,4.8,13.925
PRI,Puerto Rico,2022,coal,454.4,2967.623
PRI,Puerto Rico,2022,gas,1371.2,6121.446
PRI,Puerto Rico,2022,hydro,98.1,44.737
PRI,Puerto Rico,2022,oil,3655.8,8769.26
PRI,Puerto Rico,2022,solar,639.385,845.848
PRI,Puerto Rico,2022,wind_onshore,99.0,155.704
PRI,Puerto Rico,2023,bio,4.8,12.102
PRI,Puerto Rico,2023,coal,454.4,2650.245
PRI,Puerto Rico,2023,gas,1383.9,8837.655
PRI,Puerto Rico,2023,hydro,98.1,37.884
PRI,Puerto Rico,2023,oil,3759.0,7191.336
PRI,Puerto Rico,2023,solar,955.195,1189.412
PRI,Puerto Rico,2023,wind_onshore,99.0,115.915
PRI,Puerto Rico,2024,bio,4.8,
PRI,Puerto Rico,2024,coal,510.0,
PRI,Puerto Rico,2024,gas,1445.3,
PRI,Puerto Rico,2024,hydro,98.1,
PRI,Puerto Rico,2024,oil,4060.8,
PRI,Puerto Rico,2024,solar,962.645,
PRI,Puerto Rico,2024,wind_onshore,127.8,
PRK,Democratic People's Republic of Korea (the),2015,fossil_nes,2960.0,9000.0
PRK,Democratic People's Republic of Korea (the),2015,hydro,4467.0,10000.0
PRK,Democratic People's Republic of Korea (the),2015,other,0.5,0.876
PRK,Democratic People's Republic of Korea (the),2015,solar,22.859,29.488
PRK,Democratic People's Republic of Korea (the),2015,wind_onshore,0.86,1.507
PRK,Democratic People's Republic of Korea (the),2016,fossil_nes,2960.0,11100.0
PRK,Democratic People's Republic of Korea (the),2016,hydro,4701.0,12800.0
PRK,Democratic People's Republic of Korea (the),2016,other,0.5,0.876
PRK,Democratic People's Republic of Korea (the),2016,solar,32.409,41.808
PRK,Democratic People's Republic of Korea (the),2016,wind_onshore,0.97,1.699
PRK,Democratic People's Republic of Korea (the),2017,fossil_nes,2960.0,11600.0
PRK,Democratic People's Republic of Korea (the),2017,hydro,4761.0,11900.0
PRK,Democratic People's Republic of Korea (the),2017,other,0.5,0.876
PRK,Democratic People's Republic of Korea (the),2017,solar,36.31,46.84
PRK,Democratic People's Republic of Korea (the),2017,wind_onshore,1.33,2.33
PRK,Democratic People's Republic of Korea (the),2018,fossil_nes,3360.0,12100.0
PRK,Democratic People's Republic of Korea (the),2018,hydro,4790.0,12800.0
PRK,Democratic People's Republic of Korea (the),2018,other,0.5,0.876
PRK,Democratic People's Republic of Korea (the),2018,solar,49.935,64.416
PRK,Democratic People's Republic of Korea (the),2018,wind_onshore,1.33,2.33
PRK,Democratic People's Republic of Korea (the),2019,fossil_nes,3360.0,12800.0
PRK,Democratic People's Republic of Korea (the),2019,hydro,4790.0,11000.0
PRK,Democratic People's Republic of Korea (the),2019,other,0.5,0.876
PRK,Democratic People's Republic of Korea (the),2019,solar,64.967,83.807
PRK,Democratic People's Republic of Korea (the),2019,wind_onshore,1.33,2.33
PRK,Democratic People's Republic of Korea (the),2020,fossil_nes,3360.0,11200.0
PRK,Democratic People's Republic of Korea (the),2020,hydro,4865.0,12800.0
PRK,Democratic People's Republic of Korea (the),2020,other,0.5,0.876
PRK,Democratic People's Republic of Korea (the),2020,solar,78.972,101.874
PRK,Democratic People's Republic of Korea (the),2020,wind_onshore,1.6,2.803
PRK,Democratic People's Republic of Korea (the),2021,fossil_nes,3360.0,9400.0
PRK,Democratic People's Republic of Korea (the),2021,hydro,4865.0,16100.0
PRK,Democratic People's Republic of Korea (the),2021,other,0.5,0.876
PRK,Democratic People's Republic of Korea (the),2021,solar,101.972,131.544
PRK,Democratic People's Republic of Korea (the),2021,wind_onshore,1.6,2.803
PRK,Democratic People's Republic of Korea (the),2022,fossil_nes,3380.0,9800.0
PRK,Democratic People's Republic of Korea (the),2022,hydro,4890.0,16600.0
PRK,Democratic People's Republic of Korea (the),2022,other,0.5,0.876
PRK,Democratic People's Republic of Korea (the),2022,solar,115.522,149.023
PRK,Democratic People's Republic of Korea (the),2022,wind_onshore,1.6,2.803
PRK,Democratic People's Republic of Korea (the),2023,fossil_nes,3380.0,9200.0
PRK,Democratic People's Republic of Korea (the),2023,hydro,4910.0,15800.0
PRK,Democratic People's Republic of Korea (the),2023,nuclear,20.0,35.04
PRK,Democratic People's Republic of Korea (the),2023,other,0.5,0.876
PRK,Democratic People's Republic of Korea (the),2023,solar,129.187,166.651
PRK,Democratic People's Republic of Korea (the),2023,wind_onshore,1.6,2.803
PRK,Democratic People's Republic of Korea (the),2024,fossil_nes,3380.0,
PRK,Democratic People's Republic of Korea (the),2024,hydro,4910.0,
PRK,Democratic People's Republic of Korea (the),2024,nuclear,20.0,
PRK,Democratic People's Republic of Korea (the),2024,other,0.5,
PRK,Democratic People's Republic of Korea (the),2024,solar,142.737,
PRK,Democratic People's Republic of Korea (the),2024,wind_onshore,1.6,
PRT,Portugal,2015,bio,576.5,3104.0
PRT,Portugal,2015,coal,,14727.0
PRT,Portugal,2015,fossil_nes,7429.0,
PRT,Portugal,2015,gas,,10562.0
PRT,Portugal,2015,geothermal,25.0,203.567
PRT,Portugal,2015,hydro,6168.0,8660.506
PRT,Portugal,2015,oil,,1312.0
PRT,Portugal,2015,other,43.5,308.027
PRT,Portugal,2015,pumped,,1139.0
PRT,Portugal,2015,solar,452.252,796.155
PRT,Portugal,2015,wind_offshore,2.0,4.406
PRT,Portugal,2015,wind_onshore,4934.838,11603.232
PRT,Portugal,2016,bio,586.5,3071.0
PRT,Portugal,2016,coal,,12630.0
PRT,Portugal,2016,fossil_nes,7359.0,
PRT,Portugal,2016,gas,,12582.0
PRT,Portugal,2016,geothermal,25.0,171.577
PRT,Portugal,2016,hydro,6960.0,15723.323
PRT,Portugal,2016,oil,,1300.0
PRT,Portugal,2016,other,45.5,320.045
PRT,Portugal,2016,pumped,,1186.0
PRT,Portugal,2016,solar,532.598,870.603
PRT,Portugal,2016,wind_onshore,5124.103,12474.096
PRT,Portugal,2017,bio,582.196,3220.296
PRT,Portugal,2017,coal,,14666.0
PRT,Portugal,2017,fossil_nes,7348.034,
PRT,Portugal,2017,gas,,18894.581
PRT,Portugal,2017,geothermal,29.1,216.659
PRT,Portugal,2017,hydro,7225.922,5896.883
PRT,Portugal,2017,oil,,1279.961
PRT,Portugal,2017,other,44.707,283.301
PRT,Portugal,2017,pumped,,1734.641
PRT,Portugal,2017,solar,619.051,991.546
PRT,Portugal,2017,wind_onshore,5124.105,12247.853
PRT,Portugal,2018,bio,648.072,3155.846
PRT,Portugal,2018,coal,,12006.364
PRT,Portugal,2018,fossil_nes,7388.059,
PRT,Portugal,2018,gas,,15611.618
PRT,Portugal,2018,geothermal,29.1,230.387
PRT,Portugal,2018,hydro,7235.833,12393.349
PRT,Portugal,2018,oil,,1121.866
PRT,Portugal,2018,other,44.707,259.261
PRT,Portugal,2018,pumped,,1234.91
PRT,Portugal,2018,solar,717.016,1005.897
PRT,Portugal,2018,wind_onshore,5172.359,12616.584
PRT,Portugal,2019,bio,702.498,3363.231
PRT,Portugal,2019,coal,,5532.694
PRT,Portugal,2019,fossil_nes,7413.199,
PRT,Portugal,2019,gas,,17263.453
PRT,Portugal,2019,geothermal,29.1,215.36
PRT,Portugal,2019,hydro,7261.985,8817.714
PRT,Portugal,2019,oil,,1253.35
PRT,Portugal,2019,other,44.307,274.366
PRT,Portugal,2019,pumped,,1424.801
PRT,Portugal,2019,solar,970.14,1342.252
PRT,Portugal,2019,wind_onshore,5222.745,13666.949
PRT,Portugal,2020,bio,715.118,3785.748
PRT,Portugal,2020,coal,,2363.091
PRT,Portugal,2020,fossil_nes,7403.093,
PRT,Portugal,2020,gas,,17599.163
PRT,Portugal,2020,geothermal,29.1,217.172
PRT,Portugal,2020,hydro,7240.806,12082.581
PRT,Portugal,2020,oil,,1204.071
PRT,Portugal,2020,other,44.307,262.349
PRT,Portugal,2020,pumped,,1549.973
PRT,Portugal,2020,solar,1190.514,1715.59
PRT,Portugal,2020,wind_offshore,24.999,51.244
PRT,Portugal,2020,wind_onshore,5097.26,12247.419
PRT,Portugal,2021,bio,716.768,4002.555
PRT,Portugal,2021,coal,,800.0
PRT,Portugal,2021,fossil_nes,6225.854,
PRT,Portugal,2021,gas,,15573.85
PRT,Portugal,2021,geothermal,29.1,178.549
PRT,Portugal,2021,hydro,7254.902,11907.543
PRT,Portugal,2021,oil,,1231.74
PRT,Portugal,2021,other,44.307,285.46
PRT,Portugal,2021,pumped,,1547.086
PRT,Portugal,2021,solar,1817.204,2237.164
PRT,Portugal,2021,wind_offshore,24.999,51.439
PRT,Portugal,2021,wind_onshore,5402.327,13164.175
PRT,Portugal,2022,bio,706.443,4112.858
PRT,Portugal,2022,fossil_nes,5437.249,
PRT,Portugal,2022,gas,,17393.915
PRT,Portugal,2022,geothermal,29.1,194.573
PRT,Portugal,2022,hydro,8188.59,6536.022
PRT,Portugal,2022,oil,,1284.047
PRT,Portugal,2022,other,43.442,220.016
PRT,Portugal,2022,pumped,,2303.26
PRT,Portugal,2022,solar,2817.466,3519.034
PRT,Portugal,2022,wind_offshore,24.999,78.18
PRT,Portugal,2022,wind_onshore,5513.14,13165.827
PRT,Portugal,2023,bio,708.808,3800.118
PRT,Portugal,2023,fossil_nes,5371.945,
PRT,Portugal,2023,gas,,10416.077
PRT,Portugal,2023,geothermal,29.1,207.526
PRT,Portugal,2023,hydro,8186.57,12039.301
PRT,Portugal,2023,oil,,1237.003
PRT,Portugal,2023,other,41.442,208.919
PRT,Portugal,2023,pumped,,2828.865
PRT,Portugal,2023,solar,4040.001,5160.143
PRT,Portugal,2023,wind_offshore,24.999,79.312
PRT,Portugal,2023,wind_onshore,5513.141,13066.086
PRT,Portugal,2024,bio,708.808,
PRT,Portugal,2024,fossil_nes,5357.945,
PRT,Portugal,2024,geothermal,29.1,
PRT,Portugal,2024,hydro,8346.57,
PRT,Portugal,2024,other,41.442,
PRT,Portugal,2024,solar,5808.001,
PRT,Portugal,2024,wind_offshore,24.999,
PRT,Portugal,2024,wind_onshore,5558.141,
PRY,Paraguay,2015,bio,39.418,135.494
PRY,Paraguay,2015,hydro,8800.0,55742.8
PRY,Paraguay,2015,oil,14.7,1.4
PRY,Paraguay,2015,solar,0.057,0.083
PRY,Paraguay,2016,bio,39.418,136.162
PRY,Paraguay,2016,hydro,8800.0,63770.15
PRY,Paraguay,2016,oil,0.5,1.25
PRY,Paraguay,2016,solar,0.057,0.083
PRY,Paraguay,2017,bio,39.418,129.446
PRY,Paraguay,2017,hydro,8800.0,59683.82
PRY,Paraguay,2017,oil,0.5,1.51
PRY,Paraguay,2017,solar,0.057,0.083
PRY,Paraguay,2018,bio,39.418,133.115
PRY,Paraguay,2018,hydro,8800.0,59210.9
PRY,Paraguay,2018,oil,0.5,1.55
PRY,Paraguay,2018,solar,0.057,0.083
PRY,Paraguay,2019,bio,41.418,137.42
PRY,Paraguay,2019,hydro,8824.0,49445.76
PRY,Paraguay,2019,oil,26.19,2.03
PRY,Paraguay,2019,solar,0.057,0.083
PRY,Paraguay,2020,bio,41.418,140.498
PRY,Paraguay,2020,hydro,8824.0,46371.04
PRY,Paraguay,2020,oil,26.19,1.92
PRY,Paraguay,2020,solar,0.15,0.151
PRY,Paraguay,2020,wind_onshore,0.02,0.018
PRY,Paraguay,2021,bio,41.418,112.957
PRY,Paraguay,2021,hydro,8824.0,40574.21
PRY,Paraguay,2021,oil,26.19,1.99
PRY,Paraguay,2021,solar,0.15,0.22
PRY,Paraguay,2021,wind_onshore,0.02,0.035
PRY,Paraguay,2022,bio,41.418,103.138
PRY,Paraguay,2022,hydro,8824.0,43879.5
PRY,Paraguay,2022,oil,26.19,1.3
PRY,Paraguay,2022,solar,1.166,0.961
PRY,Paraguay,2022,wind_onshore,0.02,0.035
PRY,Paraguay,2023,bio,41.418,107.195
PRY,Paraguay,2023,hydro,8824.0,52811.72
PRY,Paraguay,2023,oil,26.19,1.13
PRY,Paraguay,2023,solar,1.166,1.703
PRY,Paraguay,2023,wind_onshore,0.02,0.035
PRY,Paraguay,2024,bio,41.418,
PRY,Paraguay,2024,hydro,8824.0,
PRY,Paraguay,2024,oil,26.19,
PRY,Paraguay,2024,solar,1.166,
PRY,Paraguay,2024,wind_onshore,0.02,
PSE,State of Palestine (the),2015,oil,160.0,505.367
PSE,State of Palestine (the),2015,solar,12.786,10.681
PSE,State of Palestine (the),2016,oil,160.0,494.574
PSE,State of Palestine (the),2016,solar,25.816,43.986
PSE,State of Palestine (the),2017,bio,0.34,0.63
PSE,State of Palestine (the),2017,oil,160.0,500.852
PSE,State of Palestine (the),2017,solar,35.816,46.486
PSE,State of Palestine (the),2018,bio,0.34,0.276
PSE,State of Palestine (the),2018,oil,160.0,360.427
PSE,State of Palestine (the),2018,solar,40.832,61.514
PSE,State of Palestine (the),2019,bio,0.34,0.276
PSE,State of Palestine (the),2019,oil,160.0,691.279
PSE,State of Palestine (the),2019,solar,82.915,125.307
PSE,State of Palestine (the),2020,bio,0.34,0.276
PSE,State of Palestine (the),2020,oil,160.0,661.556
PSE,State of Palestine (the),2020,solar,118.535,180.625
PSE,State of Palestine (the),2021,bio,0.34,0.276
PSE,State of Palestine (the),2021,oil,160.0,692.522
PSE,State of Palestine (the),2021,solar,179.035,229.526
PSE,State of Palestine (the),2022,bio,0.34,0.276
PSE,State of Palestine (the),2022,oil,160.0,679.0
PSE,State of Palestine (the),2022,solar,193.035,347.526
PSE,State of Palestine (the),2023,bio,0.34,0.276
PSE,State of Palestine (the),2023,oil,20.0,682.0
PSE,State of Palestine (the),2023,solar,193.035,350.526
PSE,State of Palestine (the),2024,bio,0.34,
PSE,State of Palestine (the),2024,oil,20.0,
PSE,State of Palestine (the),2024,solar,198.535,
PYF,French Polynesia,2015,hydro,47.41,167.012
PYF,French Polynesia,2015,oil,210.38,470.0
PYF,French Polynesia,2015,solar,29.5,31.9
PYF,French Polynesia,2015,wind_onshore,0.248,0.078
PYF,French Polynesia,2016,hydro,47.41,184.004
PYF,French Polynesia,2016,oil,210.38,471.0
PYF,French Polynesia,2016,solar,31.9,32.9
PYF,French Polynesia,2016,wind_onshore,0.248,0.078
PYF,French Polynesia,2017,hydro,47.63,176.388
PYF,French Polynesia,2017,oil,210.38,474.0
PYF,French Polynesia,2017,solar,34.8,35.6
PYF,French Polynesia,2017,wind_onshore,0.248,0.078
PYF,French Polynesia,2018,hydro,47.63,164.943
PYF,French Polynesia,2018,oil,210.38,488.0
PYF,French Polynesia,2018,solar,38.1,37.4
PYF,French Polynesia,2018,wind_onshore,0.248,0.078
PYF,French Polynesia,2019,hydro,48.654,160.335
PYF,French Polynesia,2019,oil,210.38,493.4
PYF,French Polynesia,2019,solar,41.1,39.7
PYF,French Polynesia,2019,wind_onshore,0.248,0.078
PYF,French Polynesia,2020,hydro,48.654,161.241
PYF,French Polynesia,2020,oil,210.38,464.4
PYF,French Polynesia,2020,solar,44.614,41.6
PYF,French Polynesia,2020,wind_onshore,0.248,0.078
PYF,French Polynesia,2021,hydro,48.654,144.184
PYF,French Polynesia,2021,oil,216.38,481.9
PYF,French Polynesia,2021,solar,45.675,47.4
PYF,French Polynesia,2021,wind_onshore,0.248,0.078
PYF,French Polynesia,2022,hydro,49.2,191.991
PYF,French Polynesia,2022,oil,216.38,436.0
PYF,French Polynesia,2022,solar,52.122,49.9
PYF,French Polynesia,2022,wind_onshore,0.248,0.078
PYF,French Polynesia,2023,hydro,49.2,148.415
PYF,French Polynesia,2023,oil,216.38,436.0
PYF,French Polynesia,2023,solar,52.868,44.8
PYF,French Polynesia,2023,wind_onshore,0.248,0.078
PYF,French Polynesia,2024,hydro,49.2,
PYF,French Polynesia,2024,oil,216.38,
PYF,French Polynesia,2024,solar,72.572,
PYF,French Polynesia,2024,wind_onshore,0.248,
QAT,Qatar,2015,bio,19.0,119.335
QAT,Qatar,2015,gas,8650.5,41499.3
QAT,Qatar,2015,other,15.0,119.335
QAT,Qatar,2015,solar,3.967,6.506
QAT,Qatar,2016,bio,19.0,122.776
QAT,Qatar,2016,gas,8559.0,42307.0
QAT,Qatar,2016,other,15.0,122.776
QAT,Qatar,2016,solar,5.1,8.364
QAT,Qatar,2017,bio,19.0,128.945
QAT,Qatar,2017,gas,10170.0,45555.0
QAT,Qatar,2017,other,15.0,128.945
QAT,Qatar,2017,solar,5.1,8.364
QAT,Qatar,2018,bio,19.0,134.525
QAT,Qatar,2018,gas,10579.0,47913.0
QAT,Qatar,2018,other,15.0,134.526
QAT,Qatar,2018,solar,5.1,8.364
QAT,Qatar,2019,bio,19.0,117.575
QAT,Qatar,2019,gas,10578.0,49873.0
QAT,Qatar,2019,other,15.0,117.574
QAT,Qatar,2019,solar,5.1,8.364
QAT,Qatar,2020,bio,19.0,134.388
QAT,Qatar,2020,gas,10579.0,49259.0
QAT,Qatar,2020,other,15.0,134.388
QAT,Qatar,2020,solar,5.1,8.364
QAT,Qatar,2021,bio,19.0,134.388
QAT,Qatar,2021,gas,10576.0,51641.0
QAT,Qatar,2021,other,15.0,134.388
QAT,Qatar,2021,solar,5.1,8.364
QAT,Qatar,2022,bio,19.0,134.388
QAT,Qatar,2022,gas,10574.0,54028.795
QAT,Qatar,2022,other,15.0,134.388
QAT,Qatar,2022,solar,805.1,594.205
QAT,Qatar,2023,bio,19.0,134.388
QAT,Qatar,2023,gas,10573.0,54368.357
QAT,Qatar,2023,other,15.0,134.388
QAT,Qatar,2023,solar,805.1,1882.019
QAT,Qatar,2024,bio,19.0,
QAT,Qatar,2024,gas,10573.0,
QAT,Qatar,2024,other,15.0,
QAT,Qatar,2024,solar,1680.1,
REU,Réunion,2015,bio,45.3,286.6
REU,Réunion,2015,coal,168.0,1168.8
REU,Réunion,2015,hydro,133.6,496.3
REU,Réunion,2015,oil,291.0,678.7
REU,Réunion,2015,solar,186.601,244.801
REU,Réunion,2015,wind_onshore,14.83,16.0
REU,Réunion,2016,bio,46.4,261.2
REU,Réunion,2016,coal,168.0,1138.3
REU,Réunion,2016,hydro,133.2,464.5
REU,Réunion,2016,oil,291.0,799.8
REU,Réunion,2016,solar,186.401,259.501
REU,Réunion,2016,wind_onshore,16.5,18.5
REU,Réunion,2017,bio,46.4,274.3
REU,Réunion,2017,coal,168.0,1137.1
REU,Réunion,2017,hydro,133.2,422.3
REU,Réunion,2017,oil,291.0,881.7
REU,Réunion,2017,solar,187.801,256.501
REU,Réunion,2017,wind_onshore,16.5,14.0
REU,Réunion,2018,bio,87.4,211.3
REU,Réunion,2018,coal,168.0,1063.3
REU,Réunion,2018,hydro,133.3,601.4
REU,Réunion,2018,oil,291.0,817.6
REU,Réunion,2018,solar,190.401,253.301
REU,Réunion,2018,wind_onshore,16.5,12.8
REU,Réunion,2019,bio,87.4,261.6
REU,Réunion,2019,coal,168.0,1090.0
REU,Réunion,2019,hydro,133.3,417.5
REU,Réunion,2019,oil,291.0,1006.5
REU,Réunion,2019,solar,198.941,261.738
REU,Réunion,2019,wind_onshore,16.5,12.1
REU,Réunion,2020,bio,87.4,240.5
REU,Réunion,2020,coal,168.0,1909.6
REU,Réunion,2020,hydro,133.3,423.4
REU,Réunion,2020,oil,291.0,948.8
REU,Réunion,2020,solar,207.501,257.681
REU,Réunion,2020,wind_onshore,16.5,13.5
REU,Réunion,2021,bio,87.4,240.0
REU,Réunion,2021,coal,168.0,933.5
REU,Réunion,2021,hydro,134.3,357.9
REU,Réunion,2021,oil,291.0,1286.3
REU,Réunion,2021,solar,224.501,269.881
REU,Réunion,2021,wind_onshore,16.5,4.3
REU,Réunion,2022,bio,86.24,250.6
REU,Réunion,2022,coal,163.36,581.1
REU,Réunion,2022,hydro,134.3,634.2
REU,Réunion,2022,oil,291.0,1327.0
REU,Réunion,2022,solar,234.301,269.081
REU,Réunion,2022,wind_onshore,15.1,2.9
REU,Réunion,2023,bio,299.36,1041.3
REU,Réunion,2023,coal,162.24,401.3
REU,Réunion,2023,hydro,134.3,393.6
REU,Réunion,2023,oil,291.0,933.7
REU,Réunion,2023,solar,267.701,294.781
REU,Réunion,2023,wind_onshore,8.8,18.1
REU,Réunion,2024,bio,299.36,
REU,Réunion,2024,coal,162.24,
REU,Réunion,2024,hydro,134.3,
REU,Réunion,2024,oil,291.0,
REU,Réunion,2024,solar,267.701,
REU,Réunion,2024,wind_onshore,8.8,
ROU,Romania,2015,bio,118.0,524.0
ROU,Romania,2015,coal,,18220.0
ROU,Romania,2015,fossil_nes,11114.0,
ROU,Romania,2015,gas,,9386.0
ROU,Romania,2015,geothermal,0.05,0.104
ROU,Romania,2015,hydro,6638.0,16632.077
ROU,Romania,2015,nuclear,1300.0,11640.0
ROU,Romania,2015,oil,,474.0
ROU,Romania,2015,other,1.0,
ROU,Romania,2015,pumped,92.0,374.476
ROU,Romania,2015,solar,1326.0,1982.0
ROU,Romania,2015,wind_onshore,3130.0,7062.93
ROU,Romania,2016,bio,123.0,531.0
ROU,Romania,2016,coal,,15981.0
ROU,Romania,2016,fossil_nes,10914.0,
ROU,Romania,2016,gas,,9655.0
ROU,Romania,2016,geothermal,0.05,0.104
ROU,Romania,2016,hydro,6642.0,18028.227
ROU,Romania,2016,nuclear,1300.0,11286.0
ROU,Romania,2016,oil,,704.0
ROU,Romania,2016,other,1.0,
ROU,Romania,2016,pumped,92.0,507.98
ROU,Romania,2016,solar,1372.0,1819.742
ROU,Romania,2016,wind_onshore,3025.0,6590.0
ROU,Romania,2017,bio,140.47,525.168
ROU,Romania,2017,coal,,16857.404
ROU,Romania,2017,fossil_nes,10925.592,
ROU,Romania,2017,gas,,10656.139
ROU,Romania,2017,geothermal,0.05,
ROU,Romania,2017,hydro,6600.429,14494.457
ROU,Romania,2017,nuclear,1300.0,11508.865
ROU,Romania,2017,oil,,632.818
ROU,Romania,2017,other,0.817,0.004
ROU,Romania,2017,pumped,91.5,358.788
ROU,Romania,2017,solar,1374.199,1855.674
ROU,Romania,2017,wind_onshore,3029.798,7406.702
ROU,Romania,2018,bio,141.357,437.13
ROU,Romania,2018,coal,,15751.597
ROU,Romania,2018,fossil_nes,10880.074,
ROU,Romania,2018,gas,,10520.965
ROU,Romania,2018,geothermal,0.05,
ROU,Romania,2018,hydro,6609.153,17664.206
ROU,Romania,2018,nuclear,1300.0,11377.435
ROU,Romania,2018,oil,,598.781
ROU,Romania,2018,other,1.013,0.004
ROU,Romania,2018,pumped,91.5,433.1
ROU,Romania,2018,solar,1385.911,1771.027
ROU,Romania,2018,wind_onshore,3032.258,6322.219
ROU,Romania,2019,bio,138.85,504.144
ROU,Romania,2019,coal,,13729.904
ROU,Romania,2019,fossil_nes,8226.088,
ROU,Romania,2019,gas,,8954.101
ROU,Romania,2019,geothermal,0.05,
ROU,Romania,2019,hydro,6594.701,15580.622
ROU,Romania,2019,nuclear,1300.0,11280.167
ROU,Romania,2019,oil,,598.36
ROU,Romania,2019,other,1.013,0.004
ROU,Romania,2019,pumped,91.5,425.079
ROU,Romania,2019,solar,1397.796,1777.615
ROU,Romania,2019,wind_onshore,3037.515,6772.809
ROU,Romania,2020,bio,165.365,546.537
ROU,Romania,2020,coal,,9481.736
ROU,Romania,2020,fossil_nes,7959.377,
ROU,Romania,2020,gas,,9459.603
ROU,Romania,2020,geothermal,0.05,
ROU,Romania,2020,hydro,6560.797,15381.243
ROU,Romania,2020,nuclear,1300.0,11466.404
ROU,Romania,2020,oil,,600.396
ROU,Romania,2020,other,1.013,0.003
ROU,Romania,2020,pumped,91.5,320.143
ROU,Romania,2020,solar,1382.63,1733.375
ROU,Romania,2020,wind_onshore,3012.527,6945.462
ROU,Romania,2021,bio,140.417,652.799
ROU,Romania,2021,coal,,10846.129
ROU,Romania,2021,fossil_nes,6174.983,
ROU,Romania,2021,gas,,9907.009
ROU,Romania,2021,geothermal,0.05,
ROU,Romania,2021,hydro,6570.697,17411.941
ROU,Romania,2021,nuclear,1300.0,11284.32
ROU,Romania,2021,oil,,756.093
ROU,Romania,2021,other,1.013,0.006
ROU,Romania,2021,pumped,91.5,333.067
ROU,Romania,2021,solar,1394.013,1703.35
ROU,Romania,2021,wind_onshore,3014.958,6575.55
ROU,Romania,2022,bio,184.582,647.008
ROU,Romania,2022,coal,,10474.357
ROU,Romania,2022,fossil_nes,6261.994,
ROU,Romania,2022,gas,,9333.476
ROU,Romania,2022,hydro,6571.129,13976.673
ROU,Romania,2022,nuclear,1300.0,11088.709
ROU,Romania,2022,oil,,1113.729
ROU,Romania,2022,other,1.013,0.005
ROU,Romania,2022,pumped,91.5,383.372
ROU,Romania,2022,solar,1809.02,1988.419
ROU,Romania,2022,wind_onshore,3015.202,6996.872
ROU,Romania,2023,bio,155.127,444.53
ROU,Romania,2023,coal,,8091.559
ROU,Romania,2023,fossil_nes,5571.758,
ROU,Romania,2023,gas,,9151.293
ROU,Romania,2023,hydro,6595.747,18137.022
ROU,Romania,2023,nuclear,1300.0,11191.089
ROU,Romania,2023,oil,,679.848
ROU,Romania,2023,other,1.013,0.005
ROU,Romania,2023,pumped,91.5,512.271
ROU,Romania,2023,solar,2988.068,2227.05
ROU,Romania,2023,wind_onshore,3026.764,7548.0
ROU,Romania,2024,bio,156.127,
ROU,Romania,2024,fossil_nes,5765.758,
ROU,Romania,2024,hydro,6588.747,
ROU,Romania,2024,nuclear,1300.0,
ROU,Romania,2024,other,1.013,
ROU,Romania,2024,pumped,91.5,
ROU,Romania,2024,solar,4688.068,
ROU,Romania,2024,wind_onshore,3095.764,
RUS,Russian Federation (the),2015,bio,38.5,32.178
RUS,Russian Federation (the),2015,coal,48809.0,153548.0
RUS,Russian Federation (the),2015,gas,105754.0,529749.0
RUS,Russian Federation (the),2015,geothermal,74.0,456.544
RUS,Russian Federation (the),2015,hydro,46639.0,167993.239
RUS,Russian Federation (the),2015,nuclear,27146.0,195470.0
RUS,Russian Federation (the),2015,oil,5650.0,10102.0
RUS,Russian Federation (the),2015,other,1.1,7791.349
RUS,Russian Federation (the),2015,pumped,1216.0,1921.0
RUS,Russian Federation (the),2015,solar,362.8,62.353
RUS,Russian Federation (the),2015,wind_onshore,103.3,6.0
RUS,Russian Federation (the),2016,bio,38.5,32.0
RUS,Russian Federation (the),2016,coal,47696.0,164926.0
RUS,Russian Federation (the),2016,gas,107362.0,521788.0
RUS,Russian Federation (the),2016,geothermal,74.0,445.923
RUS,Russian Federation (the),2016,hydro,46870.0,184611.512
RUS,Russian Federation (the),2016,nuclear,27929.0,196614.0
RUS,Russian Federation (the),2016,oil,5164.0,10968.0
RUS,Russian Federation (the),2016,other,1.1,8949.349
RUS,Russian Federation (the),2016,pumped,1216.0,2028.0
RUS,Russian Federation (the),2016,solar,433.2,79.262
RUS,Russian Federation (the),2016,wind_onshore,105.6,6.0
RUS,Russian Federation (the),2017,bio,38.5,84.179
RUS,Russian Federation (the),2017,coal,48333.0,168345.414
RUS,Russian Federation (the),2017,gas,112857.0,518659.787
RUS,Russian Federation (the),2017,geothermal,74.0,435.0
RUS,Russian Federation (the),2017,hydro,47234.0,185013.217
RUS,Russian Federation (the),2017,nuclear,27962.0,203143.077
RUS,Russian Federation (the),2017,oil,4854.0,6975.646
RUS,Russian Federation (the),2017,other,1.1,9003.813
RUS,Russian Federation (the),2017,pumped,1216.0,2118.0
RUS,Russian Federation (the),2017,solar,537.8,218.5
RUS,Russian Federation (the),2017,wind_onshore,140.7,140.1
RUS,Russian Federation (the),2018,bio,38.5,72.517
RUS,Russian Federation (the),2018,coal,47674.0,171160.581
RUS,Russian Federation (the),2018,gas,115142.0,454046.293
RUS,Russian Federation (the),2018,geothermal,74.0,426.3
RUS,Russian Federation (the),2018,hydro,47290.0,191141.81
RUS,Russian Federation (the),2018,nuclear,27962.0,204569.141
RUS,Russian Federation (the),2018,oil,4395.0,8006.775
RUS,Russian Federation (the),2018,other,1.1,9291.454
RUS,Russian Federation (the),2018,pumped,1216.0,1885.496
RUS,Russian Federation (the),2018,solar,827.9,380.9
RUS,Russian Federation (the),2018,wind_onshore,196.2,231.9
RUS,Russian Federation (the),2019,bio,38.5,109.0
RUS,Russian Federation (the),2019,coal,46507.0,179437.98
RUS,Russian Federation (the),2019,gas,116306.0,438412.467
RUS,Russian Federation (the),2019,geothermal,81.4,432.7
RUS,Russian Federation (the),2019,hydro,48654.0,194717.38
RUS,Russian Federation (the),2019,nuclear,27962.0,208984.183
RUS,Russian Federation (the),2019,oil,3885.0,8558.323
RUS,Russian Federation (the),2019,other,1.1,11680.855
RUS,Russian Federation (the),2019,pumped,1216.0,1793.063
RUS,Russian Federation (the),2019,solar,1425.01,940.4
RUS,Russian Federation (the),2019,wind_onshore,197.1,330.8
RUS,Russian Federation (the),2020,bio,39.5,393.0
RUS,Russian Federation (the),2020,coal,44978.0,161812.562
RUS,Russian Federation (the),2020,gas,117043.0,403134.912
RUS,Russian Federation (the),2020,geothermal,81.4,421.4
RUS,Russian Federation (the),2020,hydro,48696.0,212586.371
RUS,Russian Federation (the),2020,nuclear,27962.0,215954.413
RUS,Russian Federation (the),2020,oil,3348.0,9745.3
RUS,Russian Federation (the),2020,other,1.1,11483.666
RUS,Russian Federation (the),2020,pumped,1216.0,1802.14
RUS,Russian Federation (the),2020,solar,1774.21,1683.4
RUS,Russian Federation (the),2020,wind_onshore,1040.5,1240.9
RUS,Russian Federation (the),2021,bio,128.5,393.0
RUS,Russian Federation (the),2021,coal,43656.0,161812.562
RUS,Russian Federation (the),2021,gas,118487.0,393777.229
RUS,Russian Federation (the),2021,geothermal,81.4,429.7
RUS,Russian Federation (the),2021,hydro,48739.0,214184.314
RUS,Russian Federation (the),2021,nuclear,27962.0,222000.0
RUS,Russian Federation (the),2021,oil,2836.0,9745.3
RUS,Russian Federation (the),2021,other,1.1,11483.666
RUS,Russian Federation (the),2021,pumped,1216.0,1815.686
RUS,Russian Federation (the),2021,solar,1988.41,1885.5
RUS,Russian Federation (the),2021,wind_onshore,2049.5,3311.3
RUS,Russian Federation (the),2022,bio,130.5,393.0
RUS,Russian Federation (the),2022,coal,42515.0,189697.82
RUS,Russian Federation (the),2022,gas,120203.0,528965.075
RUS,Russian Federation (the),2022,geothermal,81.4,448.8
RUS,Russian Federation (the),2022,hydro,48890.0,200000.0
RUS,Russian Federation (the),2022,nuclear,27950.0,224000.0
RUS,Russian Federation (the),2022,oil,2332.0,10944.105
RUS,Russian Federation (the),2022,other,1.1,0.349
RUS,Russian Federation (the),2022,pumped,1216.0,1870.0
RUS,Russian Federation (the),2022,solar,2148.21,2217.0
RUS,Russian Federation (the),2022,wind_onshore,2280.4,5547.5
RUS,Russian Federation (the),2023,bio,130.5,393.0
RUS,Russian Federation (the),2023,coal,41327.0,185883.62
RUS,Russian Federation (the),2023,gas,123865.0,518329.325
RUS,Russian Federation (the),2023,geothermal,81.4,448.8
RUS,Russian Federation (the),2023,hydro,51624.0,202620.0
RUS,Russian Federation (the),2023,nuclear,28020.0,217000.0
RUS,Russian Federation (the),2023,oil,1825.0,10724.055
RUS,Russian Federation (the),2023,other,1.1,
RUS,Russian Federation (the),2023,pumped,1216.0,1870.0
RUS,Russian Federation (the),2023,solar,2192.8,3224.036
RUS,Russian Federation (the),2023,wind_onshore,2532.4,6996.606
RUS,Russian Federation (the),2024,bio,130.5,
RUS,Russian Federation (the),2024,coal,39659.0,
RUS,Russian Federation (the),2024,gas,123978.0,
RUS,Russian Federation (the),2024,geothermal,81.4,
RUS,Russian Federation (the),2024,hydro,51726.0,
RUS,Russian Federation (the),2024,nuclear,27914.0,
RUS,Russian Federation (the),2024,oil,1304.0,
RUS,Russian Federation (the),2024,other,3.7,
RUS,Russian Federation (the),2024,pumped,1216.0,
RUS,Russian Federation (the),2024,solar,2554.38,
RUS,Russian Federation (the),2024,wind_onshore,2566.7,
RWA,Rwanda,2015,bio,0.835,2.052
RWA,Rwanda,2015,gas,25.0,23.353
RWA,Rwanda,2015,hydro,93.52,327.693
RWA,Rwanda,2015,oil,74.14,202.422
RWA,Rwanda,2015,solar,10.865,16.126
RWA,Rwanda,2016,bio,0.835,1.876
RWA,Rwanda,2016,coal,15.0,14.242
RWA,Rwanda,2016,gas,25.0,197.319
RWA,Rwanda,2016,hydro,97.531,328.888
RWA,Rwanda,2016,oil,74.14,155.602
RWA,Rwanda,2016,solar,12.105,18.58
RWA,Rwanda,2017,bio,0.835,1.983
RWA,Rwanda,2017,coal,15.0,14.936
RWA,Rwanda,2017,gas,25.0,197.385
RWA,Rwanda,2017,hydro,97.531,306.598
RWA,Rwanda,2017,oil,74.14,149.02
RWA,Rwanda,2017,solar,16.835,21.305
RWA,Rwanda,2018,bio,0.835,1.97
RWA,Rwanda,2018,coal,15.0,24.899
RWA,Rwanda,2018,gas,25.0,204.461
RWA,Rwanda,2018,hydro,97.552,334.372
RWA,Rwanda,2018,oil,74.14,166.077
RWA,Rwanda,2018,solar,18.513,25.108
RWA,Rwanda,2019,bio,0.835,2.032
RWA,Rwanda,2019,coal,15.0,26.683
RWA,Rwanda,2019,gas,25.0,213.672
RWA,Rwanda,2019,hydro,108.46,398.63
RWA,Rwanda,2019,oil,74.14,163.808
RWA,Rwanda,2019,solar,22.019,30.998
RWA,Rwanda,2020,bio,0.835,2.032
RWA,Rwanda,2020,coal,15.0,24.873
RWA,Rwanda,2020,gas,25.0,210.478
RWA,Rwanda,2020,hydro,118.26,520.366
RWA,Rwanda,2020,oil,74.14,128.961
RWA,Rwanda,2020,solar,23.671,33.872
RWA,Rwanda,2021,bio,0.835,2.032
RWA,Rwanda,2021,coal,15.0,55.704
RWA,Rwanda,2021,gas,25.0,212.888
RWA,Rwanda,2021,hydro,118.26,555.229
RWA,Rwanda,2021,oil,74.14,158.171
RWA,Rwanda,2021,solar,25.05,35.874
RWA,Rwanda,2022,bio,0.835,2.032
RWA,Rwanda,2022,coal,50.0,111.844
RWA,Rwanda,2022,gas,25.0,234.538
RWA,Rwanda,2022,hydro,123.6,514.024
RWA,Rwanda,2022,oil,74.14,148.085
RWA,Rwanda,2022,solar,26.461,36.274
RWA,Rwanda,2023,bio,0.835,2.032
RWA,Rwanda,2023,coal,50.0,142.829
RWA,Rwanda,2023,gas,25.0,250.457
RWA,Rwanda,2023,hydro,123.6,498.061
RWA,Rwanda,2023,oil,74.14,87.022
RWA,Rwanda,2023,solar,27.554,36.524
RWA,Rwanda,2024,bio,0.835,
RWA,Rwanda,2024,coal,85.0,
RWA,Rwanda,2024,gas,85.79,
RWA,Rwanda,2024,hydro,153.245,
RWA,Rwanda,2024,oil,42.8,
RWA,Rwanda,2024,solar,27.554,
SAU,Saudi Arabia,2015,gas,48800.0,134757.0
SAU,Saudi Arabia,2015,oil,32800.0,225478.0
SAU,Saudi Arabia,2015,solar,24.25,46.0
SAU,Saudi Arabia,2016,gas,51200.0,173072.0
SAU,Saudi Arabia,2016,oil,36600.0,195869.0
SAU,Saudi Arabia,2016,solar,24.25,46.0
SAU,Saudi Arabia,2017,gas,52200.0,205250.313
SAU,Saudi Arabia,2017,oil,36500.0,174122.913
SAU,Saudi Arabia,2017,solar,34.374,65.0
SAU,Saudi Arabia,2017,wind_onshore,3.0,5.0
SAU,Saudi Arabia,2018,gas,46900.0,225639.303
SAU,Saudi Arabia,2018,oil,38700.0,163398.289
SAU,Saudi Arabia,2018,solar,84.374,214.0
SAU,Saudi Arabia,2018,wind_onshore,3.0,5.0
SAU,Saudi Arabia,2019,gas,46300.0,219121.887
SAU,Saudi Arabia,2019,oil,38400.0,168219.651
SAU,Saudi Arabia,2019,solar,109.374,261.0
SAU,Saudi Arabia,2019,wind_onshore,3.0,5.0
SAU,Saudi Arabia,2020,gas,44500.0,229997.279
SAU,Saudi Arabia,2020,oil,45200.0,164342.498
SAU,Saudi Arabia,2020,solar,409.374,829.0
SAU,Saudi Arabia,2020,wind_onshore,3.0,5.0
SAU,Saudi Arabia,2021,gas,44800.0,236768.187
SAU,Saudi Arabia,2021,oil,44800.0,169180.59
SAU,Saudi Arabia,2021,solar,439.374,886.0
SAU,Saudi Arabia,2021,wind_onshore,3.0,5.0
SAU,Saudi Arabia,2022,gas,44800.0,243932.0
SAU,Saudi Arabia,2022,oil,44900.0,172378.0
SAU,Saudi Arabia,2022,solar,439.874,1251.0
SAU,Saudi Arabia,2022,wind_onshore,403.0,1588.0
SAU,Saudi Arabia,2023,gas,44800.0,262081.0
SAU,Saudi Arabia,2023,oil,44900.0,172378.0
SAU,Saudi Arabia,2023,solar,2585.374,4946.0
SAU,Saudi Arabia,2023,wind_onshore,403.0,1588.0
SAU,Saudi Arabia,2024,gas,44800.0,
SAU,Saudi Arabia,2024,oil,44900.0,
SAU,Saudi Arabia,2024,solar,4340.374,
SAU,Saudi Arabia,2024,wind_onshore,403.0,
SDN,Sudan (the),2015,bio,199.0,118.0
SDN,Sudan (the),2015,hydro,1322.0,8420.0
SDN,Sudan (the),2015,oil,1774.0,4627.0
SDN,Sudan (the),2015,solar,19.988,13.347
SDN,Sudan (the),2016,bio,199.0,120.0
SDN,Sudan (the),2016,hydro,1322.0,8051.0
SDN,Sudan (the),2016,oil,1810.0,6378.0
SDN,Sudan (the),2016,solar,26.294,18.496
SDN,Sudan (the),2017,bio,199.0,129.64
SDN,Sudan (the),2017,hydro,1322.0,9346.87
SDN,Sudan (the),2017,oil,1810.0,5900.001
SDN,Sudan (the),2017,solar,36.169,20.455
SDN,Sudan (the),2018,bio,199.0,121.68
SDN,Sudan (the),2018,hydro,1482.0,9657.0
SDN,Sudan (the),2018,oil,1932.0,6301.27
SDN,Sudan (the),2018,solar,59.919,20.488
SDN,Sudan (the),2019,bio,199.0,108.98
SDN,Sudan (the),2019,hydro,1482.0,10210.0
SDN,Sudan (the),2019,oil,1935.0,6505.045
SDN,Sudan (the),2019,solar,80.92,21.547
SDN,Sudan (the),2020,bio,199.0,102.717
SDN,Sudan (the),2020,hydro,1482.0,11008.0
SDN,Sudan (the),2020,oil,1935.0,5408.72
SDN,Sudan (the),2020,solar,117.561,27.509
SDN,Sudan (the),2021,bio,199.0,86.0
SDN,Sudan (the),2021,hydro,1482.0,10061.0
SDN,Sudan (the),2021,oil,1935.0,6576.0
SDN,Sudan (the),2021,solar,136.291,27.509
SDN,Sudan (the),2022,bio,199.0,89.026
SDN,Sudan (the),2022,hydro,1482.0,10061.0
SDN,Sudan (the),2022,oil,1935.0,6576.0
SDN,Sudan (the),2022,solar,190.291,125.509
SDN,Sudan (the),2023,bio,199.0,87.469
SDN,Sudan (the),2023,hydro,1482.0,10061.0
SDN,Sudan (the),2023,oil,1935.0,6576.0
SDN,Sudan (the),2023,solar,190.291,125.509
SDN,Sudan (the),2024,bio,199.0,
SDN,Sudan (the),2024,hydro,1482.0,
SDN,Sudan (the),2024,oil,1935.0,
SDN,Sudan (the),2024,solar,190.291,
SEN,Senegal,2015,bio,49.0,51.514
SEN,Senegal,2015,gas,129.0,53.0
SEN,Senegal,2015,oil,450.0,2790.157
SEN,Senegal,2015,solar,7.501,5.204
SEN,Senegal,2016,bio,49.0,57.827
SEN,Senegal,2016,gas,133.5,297.0
SEN,Senegal,2016,oil,570.0,2750.167
SEN,Senegal,2016,solar,51.861,4.47
SEN,Senegal,2017,bio,49.0,65.0
SEN,Senegal,2017,gas,133.5,589.72
SEN,Senegal,2017,oil,570.0,2706.115
SEN,Senegal,2017,solar,92.664,88.84
SEN,Senegal,2018,bio,49.0,66.1
SEN,Senegal,2018,coal,125.0,135.0
SEN,Senegal,2018,gas,162.9,561.88
SEN,Senegal,2018,oil,690.8,2594.2
SEN,Senegal,2018,solar,134.606,221.155
SEN,Senegal,2019,bio,49.0,66.7
SEN,Senegal,2019,coal,125.0,302.87
SEN,Senegal,2019,gas,162.9,537.0
SEN,Senegal,2019,oil,680.8,2763.273
SEN,Senegal,2019,solar,160.331,258.109
SEN,Senegal,2019,wind_onshore,55.2,23.13
SEN,Senegal,2020,bio,49.0,62.4
SEN,Senegal,2020,coal,125.0,
SEN,Senegal,2020,gas,162.9,517.57
SEN,Senegal,2020,oil,680.8,3216.399
SEN,Senegal,2020,solar,160.946,287.858
SEN,Senegal,2020,wind_onshore,158.7,178.58
SEN,Senegal,2021,bio,49.0,60.5
SEN,Senegal,2021,coal,125.0,109.36
SEN,Senegal,2021,gas,162.9,6.38
SEN,Senegal,2021,oil,680.8,3118.291
SEN,Senegal,2021,solar,228.433,380.333
SEN,Senegal,2021,wind_onshore,158.7,399.86
SEN,Senegal,2022,bio,49.0,61.0
SEN,Senegal,2022,coal,125.0,340.653
SEN,Senegal,2022,gas,282.9,522.942
SEN,Senegal,2022,oil,680.8,3631.622
SEN,Senegal,2022,solar,231.225,423.934
SEN,Senegal,2022,wind_onshore,158.7,395.556
SEN,Senegal,2023,bio,49.0,61.6
SEN,Senegal,2023,coal,125.0,582.471
SEN,Senegal,2023,gas,282.9,569.031
SEN,Senegal,2023,oil,683.252,3869.7
SEN,Senegal,2023,solar,231.112,423.016
SEN,Senegal,2023,wind_onshore,158.7,382.394
SEN,Senegal,2024,bio,49.0,
SEN,Senegal,2024,coal,125.0,
SEN,Senegal,2024,oil,1294.808,
SEN,Senegal,2024,solar,272.731,
SEN,Senegal,2024,wind_onshore,159.0,
SGP,Singapore,2015,bio,168.4,779.2
SGP,Singapore,2015,coal,161.0,603.3
SGP,Singapore,2015,gas,12802.0,47888.6
SGP,Singapore,2015,oil,89.0,331.8
SGP,Singapore,2015,other,128.421,628.406
SGP,Singapore,2015,solar,46.1,50.494
SGP,Singapore,2016,bio,169.0,773.85
SGP,Singapore,2016,coal,161.0,619.0
SGP,Singapore,2016,gas,12796.0,49110.4
SGP,Singapore,2016,oil,94.0,361.1
SGP,Singapore,2016,other,128.421,619.056
SGP,Singapore,2016,solar,97.2,103.0
SGP,Singapore,2017,bio,169.222,757.3
SGP,Singapore,2017,coal,177.0,678.9
SGP,Singapore,2017,gas,12930.0,49718.9
SGP,Singapore,2017,oil,95.0,365.6
SGP,Singapore,2017,other,128.421,600.606
SGP,Singapore,2017,solar,116.4,141.0
SGP,Singapore,2017,wind_onshore,0.1,0.35
SGP,Singapore,2018,bio,169.31,714.2
SGP,Singapore,2018,coal,176.0,687.8
SGP,Singapore,2018,gas,12938.0,50471.3
SGP,Singapore,2018,oil,81.0,317.4
SGP,Singapore,2018,other,128.421,555.506
SGP,Singapore,2018,solar,162.0,188.0
SGP,Singapore,2018,wind_onshore,0.1,0.35
SGP,Singapore,2019,bio,165.41,676.75
SGP,Singapore,2019,coal,148.0,649.7
SGP,Singapore,2019,gas,11801.0,51759.8
SGP,Singapore,2019,oil,49.0,216.6
SGP,Singapore,2019,other,128.421,514.356
SGP,Singapore,2019,solar,271.6,301.0
SGP,Singapore,2019,wind_onshore,0.1,0.35
SGP,Singapore,2020,bio,163.41,636.9
SGP,Singapore,2020,coal,117.0,530.8
SGP,Singapore,2020,gas,11236.0,50850.6
SGP,Singapore,2020,oil,47.0,212.3
SGP,Singapore,2020,other,128.421,477.706
SGP,Singapore,2020,solar,330.5,398.0
SGP,Singapore,2020,wind_onshore,0.1,0.35
SGP,Singapore,2021,bio,175.41,641.6
SGP,Singapore,2021,coal,141.0,669.5
SGP,Singapore,2021,gas,11130.0,52943.8
SGP,Singapore,2021,oil,117.0,557.9
SGP,Singapore,2021,other,128.421,418.406
SGP,Singapore,2021,solar,481.7,552.0
SGP,Singapore,2021,wind_onshore,0.1,0.35
SGP,Singapore,2022,bio,232.51,970.9
SGP,Singapore,2022,coal,119.0,571.1
SGP,Singapore,2022,gas,10970.0,52544.6
SGP,Singapore,2022,oil,310.0,1485.0
SGP,Singapore,2022,other,196.521,799.606
SGP,Singapore,2022,solar,628.1,741.0
SGP,Singapore,2022,wind_onshore,0.1,0.35
SGP,Singapore,2023,bio,243.91,822.0
SGP,Singapore,2023,coal,108.0,520.3
SGP,Singapore,2023,gas,11250.0,54199.9
SGP,Singapore,2023,oil,45.0,216.6
SGP,Singapore,2023,other,196.521,592.506
SGP,Singapore,2023,solar,918.6,1051.0
SGP,Singapore,2023,wind_onshore,0.1,0.35
SGP,Singapore,2024,bio,217.01,
SGP,Singapore,2024,coal,101.0,
SGP,Singapore,2024,gas,10544.0,
SGP,Singapore,2024,oil,34.0,
SGP,Singapore,2024,other,172.621,
SGP,Singapore,2024,solar,1459.0,
SGP,Singapore,2024,wind_onshore,0.1,
SGS,South Georgia and the South Sandwich Islands,2015,hydro,0.18,0.572
SGS,South Georgia and the South Sandwich Islands,2015,oil,0.13,0.034
SGS,South Georgia and the South Sandwich Islands,2015,wind_onshore,0.006,0.011
SGS,South Georgia and the South Sandwich Islands,2016,hydro,0.18,0.663
SGS,South Georgia and the South Sandwich Islands,2016,oil,0.13,0.049
SGS,South Georgia and the South Sandwich Islands,2016,wind_onshore,0.006,0.011
SGS,South Georgia and the South Sandwich Islands,2017,hydro,0.18,0.485
SGS,South Georgia and the South Sandwich Islands,2017,oil,0.13,0.021
SGS,South Georgia and the South Sandwich Islands,2017,wind_onshore,0.006,0.011
SGS,South Georgia and the South Sandwich Islands,2018,hydro,0.18,0.695
SGS,South Georgia and the South Sandwich Islands,2018,oil,0.13,0.01
SGS,South Georgia and the South Sandwich Islands,2018,wind_onshore,0.006,0.011
SGS,South Georgia and the South Sandwich Islands,2019,hydro,0.18,0.751
SGS,South Georgia and the South Sandwich Islands,2019,oil,0.13,0.008
SGS,South Georgia and the South Sandwich Islands,2019,wind_onshore,0.006,0.011
SGS,South Georgia and the South Sandwich Islands,2020,hydro,0.18,0.751
SGS,South Georgia and the South Sandwich Islands,2020,oil,0.13,0.008
SGS,South Georgia and the South Sandwich Islands,2020,wind_onshore,0.006,0.011
SGS,South Georgia and the South Sandwich Islands,2021,hydro,0.18,0.751
SGS,South Georgia and the South Sandwich Islands,2021,oil,0.13,0.008
SGS,South Georgia and the South Sandwich Islands,2021,wind_onshore,0.006,0.011
SGS,South Georgia and the South Sandwich Islands,2022,hydro,0.18,0.751
SGS,South Georgia and the South Sandwich Islands,2022,oil,0.13,0.008
SGS,South Georgia and the South Sandwich Islands,2022,wind_onshore,0.006,0.011
SGS,South Georgia and the South Sandwich Islands,2023,hydro,0.193,0.751
SGS,South Georgia and the South Sandwich Islands,2023,oil,0.13,0.008
SGS,South Georgia and the South Sandwich Islands,2023,wind_onshore,0.006,0.011
SGS,South Georgia and the South Sandwich Islands,2024,hydro,0.193,
SGS,South Georgia and the South Sandwich Islands,2024,oil,0.13,
SGS,South Georgia and the South Sandwich Islands,2024,wind_onshore,0.006,
SLB,Solomon Islands,2015,bio,0.756,4.309
SLB,Solomon Islands,2015,hydro,0.181,0.476
SLB,Solomon Islands,2015,oil,41.371,85.39
SLB,Solomon Islands,2015,solar,1.126,1.515
SLB,Solomon Islands,2016,bio,0.756,4.254
SLB,Solomon Islands,2016,hydro,0.331,0.87
SLB,Solomon Islands,2016,oil,47.351,88.91
SLB,Solomon Islands,2016,solar,2.157,2.118
SLB,Solomon Islands,2017,bio,0.756,3.696
SLB,Solomon Islands,2017,hydro,0.331,0.87
SLB,Solomon Islands,2017,oil,50.426,92.11
SLB,Solomon Islands,2017,solar,2.532,3.218
SLB,Solomon Islands,2018,bio,0.756,2.756
SLB,Solomon Islands,2018,hydro,0.331,0.87
SLB,Solomon Islands,2018,oil,51.736,95.38
SLB,Solomon Islands,2018,solar,2.532,2.891
SLB,Solomon Islands,2019,bio,0.756,2.756
SLB,Solomon Islands,2019,hydro,0.331,0.87
SLB,Solomon Islands,2019,oil,51.736,97.61
SLB,Solomon Islands,2019,solar,2.419,3.369
SLB,Solomon Islands,2020,bio,0.756,2.756
SLB,Solomon Islands,2020,hydro,0.331,0.87
SLB,Solomon Islands,2020,oil,51.736,97.55
SLB,Solomon Islands,2020,solar,2.419,3.299
SLB,Solomon Islands,2021,bio,0.756,3.333
SLB,Solomon Islands,2021,hydro,0.331,0.87
SLB,Solomon Islands,2021,oil,51.736,96.65
SLB,Solomon Islands,2021,solar,2.419,3.199
SLB,Solomon Islands,2022,bio,0.756,3.333
SLB,Solomon Islands,2022,hydro,0.331,0.87
SLB,Solomon Islands,2022,oil,51.736,95.96
SLB,Solomon Islands,2022,solar,4.129,5.541
SLB,Solomon Islands,2023,bio,0.756,3.333
SLB,Solomon Islands,2023,hydro,0.331,0.87
SLB,Solomon Islands,2023,oil,56.536,100.08
SLB,Solomon Islands,2023,solar,6.189,6.601
SLB,Solomon Islands,2024,bio,0.756,
SLB,Solomon Islands,2024,hydro,0.331,
SLB,Solomon Islands,2024,oil,56.536,
SLB,Solomon Islands,2024,solar,6.189,
SLE,Sierra Leone,2015,bio,33.8,9.303
SLE,Sierra Leone,2015,hydro,56.25,189.137
SLE,Sierra Leone,2015,oil,72.7,67.313
SLE,Sierra Leone,2015,solar,0.198,0.277
SLE,Sierra Leone,2016,bio,33.8,9.518
SLE,Sierra Leone,2016,hydro,56.25,219.404
SLE,Sierra Leone,2016,oil,72.7,79.628
SLE,Sierra Leone,2016,solar,0.598,0.837
SLE,Sierra Leone,2017,bio,33.8,9.518
SLE,Sierra Leone,2017,hydro,60.89,228.167
SLE,Sierra Leone,2017,oil,72.7,85.07
SLE,Sierra Leone,2017,solar,1.401,1.961
SLE,Sierra Leone,2018,bio,33.8,9.303
SLE,Sierra Leone,2018,hydro,60.89,228.167
SLE,Sierra Leone,2018,oil,102.7,86.85
SLE,Sierra Leone,2018,solar,1.497,2.095
SLE,Sierra Leone,2019,bio,33.8,9.303
SLE,Sierra Leone,2019,hydro,60.89,228.167
SLE,Sierra Leone,2019,oil,138.7,13.21
SLE,Sierra Leone,2019,solar,4.542,6.359
SLE,Sierra Leone,2020,bio,33.8,9.303
SLE,Sierra Leone,2020,hydro,60.89,228.167
SLE,Sierra Leone,2020,oil,138.7,7.3
SLE,Sierra Leone,2020,solar,6.652,9.313
SLE,Sierra Leone,2021,bio,33.8,9.303
SLE,Sierra Leone,2021,hydro,60.89,228.167
SLE,Sierra Leone,2021,oil,138.7,7.5
SLE,Sierra Leone,2021,solar,14.772,20.681
SLE,Sierra Leone,2022,bio,33.8,9.518
SLE,Sierra Leone,2022,hydro,60.89,228.167
SLE,Sierra Leone,2022,oil,138.7,86.0
SLE,Sierra Leone,2022,solar,20.101,21.141
SLE,Sierra Leone,2023,bio,33.8,9.518
SLE,Sierra Leone,2023,hydro,60.89,228.167
SLE,Sierra Leone,2023,oil,138.7,63.0
SLE,Sierra Leone,2023,solar,20.421,21.588
SLE,Sierra Leone,2024,bio,33.8,
SLE,Sierra Leone,2024,hydro,60.89,
SLE,Sierra Leone,2024,oil,138.7,
SLE,Sierra Leone,2024,solar,20.421,
SLV,El Salvador,2015,bio,202.084,566.551
SLV,El Salvador,2015,geothermal,204.44,1539.686
SLV,El Salvador,2015,hydro,497.41,1423.855
SLV,El Salvador,2015,oil,756.61,2532.378
SLV,El Salvador,2015,solar,11.013,7.536
SLV,El Salvador,2016,bio,258.964,715.191
SLV,El Salvador,2016,geothermal,204.44,1575.517
SLV,El Salvador,2016,hydro,495.27,1343.777
SLV,El Salvador,2016,oil,756.61,2504.55
SLV,El Salvador,2016,solar,12.119,24.889
SLV,El Salvador,2017,bio,270.414,711.443
SLV,El Salvador,2017,geothermal,204.44,1569.117
SLV,El Salvador,2017,hydro,574.477,1705.442
SLV,El Salvador,2017,oil,763.811,1399.337
SLV,El Salvador,2017,solar,109.744,164.728
SLV,El Salvador,2018,bio,305.45,748.406
SLV,El Salvador,2018,geothermal,204.44,1545.277
SLV,El Salvador,2018,hydro,575.225,1631.676
SLV,El Salvador,2018,oil,757.21,1199.974
SLV,El Salvador,2018,solar,166.596,314.58
SLV,El Salvador,2019,bio,300.45,828.867
SLV,El Salvador,2019,geothermal,204.44,1474.001
SLV,El Salvador,2019,hydro,575.68,1527.367
SLV,El Salvador,2019,oil,771.2,1757.302
SLV,El Salvador,2019,solar,410.421,576.445
SLV,El Salvador,2020,bio,300.45,815.307
SLV,El Salvador,2020,geothermal,204.44,1557.048
SLV,El Salvador,2020,hydro,573.805,2072.069
SLV,El Salvador,2020,oil,771.2,981.147
SLV,El Salvador,2020,solar,478.55,986.416
SLV,El Salvador,2020,wind_onshore,36.0,14.121
SLV,El Salvador,2021,bio,300.903,903.98
SLV,El Salvador,2021,geothermal,204.44,1559.104
SLV,El Salvador,2021,hydro,571.865,1821.469
SLV,El Salvador,2021,oil,771.111,987.754
SLV,El Salvador,2021,solar,543.207,1691.183
SLV,El Salvador,2021,wind_onshore,54.0,131.785
SLV,El Salvador,2022,bio,302.953,815.145
SLV,El Salvador,2022,gas,378.0,1061.539
SLV,El Salvador,2022,geothermal,204.44,1581.277
SLV,El Salvador,2022,hydro,571.865,2238.681
SLV,El Salvador,2022,oil,771.111,605.827
SLV,El Salvador,2022,solar,571.281,1243.045
SLV,El Salvador,2022,wind_onshore,54.0,135.534
SLV,El Salvador,2023,bio,303.753,801.32
SLV,El Salvador,2023,gas,387.7,2533.446
SLV,El Salvador,2023,geothermal,209.4,1594.952
SLV,El Salvador,2023,hydro,638.065,1489.535
SLV,El Salvador,2023,oil,771.68,731.541
SLV,El Salvador,2023,solar,646.906,1199.835
SLV,El Salvador,2023,wind_onshore,54.0,167.46
SLV,El Salvador,2024,bio,303.753,
SLV,El Salvador,2024,gas,387.7,
SLV,El Salvador,2024,geothermal,209.4,
SLV,El Salvador,2024,hydro,642.865,
SLV,El Salvador,2024,oil,771.68,
SLV,El Salvador,2024,solar,647.991,
SLV,El Salvador,2024,wind_onshore,54.0,
SOM,Somalia,2015,oil,80.0,350.0
SOM,Somalia,2015,solar,0.163,0.3
SOM,Somalia,2015,wind_onshore,2.8,5.0
SOM,Somalia,2016,oil,80.0,350.0
SOM,Somalia,2016,solar,1.105,1.7
SOM,Somalia,2016,wind_onshore,2.8,5.0
SOM,Somalia,2017,oil,80.0,350.0
SOM,Somalia,2017,solar,1.582,2.5
SOM,Somalia,2017,wind_onshore,3.55,6.0
SOM,Somalia,2018,oil,100.0,350.0
SOM,Somalia,2018,solar,2.268,3.5
SOM,Somalia,2018,wind_onshore,3.55,6.0
SOM,Somalia,2019,oil,100.0,350.0
SOM,Somalia,2019,solar,2.439,3.8
SOM,Somalia,2019,wind_onshore,3.55,6.0
SOM,Somalia,2020,oil,100.0,340.0
SOM,Somalia,2020,solar,10.909,17.0
SOM,Somalia,2020,wind_onshore,3.55,6.0
SOM,Somalia,2021,oil,106.0,340.0
SOM,Somalia,2021,solar,18.909,29.5
SOM,Somalia,2021,wind_onshore,3.55,6.0
SOM,Somalia,2022,oil,106.0,340.0
SOM,Somalia,2022,solar,42.409,66.2
SOM,Somalia,2022,wind_onshore,3.55,6.0
SOM,Somalia,2023,oil,106.0,340.0
SOM,Somalia,2023,solar,45.909,71.6
SOM,Somalia,2023,wind_onshore,3.55,6.0
SOM,Somalia,2024,oil,106.0,
SOM,Somalia,2024,solar,45.909,
SOM,Somalia,2024,wind_onshore,3.55,
SPM,Saint Pierre and Miquelon,2015,oil,25.2,48.651
SPM,Saint Pierre and Miquelon,2016,oil,25.2,48.472
SPM,Saint Pierre and Miquelon,2017,oil,25.2,48.68
SPM,Saint Pierre and Miquelon,2018,oil,26.2,50.869
SPM,Saint Pierre and Miquelon,2019,oil,26.2,52.128
SPM,Saint Pierre and Miquelon,2020,oil,26.2,51.206
SPM,Saint Pierre and Miquelon,2021,oil,26.2,50.703
SPM,Saint Pierre and Miquelon,2022,oil,26.2,49.715
SPM,Saint Pierre and Miquelon,2023,oil,26.2,48.82
SPM,Saint Pierre and Miquelon,2024,oil,26.2,
SRB,Serbia,2015,bio,5.8,28.151
SRB,Serbia,2015,coal,,27231.0
SRB,Serbia,2015,fossil_nes,4250.0,
SRB,Serbia,2015,gas,,218.0
SRB,Serbia,2015,hydro,2408.0,10080.18
SRB,Serbia,2015,oil,,28.0
SRB,Serbia,2015,other,,4.0
SRB,Serbia,2015,pumped,614.0,702.82
SRB,Serbia,2015,solar,15.832,18.857
SRB,Serbia,2015,wind_onshore,10.4,1.2
SRB,Serbia,2016,bio,10.8,38.636
SRB,Serbia,2016,coal,,27318.0
SRB,Serbia,2016,fossil_nes,4223.0,
SRB,Serbia,2016,gas,,376.0
SRB,Serbia,2016,hydro,2416.0,10791.907
SRB,Serbia,2016,oil,,52.0
SRB,Serbia,2016,other,,4.0
SRB,Serbia,2016,pumped,614.0,728.093
SRB,Serbia,2016,solar,17.241,19.177
SRB,Serbia,2016,wind_onshore,17.0,26.0
SRB,Serbia,2017,bio,14.6,79.358
SRB,Serbia,2017,coal,,26554.157
SRB,Serbia,2017,fossil_nes,4322.711,
SRB,Serbia,2017,gas,,549.854
SRB,Serbia,2017,hydro,2424.0,9153.238
SRB,Serbia,2017,oil,,48.166
SRB,Serbia,2017,other,1.0,4.428
SRB,Serbia,2017,pumped,614.0,598.732
SRB,Serbia,2017,solar,18.388,22.786
SRB,Serbia,2017,wind_onshore,25.0,48.457
SRB,Serbia,2018,bio,18.6,107.137
SRB,Serbia,2018,coal,,25114.258
SRB,Serbia,2018,fossil_nes,4333.411,
SRB,Serbia,2018,gas,,596.248
SRB,Serbia,2018,hydro,2429.0,10639.646
SRB,Serbia,2018,oil,,52.191
SRB,Serbia,2018,other,1.0,4.705
SRB,Serbia,2018,pumped,614.0,753.517
SRB,Serbia,2018,solar,20.766,24.271
SRB,Serbia,2018,wind_onshore,227.0,150.418
SRB,Serbia,2019,bio,28.136,138.122
SRB,Serbia,2019,coal,,25658.905
SRB,Serbia,2019,fossil_nes,4456.127,
SRB,Serbia,2019,gas,,665.266
SRB,Serbia,2019,hydro,2460.0,9457.175
SRB,Serbia,2019,oil,,22.017
SRB,Serbia,2019,other,1.0,5.718
SRB,Serbia,2019,pumped,614.0,741.064
SRB,Serbia,2019,solar,23.448,27.862
SRB,Serbia,2019,wind_onshore,398.0,898.212
SRB,Serbia,2020,bio,30.908,192.446
SRB,Serbia,2020,coal,,26494.36
SRB,Serbia,2020,fossil_nes,4460.135,
SRB,Serbia,2020,gas,,511.706
SRB,Serbia,2020,hydro,2468.3,9034.496
SRB,Serbia,2020,oil,,14.811
SRB,Serbia,2020,other,1.0,5.614
SRB,Serbia,2020,pumped,614.0,714.149
SRB,Serbia,2020,solar,30.508,35.121
SRB,Serbia,2020,wind_onshore,398.0,975.63
SRB,Serbia,2021,bio,36.104,247.27
SRB,Serbia,2021,coal,,23820.044
SRB,Serbia,2021,fossil_nes,4470.095,
SRB,Serbia,2021,gas,,1069.255
SRB,Serbia,2021,hydro,2470.992,11284.41
SRB,Serbia,2021,oil,,11.308
SRB,Serbia,2021,other,1.0,5.362
SRB,Serbia,2021,pumped,614.0,699.817
SRB,Serbia,2021,solar,51.838,59.183
SRB,Serbia,2021,wind_onshore,398.0,1084.541
SRB,Serbia,2022,bio,38.831,252.117
SRB,Serbia,2022,coal,,23546.995
SRB,Serbia,2022,fossil_nes,4659.119,
SRB,Serbia,2022,gas,,1449.453
SRB,Serbia,2022,hydro,2493.471,8648.545
SRB,Serbia,2022,oil,,15.957
SRB,Serbia,2022,other,1.0,6.309
SRB,Serbia,2022,pumped,614.0,625.889
SRB,Serbia,2022,solar,136.998,147.602
SRB,Serbia,2022,wind_onshore,398.0,949.339
SRB,Serbia,2023,bio,54.93,254.297
SRB,Serbia,2023,coal,,23580.55
SRB,Serbia,2023,fossil_nes,4658.119,
SRB,Serbia,2023,gas,,1966.15
SRB,Serbia,2023,hydro,2510.629,12245.701
SRB,Serbia,2023,oil,,20.807
SRB,Serbia,2023,other,1.0,10.988
SRB,Serbia,2023,pumped,614.0,834.776
SRB,Serbia,2023,solar,197.066,178.311
SRB,Serbia,2023,wind_onshore,510.0,1067.942
SRB,Serbia,2024,bio,54.93,
SRB,Serbia,2024,fossil_nes,4770.119,
SRB,Serbia,2024,hydro,2512.629,
SRB,Serbia,2024,other,1.0,
SRB,Serbia,2024,pumped,614.0,
SRB,Serbia,2024,solar,241.066,
SRB,Serbia,2024,wind_onshore,604.0,
SSD,South Sudan,2015,oil,80.0,576.0
SSD,South Sudan,2015,solar,0.107,0.161
SSD,South Sudan,2016,oil,80.0,445.0
SSD,South Sudan,2016,solar,1.237,1.855
SSD,South Sudan,2017,oil,131.4,539.0
SSD,South Sudan,2017,solar,1.953,2.929
SSD,South Sudan,2018,oil,131.4,580.0
SSD,South Sudan,2018,solar,2.228,3.342
SSD,South Sudan,2019,oil,164.4,546.0
SSD,South Sudan,2019,solar,2.482,3.723
SSD,South Sudan,2020,oil,164.4,547.0
SSD,South Sudan,2020,solar,3.732,5.598
SSD,South Sudan,2021,oil,165.4,547.0
SSD,South Sudan,2021,solar,3.533,5.3
SSD,South Sudan,2022,oil,166.4,547.0
SSD,South Sudan,2022,solar,3.983,5.974
SSD,South Sudan,2023,oil,196.4,547.0
SSD,South Sudan,2023,solar,17.739,7.109
SSD,South Sudan,2024,oil,196.4,
SSD,South Sudan,2024,solar,31.739,
STP,Sao Tome and Principe,2015,hydro,1.92,6.647
STP,Sao Tome and Principe,2015,oil,21.6,95.105
STP,Sao Tome and Principe,2016,hydro,1.92,5.8
STP,Sao Tome and Principe,2016,oil,27.6,100.289
STP,Sao Tome and Principe,2016,solar,0.154,0.16
STP,Sao Tome and Principe,2017,hydro,1.92,5.046
STP,Sao Tome and Principe,2017,oil,27.6,104.361
STP,Sao Tome and Principe,2017,solar,0.348,0.362
STP,Sao Tome and Principe,2018,hydro,1.92,5.125
STP,Sao Tome and Principe,2018,oil,27.6,93.173
STP,Sao Tome and Principe,2018,solar,0.348,0.362
STP,Sao Tome and Principe,2019,hydro,1.92,5.833
STP,Sao Tome and Principe,2019,oil,28.3,102.385
STP,Sao Tome and Principe,2019,solar,0.349,0.363
STP,Sao Tome and Principe,2020,hydro,1.92,6.0
STP,Sao Tome and Principe,2020,oil,28.3,102.334
STP,Sao Tome and Principe,2020,solar,0.339,0.352
STP,Sao Tome and Principe,2021,hydro,1.92,6.0
STP,Sao Tome and Principe,2021,oil,28.3,96.334
STP,Sao Tome and Principe,2021,solar,0.203,0.211
STP,Sao Tome and Principe,2022,hydro,1.92,6.0
STP,Sao Tome and Principe,2022,oil,28.3,96.334
STP,Sao Tome and Principe,2022,solar,0.013,0.013
STP,Sao Tome and Principe,2023,hydro,1.92,6.0
STP,Sao Tome and Principe,2023,oil,28.3,96.334
STP,Sao Tome and Principe,2023,solar,0.553,0.013
STP,Sao Tome and Principe,2024,hydro,1.92,
STP,Sao Tome and Principe,2024,oil,28.3,
STP,Sao Tome and Principe,2024,solar,0.553,
SUR,Suriname,2015,bio,1.5,3.0
SUR,Suriname,2015,hydro,180.0,702.0
SUR,Suriname,2015,oil,407.9,1417.013
SUR,Suriname,2015,solar,5.02,7.229
SUR,Suriname,2016,bio,1.5,6.0
SUR,Suriname,2016,hydro,180.0,783.0
SUR,Suriname,2016,oil,470.2,1079.013
SUR,Suriname,2016,solar,5.02,7.229
SUR,Suriname,2017,bio,1.5,6.0
SUR,Suriname,2017,hydro,180.035,926.123
SUR,Suriname,2017,oil,470.2,1093.013
SUR,Suriname,2017,solar,5.02,7.229
SUR,Suriname,2018,bio,1.5,6.0
SUR,Suriname,2018,hydro,180.035,1000.123
SUR,Suriname,2018,oil,470.2,1002.013
SUR,Suriname,2018,solar,5.599,7.645
SUR,Suriname,2019,bio,1.5,6.0
SUR,Suriname,2019,hydro,180.035,952.123
SUR,Suriname,2019,oil,470.2,901.013
SUR,Suriname,2019,solar,5.612,8.072
SUR,Suriname,2020,bio,1.5,6.0
SUR,Suriname,2020,hydro,180.035,884.923
SUR,Suriname,2020,oil,470.2,917.213
SUR,Suriname,2020,solar,5.612,8.081
SUR,Suriname,2021,bio,1.5,6.0
SUR,Suriname,2021,hydro,180.035,1072.923
SUR,Suriname,2021,oil,512.2,741.213
SUR,Suriname,2021,solar,6.612,8.801
SUR,Suriname,2022,bio,1.5,6.0
SUR,Suriname,2022,hydro,180.035,1166.923
SUR,Suriname,2022,oil,512.2,653.213
SUR,Suriname,2022,solar,7.112,9.881
SUR,Suriname,2023,bio,1.5,6.0
SUR,Suriname,2023,hydro,180.035,1150.923
SUR,Suriname,2023,oil,512.2,741.213
SUR,Suriname,2023,solar,8.312,11.105
SUR,Suriname,2024,bio,1.5,
SUR,Suriname,2024,hydro,180.035,
SUR,Suriname,2024,oil,512.2,
SUR,Suriname,2024,solar,9.852,
SVK,Slovakia,2015,bio,241.5,1662.0
SVK,Slovakia,2015,coal,,3332.0
SVK,Slovakia,2015,fossil_nes,2496.0,
SVK,Slovakia,2015,gas,,1604.0
SVK,Slovakia,2015,hydro,1606.0,3866.0
SVK,Slovakia,2015,nuclear,1940.0,15146.0
SVK,Slovakia,2015,oil,,384.0
SVK,Slovakia,2015,other,46.5,126.0
SVK,Slovakia,2015,pumped,916.0,271.0
SVK,Slovakia,2015,solar,533.0,506.0
SVK,Slovakia,2015,wind_onshore,3.0,6.0
SVK,Slovakia,2016,bio,252.5,1731.0
SVK,Slovakia,2016,coal,,3268.0
SVK,Slovakia,2016,fossil_nes,2438.0,
SVK,Slovakia,2016,gas,,1524.0
SVK,Slovakia,2016,hydro,1608.0,4359.0
SVK,Slovakia,2016,nuclear,1940.0,14774.0
SVK,Slovakia,2016,oil,,470.0
SVK,Slovakia,2016,other,51.5,152.0
SVK,Slovakia,2016,pumped,916.0,247.0
SVK,Slovakia,2016,solar,533.0,533.0
SVK,Slovakia,2016,wind_onshore,3.0,6.0
SVK,Slovakia,2017,bio,246.0,1696.0
SVK,Slovakia,2017,coal,,3540.0
SVK,Slovakia,2017,fossil_nes,2383.0,
SVK,Slovakia,2017,gas,,1667.0
SVK,Slovakia,2017,hydro,1607.0,4324.0
SVK,Slovakia,2017,nuclear,1940.0,15081.0
SVK,Slovakia,2017,oil,,439.0
SVK,Slovakia,2017,other,47.0,180.0
SVK,Slovakia,2017,pumped,916.0,299.0
SVK,Slovakia,2017,solar,528.0,506.0
SVK,Slovakia,2017,wind_onshore,4.0,6.0
SVK,Slovakia,2018,bio,243.0,1625.0
SVK,Slovakia,2018,coal,,3584.0
SVK,Slovakia,2018,fossil_nes,2392.0,
SVK,Slovakia,2018,gas,,1857.0
SVK,Slovakia,2018,hydro,1612.0,3590.0
SVK,Slovakia,2018,nuclear,1940.0,14843.0
SVK,Slovakia,2018,oil,,459.0
SVK,Slovakia,2018,other,47.0,133.0
SVK,Slovakia,2018,pumped,916.0,289.0
SVK,Slovakia,2018,solar,471.0,585.0
SVK,Slovakia,2018,wind_onshore,3.0,6.0
SVK,Slovakia,2019,bio,226.0,1693.0
SVK,Slovakia,2019,coal,,2705.0
SVK,Slovakia,2019,fossil_nes,2397.0,
SVK,Slovakia,2019,gas,,3070.0
SVK,Slovakia,2019,hydro,1611.0,4356.0
SVK,Slovakia,2019,nuclear,1940.0,15282.0
SVK,Slovakia,2019,oil,,457.0
SVK,Slovakia,2019,other,40.0,61.0
SVK,Slovakia,2019,pumped,916.0,215.0
SVK,Slovakia,2019,solar,590.0,589.0
SVK,Slovakia,2019,wind_onshore,4.0,6.0
SVK,Slovakia,2020,bio,225.0,1673.0
SVK,Slovakia,2020,coal,,2205.0
SVK,Slovakia,2020,fossil_nes,2411.0,
SVK,Slovakia,2020,gas,,3567.0
SVK,Slovakia,2020,hydro,1613.0,4517.0
SVK,Slovakia,2020,nuclear,1971.0,15444.0
SVK,Slovakia,2020,oil,,408.0
SVK,Slovakia,2020,other,32.0,75.0
SVK,Slovakia,2020,pumped,916.0,282.0
SVK,Slovakia,2020,solar,535.0,663.0
SVK,Slovakia,2020,wind_onshore,4.0,4.0
SVK,Slovakia,2021,bio,250.0,1844.0
SVK,Slovakia,2021,coal,,2217.0
SVK,Slovakia,2021,fossil_nes,2133.0,
SVK,Slovakia,2021,gas,,4366.0
SVK,Slovakia,2021,hydro,1615.0,4258.0
SVK,Slovakia,2021,nuclear,2003.0,15730.0
SVK,Slovakia,2021,oil,,403.0
SVK,Slovakia,2021,other,32.0,228.0
SVK,Slovakia,2021,pumped,916.0,294.0
SVK,Slovakia,2021,solar,537.0,671.0
SVK,Slovakia,2021,wind_onshore,4.0,5.0
SVK,Slovakia,2022,bio,263.5,1490.0
SVK,Slovakia,2022,coal,,2054.0
SVK,Slovakia,2022,fossil_nes,2081.0,
SVK,Slovakia,2022,gas,,2098.0
SVK,Slovakia,2022,hydro,1616.0,3678.0
SVK,Slovakia,2022,nuclear,2003.0,15920.0
SVK,Slovakia,2022,oil,,523.0
SVK,Slovakia,2022,other,32.5,136.0
SVK,Slovakia,2022,pumped,916.0,285.0
SVK,Slovakia,2022,solar,549.0,650.0
SVK,Slovakia,2022,wind_onshore,4.0,4.0
SVK,Slovakia,2023,bio,205.0,1414.0
SVK,Slovakia,2023,coal,,1682.0
SVK,Slovakia,2023,fossil_nes,2131.0,
SVK,Slovakia,2023,gas,,2283.0
SVK,Slovakia,2023,hydro,1615.0,4686.0
SVK,Slovakia,2023,nuclear,2003.0,18333.0
SVK,Slovakia,2023,oil,,408.0
SVK,Slovakia,2023,other,33.0,146.0
SVK,Slovakia,2023,pumped,916.0,342.0
SVK,Slovakia,2023,solar,593.0,605.0
SVK,Slovakia,2023,wind_onshore,4.0,4.0
SVK,Slovakia,2024,bio,205.0,
SVK,Slovakia,2024,fossil_nes,1641.0,
SVK,Slovakia,2024,hydro,1615.0,
SVK,Slovakia,2024,nuclear,2003.0,
SVK,Slovakia,2024,other,33.0,
SVK,Slovakia,2024,pumped,916.0,
SVK,Slovakia,2024,solar,867.0,
SVK,Slovakia,2024,wind_onshore,4.0,
SVN,Slovenia,2015,bio,63.0,267.0
SVN,Slovenia,2015,coal,,4385.0
SVN,Slovenia,2015,fossil_nes,1068.0,
SVN,Slovenia,2015,gas,,404.0
SVN,Slovenia,2015,hydro,1115.0,3807.104
SVN,Slovenia,2015,nuclear,688.0,5648.0
SVN,Slovenia,2015,oil,,17.0
SVN,Slovenia,2015,other,2.0,8.0
SVN,Slovenia,2015,pumped,180.0,283.071
SVN,Slovenia,2015,solar,239.0,274.232
SVN,Slovenia,2015,wind_onshore,3.0,6.028
SVN,Slovenia,2016,bio,60.0,281.0
SVN,Slovenia,2016,coal,,5010.0
SVN,Slovenia,2016,fossil_nes,1256.0,
SVN,Slovenia,2016,gas,,420.0
SVN,Slovenia,2016,hydro,1113.0,4503.421
SVN,Slovenia,2016,nuclear,688.0,5715.0
SVN,Slovenia,2016,oil,,11.0
SVN,Slovenia,2016,other,2.0,8.0
SVN,Slovenia,2016,pumped,180.0,278.856
SVN,Slovenia,2016,solar,232.0,267.472
SVN,Slovenia,2016,wind_onshore,3.0,5.778
SVN,Slovenia,2017,bio,61.8,289.92
SVN,Slovenia,2017,coal,,4824.127
SVN,Slovenia,2017,fossil_nes,1268.253,
SVN,Slovenia,2017,gas,,473.098
SVN,Slovenia,2017,hydro,1166.629,3868.344
SVN,Slovenia,2017,nuclear,688.0,6285.272
SVN,Slovenia,2017,oil,,14.397
SVN,Slovenia,2017,other,2.0,8.909
SVN,Slovenia,2017,pumped,180.0,272.575
SVN,Slovenia,2017,solar,246.8,283.867
SVN,Slovenia,2017,wind_onshore,3.3,5.716
SVN,Slovenia,2018,bio,60.4,267.464
SVN,Slovenia,2018,coal,,4622.27
SVN,Slovenia,2018,fossil_nes,1452.25,
SVN,Slovenia,2018,gas,,478.014
SVN,Slovenia,2018,hydro,1163.425,4704.32
SVN,Slovenia,2018,nuclear,688.0,5776.439
SVN,Slovenia,2018,oil,,18.473
SVN,Slovenia,2018,other,2.0,10.3
SVN,Slovenia,2018,pumped,180.0,188.673
SVN,Slovenia,2018,solar,246.8,254.961
SVN,Slovenia,2018,wind_onshore,3.3,6.021
SVN,Slovenia,2019,bio,60.4,251.036
SVN,Slovenia,2019,coal,,4482.978
SVN,Slovenia,2019,fossil_nes,1449.675,
SVN,Slovenia,2019,gas,,532.513
SVN,Slovenia,2019,hydro,1170.716,4479.396
SVN,Slovenia,2019,nuclear,688.0,5821.257
SVN,Slovenia,2019,oil,,10.509
SVN,Slovenia,2019,other,2.0,9.543
SVN,Slovenia,2019,pumped,180.0,203.143
SVN,Slovenia,2019,solar,277.877,303.039
SVN,Slovenia,2019,wind_onshore,3.3,6.15
SVN,Slovenia,2020,bio,66.746,274.044
SVN,Slovenia,2020,coal,,4363.025
SVN,Slovenia,2020,fossil_nes,1447.721,
SVN,Slovenia,2020,gas,,580.248
SVN,Slovenia,2020,hydro,1171.863,4934.06
SVN,Slovenia,2020,nuclear,688.0,6352.766
SVN,Slovenia,2020,oil,,10.517
SVN,Slovenia,2020,other,2.0,10.908
SVN,Slovenia,2020,pumped,180.0,290.683
SVN,Slovenia,2020,solar,369.78,368.196
SVN,Slovenia,2020,wind_onshore,3.3,6.251
SVN,Slovenia,2021,bio,67.4,277.483
SVN,Slovenia,2021,coal,,3848.316
SVN,Slovenia,2021,fossil_nes,1506.471,
SVN,Slovenia,2021,gas,,521.305
SVN,Slovenia,2021,hydro,1172.063,4712.511
SVN,Slovenia,2021,nuclear,688.0,5705.951
SVN,Slovenia,2021,oil,,57.453
SVN,Slovenia,2021,other,2.0,10.641
SVN,Slovenia,2021,pumped,180.0,284.556
SVN,Slovenia,2021,solar,461.164,453.113
SVN,Slovenia,2021,wind_onshore,3.328,5.593
SVN,Slovenia,2022,bio,67.4,269.474
SVN,Slovenia,2022,coal,,3131.804
SVN,Slovenia,2022,fossil_nes,1502.63,
SVN,Slovenia,2022,gas,,489.908
SVN,Slovenia,2022,hydro,1166.05,3148.507
SVN,Slovenia,2022,nuclear,688.0,5605.508
SVN,Slovenia,2022,oil,,55.772
SVN,Slovenia,2022,other,2.0,12.041
SVN,Slovenia,2022,pumped,180.0,252.187
SVN,Slovenia,2022,solar,626.164,645.587
SVN,Slovenia,2022,wind_onshore,3.328,5.731
SVN,Slovenia,2023,bio,67.4,296.514
SVN,Slovenia,2023,coal,,3148.618
SVN,Slovenia,2023,fossil_nes,1611.366,
SVN,Slovenia,2023,gas,,498.693
SVN,Slovenia,2023,hydro,1170.838,5020.766
SVN,Slovenia,2023,nuclear,688.0,5603.006
SVN,Slovenia,2023,oil,,6.846
SVN,Slovenia,2023,other,2.0,12.144
SVN,Slovenia,2023,pumped,180.0,301.301
SVN,Slovenia,2023,solar,1031.2,984.359
SVN,Slovenia,2023,wind_onshore,3.328,6.372
SVN,Slovenia,2024,bio,57.4,
SVN,Slovenia,2024,fossil_nes,1619.366,
SVN,Slovenia,2024,hydro,1191.838,
SVN,Slovenia,2024,nuclear,688.0,
SVN,Slovenia,2024,other,2.0,
SVN,Slovenia,2024,pumped,180.0,
SVN,Slovenia,2024,solar,1309.37,
SVN,Slovenia,2024,wind_onshore,3.328,
SWE,Sweden,2015,bio,4716.0,10765.0
SWE,Sweden,2015,coal,,1261.0
SWE,Sweden,2015,fossil_nes,2516.0,
SWE,Sweden,2015,gas,,425.0
SWE,Sweden,2015,hydro,16230.0,75312.482
SWE,Sweden,2015,nuclear,9688.0,56348.0
SWE,Sweden,2015,oil,,252.0
SWE,Sweden,2015,other,519.187,1203.1
SWE,Sweden,2015,pumped,99.0,127.265
SWE,Sweden,2015,solar,104.0,97.0
SWE,Sweden,2015,wind_offshore,213.0,714.0
SWE,Sweden,2015,wind_onshore,5606.0,15608.0
SWE,Sweden,2016,bio,4849.5,11487.001
SWE,Sweden,2016,coal,,1051.0
SWE,Sweden,2016,fossil_nes,1892.0,
SWE,Sweden,2016,gas,,623.0
SWE,Sweden,2016,hydro,16367.0,62017.843
SWE,Sweden,2016,nuclear,9768.0,63101.0
SWE,Sweden,2016,oil,,398.0
SWE,Sweden,2016,other,753.687,1591.1
SWE,Sweden,2016,pumped,99.0,118.717
SWE,Sweden,2016,solar,153.0,143.0
SWE,Sweden,2016,wind_offshore,203.0,608.0
SWE,Sweden,2016,wind_onshore,6232.0,14871.0
SWE,Sweden,2017,bio,4822.0,12076.0
SWE,Sweden,2017,coal,,1229.0
SWE,Sweden,2017,fossil_nes,1863.0,
SWE,Sweden,2017,gas,,271.0
SWE,Sweden,2017,hydro,16502.0,65143.0
SWE,Sweden,2017,nuclear,8999.0,65696.0
SWE,Sweden,2017,oil,,290.0
SWE,Sweden,2017,other,757.187,1681.1
SWE,Sweden,2017,pumped,,25.0
SWE,Sweden,2017,solar,244.0,230.0
SWE,Sweden,2017,wind_offshore,203.0,670.0
SWE,Sweden,2017,wind_onshore,6408.0,16939.0
SWE,Sweden,2018,bio,5020.5,11913.0
SWE,Sweden,2018,coal,,1406.0
SWE,Sweden,2018,fossil_nes,2632.0,
SWE,Sweden,2018,gas,,376.0
SWE,Sweden,2018,hydro,16431.0,62210.0
SWE,Sweden,2018,nuclear,8656.0,68549.0
SWE,Sweden,2018,oil,,307.0
SWE,Sweden,2018,other,755.687,1569.1
SWE,Sweden,2018,pumped,,40.0
SWE,Sweden,2018,solar,428.0,407.0
SWE,Sweden,2018,wind_offshore,203.0,550.0
SWE,Sweden,2018,wind_onshore,7097.0,16073.0
SWE,Sweden,2019,bio,5298.5,13036.0
SWE,Sweden,2019,coal,,1183.0
SWE,Sweden,2019,fossil_nes,2287.0,
SWE,Sweden,2019,gas,,284.0
SWE,Sweden,2019,hydro,16462.0,65371.0
SWE,Sweden,2019,nuclear,8624.0,66130.0
SWE,Sweden,2019,oil,,217.0
SWE,Sweden,2019,other,757.5,1670.0
SWE,Sweden,2019,pumped,,22.0
SWE,Sweden,2019,solar,714.0,679.0
SWE,Sweden,2019,wind_offshore,203.0,606.0
SWE,Sweden,2019,wind_onshore,8478.0,19241.0
SWE,Sweden,2020,bio,4461.5,11177.0
SWE,Sweden,2020,coal,,659.0
SWE,Sweden,2020,fossil_nes,4119.0,
SWE,Sweden,2020,gas,,97.0
SWE,Sweden,2020,hydro,16406.0,72389.0
SWE,Sweden,2020,nuclear,7777.0,49198.0
SWE,Sweden,2020,oil,,141.0
SWE,Sweden,2020,other,622.5,1544.0
SWE,Sweden,2020,pumped,,51.0
SWE,Sweden,2020,solar,1107.0,1051.0
SWE,Sweden,2020,wind_offshore,203.0,633.0
SWE,Sweden,2020,wind_onshore,9773.0,26893.0
SWE,Sweden,2021,bio,4376.0,13082.0
SWE,Sweden,2021,coal,,745.0
SWE,Sweden,2021,fossil_nes,3760.0,
SWE,Sweden,2021,gas,,282.0
SWE,Sweden,2021,hydro,16407.0,73885.0
SWE,Sweden,2021,nuclear,6899.0,52965.0
SWE,Sweden,2021,oil,,348.0
SWE,Sweden,2021,other,386.0,1680.0
SWE,Sweden,2021,pumped,,41.0
SWE,Sweden,2021,solar,1606.0,1526.0
SWE,Sweden,2021,wind_offshore,193.0,547.0
SWE,Sweden,2021,wind_onshore,11923.0,26697.0
SWE,Sweden,2022,bio,4506.5,13132.0
SWE,Sweden,2022,coal,,633.0
SWE,Sweden,2022,fossil_nes,3757.0,
SWE,Sweden,2022,gas,,144.0
SWE,Sweden,2022,hydro,16399.0,69871.0
SWE,Sweden,2022,nuclear,6901.0,51944.0
SWE,Sweden,2022,oil,,450.0
SWE,Sweden,2022,other,335.5,1656.0
SWE,Sweden,2022,pumped,,96.0
SWE,Sweden,2022,solar,2388.0,1980.0
SWE,Sweden,2022,wind_offshore,193.0,550.0
SWE,Sweden,2022,wind_onshore,14086.0,32703.0
SWE,Sweden,2023,bio,3655.0,11700.0
SWE,Sweden,2023,coal,,662.0
SWE,Sweden,2023,fossil_nes,3539.0,
SWE,Sweden,2023,gas,,154.0
SWE,Sweden,2023,hydro,16406.0,66187.0
SWE,Sweden,2023,nuclear,7001.0,48470.0
SWE,Sweden,2023,oil,,195.0
SWE,Sweden,2023,other,438.0,1313.0
SWE,Sweden,2023,pumped,,53.0
SWE,Sweden,2023,solar,3993.0,3114.0
SWE,Sweden,2023,wind_offshore,193.0,549.0
SWE,Sweden,2023,wind_onshore,16031.0,33696.0
SWE,Sweden,2024,bio,3655.0,
SWE,Sweden,2024,fossil_nes,3539.0,
SWE,Sweden,2024,hydro,16506.0,
SWE,Sweden,2024,nuclear,7001.0,
SWE,Sweden,2024,other,438.0,
SWE,Sweden,2024,solar,4963.0,
SWE,Sweden,2024,wind_offshore,193.0,
SWE,Sweden,2024,wind_onshore,17046.0,
SWZ,Eswatini,2015,bio,106.0,173.739
SWZ,Eswatini,2015,hydro,62.2,252.425
SWZ,Eswatini,2015,oil,9.9,6.519
SWZ,Eswatini,2015,solar,0.026,
SWZ,Eswatini,2016,bio,106.0,180.819
SWZ,Eswatini,2016,hydro,62.2,153.825
SWZ,Eswatini,2016,oil,9.9,6.519
SWZ,Eswatini,2016,solar,0.127,0.096
SWZ,Eswatini,2017,bio,106.0,179.534
SWZ,Eswatini,2017,hydro,62.2,123.6
SWZ,Eswatini,2017,oil,9.9,6.519
SWZ,Eswatini,2017,solar,0.13,0.126
SWZ,Eswatini,2018,bio,106.0,187.38
SWZ,Eswatini,2018,hydro,62.2,189.175
SWZ,Eswatini,2018,oil,9.9,6.519
SWZ,Eswatini,2018,solar,0.13,0.14
SWZ,Eswatini,2019,bio,106.0,187.496
SWZ,Eswatini,2019,hydro,62.2,225.125
SWZ,Eswatini,2019,oil,9.9,6.519
SWZ,Eswatini,2019,solar,0.142,0.133
SWZ,Eswatini,2020,bio,106.0,192.89
SWZ,Eswatini,2020,hydro,62.2,230.6
SWZ,Eswatini,2020,oil,9.9,6.519
SWZ,Eswatini,2020,solar,0.177,0.174
SWZ,Eswatini,2021,bio,106.0,192.131
SWZ,Eswatini,2021,hydro,62.2,258.65
SWZ,Eswatini,2021,oil,9.9,6.519
SWZ,Eswatini,2021,solar,10.177,8.034
SWZ,Eswatini,2022,bio,106.0,182.755
SWZ,Eswatini,2022,hydro,62.2,296.85
SWZ,Eswatini,2022,oil,9.9,6.519
SWZ,Eswatini,2022,solar,10.164,20.615
SWZ,Eswatini,2023,bio,106.0,196.839
SWZ,Eswatini,2023,hydro,63.53,395.294
SWZ,Eswatini,2023,oil,9.9,6.519
SWZ,Eswatini,2023,solar,27.947,47.518
SWZ,Eswatini,2024,bio,106.0,
SWZ,Eswatini,2024,hydro,63.53,
SWZ,Eswatini,2024,oil,9.9,
SWZ,Eswatini,2024,solar,27.947,
SXM,Sint Maarten (Dutch Part),2015,oil,97.0,360.0
SXM,Sint Maarten (Dutch Part),2016,oil,97.0,362.0
SXM,Sint Maarten (Dutch Part),2017,oil,88.0,300.0
SXM,Sint Maarten (Dutch Part),2018,oil,93.0,291.0
SXM,Sint Maarten (Dutch Part),2019,oil,96.0,296.0
SXM,Sint Maarten (Dutch Part),2020,oil,99.0,265.0
SXM,Sint Maarten (Dutch Part),2021,oil,99.0,286.0
SXM,Sint Maarten (Dutch Part),2022,oil,99.0,291.0
SXM,Sint Maarten (Dutch Part),2023,oil,99.0,297.0
SXM,Sint Maarten (Dutch Part),2024,oil,129.0,
SYC,Seychelles,2015,oil,87.154,369.295
SYC,Seychelles,2015,solar,1.414,1.636
SYC,Seychelles,2015,wind_onshore,6.0,6.795
SYC,Seychelles,2016,oil,103.857,400.515
SYC,Seychelles,2016,solar,2.751,3.521
SYC,Seychelles,2016,wind_onshore,6.0,6.857
SYC,Seychelles,2017,oil,104.429,414.23
SYC,Seychelles,2017,solar,3.79,4.681
SYC,Seychelles,2017,wind_onshore,6.0,6.617
SYC,Seychelles,2018,oil,102.5,416.896
SYC,Seychelles,2018,solar,5.162,5.815
SYC,Seychelles,2018,wind_onshore,6.0,7.392
SYC,Seychelles,2019,oil,108.87,439.011
SYC,Seychelles,2019,solar,5.147,6.907
SYC,Seychelles,2019,wind_onshore,6.0,4.884
SYC,Seychelles,2020,oil,106.084,430.129
SYC,Seychelles,2020,solar,7.92,8.576
SYC,Seychelles,2020,wind_onshore,6.0,5.986
SYC,Seychelles,2021,oil,106.084,424.119
SYC,Seychelles,2021,solar,17.203,20.365
SYC,Seychelles,2021,wind_onshore,6.0,5.079
SYC,Seychelles,2022,oil,106.084,434.318
SYC,Seychelles,2022,solar,17.745,20.697
SYC,Seychelles,2022,wind_onshore,6.0,6.58
SYC,Seychelles,2023,oil,106.084,452.213
SYC,Seychelles,2023,solar,17.745,21.298
SYC,Seychelles,2023,wind_onshore,6.0,6.046
SYC,Seychelles,2024,oil,107.4,
SYC,Seychelles,2024,solar,17.745,
SYC,Seychelles,2024,wind_onshore,6.0,
SYR,Syrian Arab Republic (the),2015,bio,6.705,33.479
SYR,Syrian Arab Republic (the),2015,gas,4579.0,12271.0
SYR,Syrian Arab Republic (the),2015,hydro,1572.0,413.0
SYR,Syrian Arab Republic (the),2015,oil,3415.0,7190.0
SYR,Syrian Arab Republic (the),2015,wind_onshore,0.6,1.051
SYR,Syrian Arab Republic (the),2016,bio,6.705,33.479
SYR,Syrian Arab Republic (the),2016,gas,4435.5,10702.0
SYR,Syrian Arab Republic (the),2016,hydro,1494.0,929.0
SYR,Syrian Arab Republic (the),2016,oil,3425.0,7419.0
SYR,Syrian Arab Republic (the),2016,wind_onshore,0.6,1.051
SYR,Syrian Arab Republic (the),2017,bio,6.705,33.479
SYR,Syrian Arab Republic (the),2017,gas,4819.5,10559.006
SYR,Syrian Arab Republic (the),2017,hydro,1490.0,754.0
SYR,Syrian Arab Republic (the),2017,oil,3425.0,10299.17
SYR,Syrian Arab Republic (the),2017,solar,0.127,0.2
SYR,Syrian Arab Republic (the),2017,wind_onshore,0.6,1.051
SYR,Syrian Arab Republic (the),2018,bio,6.705,33.479
SYR,Syrian Arab Republic (the),2018,gas,4787.5,10501.93
SYR,Syrian Arab Republic (the),2018,hydro,1490.0,754.0
SYR,Syrian Arab Republic (the),2018,oil,3779.5,11041.046
SYR,Syrian Arab Republic (the),2018,solar,1.377,2.4
SYR,Syrian Arab Republic (the),2018,wind_onshore,0.6,1.051
SYR,Syrian Arab Republic (the),2019,bio,6.705,33.479
SYR,Syrian Arab Republic (the),2019,gas,4787.5,10073.862
SYR,Syrian Arab Republic (the),2019,hydro,1490.0,754.0
SYR,Syrian Arab Republic (the),2019,oil,3779.5,11467.196
SYR,Syrian Arab Republic (the),2019,solar,2.467,4.3
SYR,Syrian Arab Republic (the),2019,wind_onshore,0.6,1.051
SYR,Syrian Arab Republic (the),2020,bio,6.705,33.479
SYR,Syrian Arab Republic (the),2020,gas,4801.0,8846.735
SYR,Syrian Arab Republic (the),2020,hydro,1490.0,754.0
SYR,Syrian Arab Republic (the),2020,oil,3824.0,11378.386
SYR,Syrian Arab Republic (the),2020,solar,11.522,20.3
SYR,Syrian Arab Republic (the),2020,wind_onshore,0.6,1.051
SYR,Syrian Arab Republic (the),2021,bio,6.705,33.479
SYR,Syrian Arab Republic (the),2021,gas,4801.0,9417.492
SYR,Syrian Arab Republic (the),2021,hydro,1490.0,754.0
SYR,Syrian Arab Republic (the),2021,oil,3824.0,11446.757
SYR,Syrian Arab Republic (the),2021,solar,33.0,58.1
SYR,Syrian Arab Republic (the),2021,wind_onshore,0.6,1.051
SYR,Syrian Arab Republic (the),2022,bio,6.705,33.479
SYR,Syrian Arab Republic (the),2022,gas,4801.0,7705.22
SYR,Syrian Arab Republic (the),2022,hydro,1490.0,754.0
SYR,Syrian Arab Republic (the),2022,oil,3824.0,11499.779
SYR,Syrian Arab Republic (the),2022,solar,60.0,102.1
SYR,Syrian Arab Republic (the),2022,wind_onshore,0.6,1.051
SYR,Syrian Arab Republic (the),2023,bio,6.705,33.479
SYR,Syrian Arab Republic (the),2023,gas,4801.0,7705.22
SYR,Syrian Arab Republic (the),2023,hydro,1490.0,754.0
SYR,Syrian Arab Republic (the),2023,oil,3824.0,11499.779
SYR,Syrian Arab Republic (the),2023,solar,60.0,102.1
SYR,Syrian Arab Republic (the),2023,wind_onshore,0.6,1.051
SYR,Syrian Arab Republic (the),2024,bio,6.705,
SYR,Syrian Arab Republic (the),2024,gas,4801.0,
SYR,Syrian Arab Republic (the),2024,hydro,1490.0,
SYR,Syrian Arab Republic (the),2024,oil,3824.0,
SYR,Syrian Arab Republic (the),2024,solar,60.0,
SYR,Syrian Arab Republic (the),2024,wind_onshore,0.6,
TCA,Turks and Caicos Islands,2015,oil,82.0,230.0
TCA,Turks and Caicos Islands,2015,solar,0.03,0.047
TCA,Turks and Caicos Islands,2016,oil,82.0,245.0
TCA,Turks and Caicos Islands,2016,solar,0.03,0.047
TCA,Turks and Caicos Islands,2017,oil,82.0,293.0
TCA,Turks and Caicos Islands,2017,solar,0.19,0.296
TCA,Turks and Caicos Islands,2018,oil,90.7,257.0
TCA,Turks and Caicos Islands,2018,solar,0.44,0.686
TCA,Turks and Caicos Islands,2019,oil,90.7,260.0
TCA,Turks and Caicos Islands,2019,solar,0.94,1.466
TCA,Turks and Caicos Islands,2020,oil,90.7,255.0
TCA,Turks and Caicos Islands,2020,solar,0.94,1.466
TCA,Turks and Caicos Islands,2021,oil,90.7,263.0
TCA,Turks and Caicos Islands,2021,solar,2.572,4.012
TCA,Turks and Caicos Islands,2022,oil,90.7,271.287
TCA,Turks and Caicos Islands,2022,solar,3.289,5.13
TCA,Turks and Caicos Islands,2023,oil,90.7,261.509
TCA,Turks and Caicos Islands,2023,solar,3.52,5.491
TCA,Turks and Caicos Islands,2024,oil,100.073,
TCA,Turks and Caicos Islands,2024,solar,4.019,
TCD,Chad,2015,bio,2.0,8.183
TCD,Chad,2015,gas,120.0,225.64
TCD,Chad,2015,oil,162.0,100.0
TCD,Chad,2015,solar,0.172,0.272
TCD,Chad,2016,bio,2.0,8.288
TCD,Chad,2016,gas,120.0,225.64
TCD,Chad,2016,oil,162.0,100.0
TCD,Chad,2016,solar,0.18,0.285
TCD,Chad,2016,wind_onshore,1.1,8.9
TCD,Chad,2017,bio,2.0,7.795
TCD,Chad,2017,gas,120.0,225.64
TCD,Chad,2017,oil,162.0,100.0
TCD,Chad,2017,solar,0.19,0.3
TCD,Chad,2017,wind_onshore,1.1,8.9
TCD,Chad,2018,bio,2.0,7.342
TCD,Chad,2018,gas,120.0,225.64
TCD,Chad,2018,oil,162.0,100.0
TCD,Chad,2018,solar,0.562,0.888
TCD,Chad,2018,wind_onshore,1.1,8.9
TCD,Chad,2019,bio,2.0,5.94
TCD,Chad,2019,gas,120.0,225.64
TCD,Chad,2019,oil,162.0,100.0
TCD,Chad,2019,solar,0.557,0.881
TCD,Chad,2019,wind_onshore,1.1,8.9
TCD,Chad,2020,bio,2.0,7.697
TCD,Chad,2020,gas,120.0,225.64
TCD,Chad,2020,oil,162.0,100.0
TCD,Chad,2020,solar,1.106,1.747
TCD,Chad,2020,wind_onshore,1.1,8.9
TCD,Chad,2021,bio,2.0,8.606
TCD,Chad,2021,gas,120.0,225.64
TCD,Chad,2021,oil,162.0,100.0
TCD,Chad,2021,solar,1.592,2.516
TCD,Chad,2021,wind_onshore,1.1,8.9
TCD,Chad,2022,bio,2.0,8.664
TCD,Chad,2022,gas,120.0,225.64
TCD,Chad,2022,oil,162.0,100.0
TCD,Chad,2022,solar,1.638,2.588
TCD,Chad,2022,wind_onshore,1.1,8.9
TCD,Chad,2023,bio,2.0,8.171
TCD,Chad,2023,gas,120.0,225.64
TCD,Chad,2023,oil,162.0,100.0
TCD,Chad,2023,solar,1.662,2.626
TCD,Chad,2023,wind_onshore,1.1,8.9
TCD,Chad,2024,bio,2.0,
TCD,Chad,2024,gas,120.0,
TCD,Chad,2024,oil,162.0,
TCD,Chad,2024,solar,1.74,
TCD,Chad,2024,wind_onshore,1.1,
TGO,Togo,2015,gas,20.0,311.971
TGO,Togo,2015,hydro,66.6,56.437
TGO,Togo,2015,oil,152.33,14.594
TGO,Togo,2015,solar,0.07,0.105
TGO,Togo,2016,gas,20.0,23.683
TGO,Togo,2016,hydro,66.6,204.0
TGO,Togo,2016,oil,152.33,636.907
TGO,Togo,2016,solar,0.096,0.143
TGO,Togo,2017,gas,20.0,
TGO,Togo,2017,hydro,66.6,204.0
TGO,Togo,2017,oil,152.33,431.86
TGO,Togo,2017,solar,0.586,0.869
TGO,Togo,2018,gas,20.0,186.082
TGO,Togo,2018,hydro,66.6,100.43
TGO,Togo,2018,oil,152.33,188.196
TGO,Togo,2018,solar,4.406,8.881
TGO,Togo,2019,gas,20.0,426.815
TGO,Togo,2019,hydro,66.6,124.84
TGO,Togo,2019,oil,152.33,14.619
TGO,Togo,2019,solar,7.292,12.131
TGO,Togo,2020,gas,20.0,434.644
TGO,Togo,2020,hydro,66.6,75.13
TGO,Togo,2020,oil,152.33,79.003
TGO,Togo,2020,solar,10.804,14.84
TGO,Togo,2021,gas,67.0,591.943
TGO,Togo,2021,hydro,66.6,85.58
TGO,Togo,2021,oil,152.33,15.274
TGO,Togo,2021,solar,64.255,72.548
TGO,Togo,2022,gas,67.0,695.821
TGO,Togo,2022,hydro,66.6,17.637
TGO,Togo,2022,oil,152.33,16.158
TGO,Togo,2022,solar,66.195,103.178
TGO,Togo,2023,gas,67.0,518.21
TGO,Togo,2023,hydro,66.6,47.558
TGO,Togo,2023,oil,152.33,13.732
TGO,Togo,2023,solar,66.944,76.959
TGO,Togo,2024,gas,67.0,
TGO,Togo,2024,hydro,66.6,
TGO,Togo,2024,oil,152.33,
TGO,Togo,2024,solar,66.944,
THA,Thailand,2015,bio,3165.0,13494.587
THA,Thailand,2015,coal,6069.0,34582.111
THA,Thailand,2015,gas,22681.36,128524.996
THA,Thailand,2015,geothermal,0.3,1.347
THA,Thailand,2015,hydro,3078.998,3359.585
THA,Thailand,2015,oil,34.0,922.614
THA,Thailand,2015,other,65.9,235.171
THA,Thailand,2015,pumped,560.0,513.2
THA,Thailand,2015,solar,1424.709,2387.824
THA,Thailand,2015,wind_onshore,233.9,328.6
THA,Thailand,2016,bio,3322.2,16453.451
THA,Thailand,2016,coal,7491.0,37107.156
THA,Thailand,2016,gas,25541.81,126149.59
THA,Thailand,2016,geothermal,0.3,1.392
THA,Thailand,2016,hydro,3089.018,3136.607
THA,Thailand,2016,oil,22.0,491.497
THA,Thailand,2016,other,72.64,57.446
THA,Thailand,2016,pumped,560.0,513.2
THA,Thailand,2016,solar,2451.564,3385.36
THA,Thailand,2016,wind_onshore,507.04,340.336
THA,Thailand,2017,bio,3728.435,17818.541
THA,Thailand,2017,coal,8715.0,35732.45
THA,Thailand,2017,gas,29585.0,121044.163
THA,Thailand,2017,geothermal,0.3,1.552
THA,Thailand,2017,hydro,3089.178,4321.913
THA,Thailand,2017,oil,18.0,330.299
THA,Thailand,2017,other,95.735,99.401
THA,Thailand,2017,pumped,560.0,513.2
THA,Thailand,2017,solar,2702.886,4547.195
THA,Thailand,2017,wind_onshore,627.82,1114.893
THA,Thailand,2018,bio,4037.09,20965.716
THA,Thailand,2018,coal,9280.0,35796.424
THA,Thailand,2018,gas,30177.0,116265.176
THA,Thailand,2018,geothermal,0.3,1.49
THA,Thailand,2018,hydro,3107.878,7267.576
THA,Thailand,2018,oil,11.0,177.199
THA,Thailand,2018,other,158.91,189.137
THA,Thailand,2018,pumped,560.0,513.2
THA,Thailand,2018,solar,2968.261,4547.195
THA,Thailand,2018,wind_onshore,1102.82,1643.0
THA,Thailand,2019,bio,4097.455,22995.256
THA,Thailand,2019,coal,9043.0,35825.22
THA,Thailand,2019,gas,30974.0,121840.621
THA,Thailand,2019,geothermal,0.3,1.246
THA,Thailand,2019,hydro,3107.947,5929.705
THA,Thailand,2019,oil,64.0,1124.802
THA,Thailand,2019,other,157.335,222.009
THA,Thailand,2019,pumped,560.0,513.2
THA,Thailand,2019,solar,2988.488,5145.717
THA,Thailand,2019,wind_onshore,1506.82,3673.278
THA,Thailand,2020,bio,4241.46,21011.759
THA,Thailand,2020,coal,9967.0,36823.168
THA,Thailand,2020,gas,30966.0,113859.153
THA,Thailand,2020,geothermal,0.3,1.095
THA,Thailand,2020,hydro,3110.052,4169.352
THA,Thailand,2020,oil,48.0,721.561
THA,Thailand,2020,other,166.84,250.789
THA,Thailand,2020,pumped,560.0,513.2
THA,Thailand,2020,solar,2984.24,5040.095
THA,Thailand,2020,wind_onshore,1506.73,3215.585
THA,Thailand,2021,bio,4681.16,23259.28
THA,Thailand,2021,coal,10161.0,36064.625
THA,Thailand,2021,gas,32021.0,113112.859
THA,Thailand,2021,geothermal,0.3,1.45
THA,Thailand,2021,hydro,3110.15,4169.35
THA,Thailand,2021,oil,49.0,716.372
THA,Thailand,2021,other,194.26,299.233
THA,Thailand,2021,pumped,560.0,513.2
THA,Thailand,2021,solar,3065.29,5016.624
THA,Thailand,2021,wind_onshore,1545.33,3555.921
THA,Thailand,2022,bio,4683.405,23677.787
THA,Thailand,2022,coal,10498.0,35522.712
THA,Thailand,2022,gas,34271.0,114636.805
THA,Thailand,2022,geothermal,0.3,1.485
THA,Thailand,2022,hydro,3125.84,6340.456
THA,Thailand,2022,oil,120.0,1731.659
THA,Thailand,2022,other,222.835,183.572
THA,Thailand,2022,pumped,560.0,513.2
THA,Thailand,2022,solar,3185.16,5004.888
THA,Thailand,2022,wind_onshore,1545.33,3004.342
THA,Thailand,2023,bio,4617.255,27971.758
THA,Thailand,2023,coal,10498.0,30433.0
THA,Thailand,2023,gas,34771.0,129402.0
THA,Thailand,2023,geothermal,0.3,1.283
THA,Thailand,2023,hydro,3132.09,6246.568
THA,Thailand,2023,oil,120.0,888.0
THA,Thailand,2023,other,222.835,823.969
THA,Thailand,2023,pumped,560.0,513.2
THA,Thailand,2023,solar,3299.32,5439.11
THA,Thailand,2023,wind_onshore,1543.56,3520.714
THA,Thailand,2024,bio,4542.795,
THA,Thailand,2024,coal,10498.0,
THA,Thailand,2024,gas,36571.0,
THA,Thailand,2024,geothermal,0.3,
THA,Thailand,2024,hydro,3132.1,
THA,Thailand,2024,oil,120.0,
THA,Thailand,2024,other,243.685,
THA,Thailand,2024,pumped,560.0,
THA,Thailand,2024,solar,3387.611,
THA,Thailand,2024,wind_onshore,1543.56,
TJK,Tajikistan,2015,coal,100.0,114.163
TJK,Tajikistan,2015,gas,318.0,235.837
TJK,Tajikistan,2015,hydro,4957.093,16900.0
TJK,Tajikistan,2016,coal,400.0,374.262
TJK,Tajikistan,2016,gas,318.0,265.738
TJK,Tajikistan,2016,hydro,4957.323,16802.875
TJK,Tajikistan,2017,coal,400.0,586.518
TJK,Tajikistan,2017,gas,318.0,434.482
TJK,Tajikistan,2017,hydro,4957.798,17312.075
TJK,Tajikistan,2018,coal,400.0,790.975
TJK,Tajikistan,2018,gas,318.0,557.025
TJK,Tajikistan,2018,hydro,4958.008,18573.275
TJK,Tajikistan,2019,coal,400.0,879.61
TJK,Tajikistan,2019,gas,318.0,627.489
TJK,Tajikistan,2019,hydro,5718.008,19347.975
TJK,Tajikistan,2020,coal,400.0,879.61
TJK,Tajikistan,2020,gas,318.0,627.489
TJK,Tajikistan,2020,hydro,5718.458,19347.976
TJK,Tajikistan,2020,solar,0.22,
TJK,Tajikistan,2021,coal,400.0,879.61
TJK,Tajikistan,2021,gas,318.0,627.489
TJK,Tajikistan,2021,hydro,5718.458,19347.976
TJK,Tajikistan,2021,solar,0.22,
TJK,Tajikistan,2022,coal,400.0,895.0
TJK,Tajikistan,2022,gas,318.0,645.0
TJK,Tajikistan,2022,hydro,5736.848,19878.876
TJK,Tajikistan,2022,solar,0.22,
TJK,Tajikistan,2023,coal,400.0,740.188
TJK,Tajikistan,2023,gas,318.0,528.212
TJK,Tajikistan,2023,hydro,5736.848,20602.876
TJK,Tajikistan,2023,solar,0.22,
TJK,Tajikistan,2024,coal,400.0,
TJK,Tajikistan,2024,gas,318.0,
TJK,Tajikistan,2024,hydro,5737.318,
TJK,Tajikistan,2024,solar,0.22,
TKL,Tokelau,2015,oil,0.144,0.096
TKL,Tokelau,2015,solar,0.93,1.51
TKL,Tokelau,2016,oil,0.144,0.096
TKL,Tokelau,2016,solar,1.02,1.655
TKL,Tokelau,2017,oil,0.144,0.096
TKL,Tokelau,2017,solar,1.02,1.655
TKL,Tokelau,2018,oil,0.144,0.105
TKL,Tokelau,2018,solar,1.02,1.655
TKL,Tokelau,2019,oil,0.144,0.105
TKL,Tokelau,2019,solar,1.02,1.655
TKL,Tokelau,2019,wind_onshore,0.015,0.039
TKL,Tokelau,2020,oil,0.144,0.105
TKL,Tokelau,2020,solar,1.02,1.655
TKL,Tokelau,2020,wind_onshore,0.015,0.039
TKL,Tokelau,2021,oil,0.144,0.105
TKL,Tokelau,2021,solar,1.02,1.655
TKL,Tokelau,2021,wind_onshore,0.015,0.039
TKL,Tokelau,2022,oil,0.144,0.105
TKL,Tokelau,2022,solar,1.02,1.655
TKL,Tokelau,2022,wind_onshore,0.015,0.039
TKL,Tokelau,2023,oil,0.144,0.105
TKL,Tokelau,2023,solar,1.02,1.655
TKL,Tokelau,2023,wind_onshore,0.015,0.039
TKL,Tokelau,2024,oil,0.144,
TKL,Tokelau,2024,solar,1.02,
TKL,Tokelau,2024,wind_onshore,0.015,
TKM,Turkmenistan,2015,gas,5178.0,22392.704
TKM,Turkmenistan,2015,hydro,1.2,3.154
TKM,Turkmenistan,2016,gas,5178.0,23733.274
TKM,Turkmenistan,2016,hydro,1.2,3.154
TKM,Turkmenistan,2017,gas,5432.4,24745.668
TKM,Turkmenistan,2017,hydro,1.2,3.154
TKM,Turkmenistan,2018,gas,7006.4,31915.553
TKM,Turkmenistan,2018,hydro,1.2,3.154
TKM,Turkmenistan,2019,gas,7006.4,31915.553
TKM,Turkmenistan,2019,hydro,1.2,3.154
TKM,Turkmenistan,2020,gas,6511.2,29659.818
TKM,Turkmenistan,2020,hydro,1.2,3.154
TKM,Turkmenistan,2021,gas,6943.2,31627.665
TKM,Turkmenistan,2021,hydro,2.2,3.154
TKM,Turkmenistan,2022,gas,6943.2,31627.665
TKM,Turkmenistan,2022,hydro,2.2,3.154
TKM,Turkmenistan,2023,gas,7000.0,31886.4
TKM,Turkmenistan,2023,hydro,2.2,3.154
TKM,Turkmenistan,2023,solar,,0.196
TKM,Turkmenistan,2024,gas,7000.0,
TKM,Turkmenistan,2024,hydro,2.2,
TKM,Turkmenistan,2024,solar,0.112,
TLS,Timor-Leste,2015,bio,0.02,0.055
TLS,Timor-Leste,2015,fossil_nes,12.1,13.401
TLS,Timor-Leste,2015,hydro,0.352,1.625
TLS,Timor-Leste,2015,oil,316.268,350.263
TLS,Timor-Leste,2015,solar,1.324,2.053
TLS,Timor-Leste,2016,bio,0.02,0.055
TLS,Timor-Leste,2016,fossil_nes,29.4,38.35
TLS,Timor-Leste,2016,hydro,0.352,1.625
TLS,Timor-Leste,2016,oil,316.268,412.551
TLS,Timor-Leste,2016,solar,1.328,1.593
TLS,Timor-Leste,2017,bio,0.02,0.055
TLS,Timor-Leste,2017,fossil_nes,29.4,39.701
TLS,Timor-Leste,2017,hydro,0.352,1.625
TLS,Timor-Leste,2017,oil,316.268,427.078
TLS,Timor-Leste,2017,solar,1.022,1.119
TLS,Timor-Leste,2018,bio,0.02,0.055
TLS,Timor-Leste,2018,fossil_nes,29.4,41.874
TLS,Timor-Leste,2018,hydro,0.352,1.625
TLS,Timor-Leste,2018,oil,316.268,450.455
TLS,Timor-Leste,2018,solar,0.803,0.78
TLS,Timor-Leste,2019,bio,0.02,0.055
TLS,Timor-Leste,2019,fossil_nes,29.4,47.897
TLS,Timor-Leste,2019,hydro,0.352,1.625
TLS,Timor-Leste,2019,oil,316.268,515.247
TLS,Timor-Leste,2019,solar,0.585,0.442
TLS,Timor-Leste,2020,bio,0.02,0.055
TLS,Timor-Leste,2020,fossil_nes,29.4,46.721
TLS,Timor-Leste,2020,hydro,0.352,
TLS,Timor-Leste,2020,oil,316.268,502.594
TLS,Timor-Leste,2020,solar,0.355,0.085
TLS,Timor-Leste,2021,bio,0.02,0.055
TLS,Timor-Leste,2021,fossil_nes,29.4,
TLS,Timor-Leste,2021,hydro,0.352,
TLS,Timor-Leste,2021,oil,316.268,555.208
TLS,Timor-Leste,2021,solar,0.35,0.077
TLS,Timor-Leste,2022,bio,0.02,0.055
TLS,Timor-Leste,2022,fossil_nes,29.4,
TLS,Timor-Leste,2022,hydro,0.352,
TLS,Timor-Leste,2022,oil,316.268,548.55
TLS,Timor-Leste,2022,solar,0.389,0.138
TLS,Timor-Leste,2023,bio,0.05,0.055
TLS,Timor-Leste,2023,fossil_nes,29.4,
TLS,Timor-Leste,2023,hydro,0.352,
TLS,Timor-Leste,2023,oil,316.268,574.957
TLS,Timor-Leste,2023,solar,0.405,0.142
TLS,Timor-Leste,2024,bio,0.05,
TLS,Timor-Leste,2024,hydro,0.352,
TLS,Timor-Leste,2024,oil,345.668,
TLS,Timor-Leste,2024,solar,0.405,
TON,Tonga,2015,oil,15.432,53.451
TON,Tonga,2015,solar,3.75,4.56
TON,Tonga,2015,wind_onshore,0.022,0.018
TON,Tonga,2016,oil,15.432,58.262
TON,Tonga,2016,solar,4.536,5.301
TON,Tonga,2016,wind_onshore,0.022,0.029
TON,Tonga,2017,oil,15.432,60.282
TON,Tonga,2017,solar,6.703,6.142
TON,Tonga,2017,wind_onshore,0.022,0.018
TON,Tonga,2018,oil,15.432,61.304
TON,Tonga,2018,solar,7.009,7.359
TON,Tonga,2018,wind_onshore,0.022,0.119
TON,Tonga,2019,oil,15.432,63.344
TON,Tonga,2019,solar,7.009,7.795
TON,Tonga,2019,wind_onshore,1.397,1.431
TON,Tonga,2020,oil,15.432,64.182
TON,Tonga,2020,solar,7.009,7.875
TON,Tonga,2020,wind_onshore,1.397,2.626
TON,Tonga,2021,oil,18.14,67.475
TON,Tonga,2021,solar,7.009,7.2
TON,Tonga,2021,wind_onshore,1.397,1.969
TON,Tonga,2022,oil,17.51,69.63
TON,Tonga,2022,solar,14.299,8.643
TON,Tonga,2022,wind_onshore,1.397,1.373
TON,Tonga,2023,oil,17.61,69.317
TON,Tonga,2023,solar,15.099,10.748
TON,Tonga,2023,wind_onshore,1.397,1.434
TON,Tonga,2024,oil,19.61,
TON,Tonga,2024,solar,15.533,
TON,Tonga,2024,wind_onshore,1.397,
TTO,Trinidad and Tobago,2015,gas,2212.5,10199.154
TTO,Trinidad and Tobago,2015,oil,12.5,57.622
TTO,Trinidad and Tobago,2015,other,8.5,39.183
TTO,Trinidad and Tobago,2015,solar,4.001,6.228
TTO,Trinidad and Tobago,2015,wind_onshore,0.01,0.027
TTO,Trinidad and Tobago,2016,gas,2013.5,9902.719
TTO,Trinidad and Tobago,2016,oil,12.5,61.477
TTO,Trinidad and Tobago,2016,other,8.5,41.804
TTO,Trinidad and Tobago,2016,solar,4.001,6.228
TTO,Trinidad and Tobago,2016,wind_onshore,0.01,0.027
TTO,Trinidad and Tobago,2017,gas,2018.5,9825.775
TTO,Trinidad and Tobago,2017,oil,12.5,60.848
TTO,Trinidad and Tobago,2017,other,8.5,41.377
TTO,Trinidad and Tobago,2017,solar,4.001,6.228
TTO,Trinidad and Tobago,2017,wind_onshore,0.01,0.027
TTO,Trinidad and Tobago,2018,gas,2036.5,9125.896
TTO,Trinidad and Tobago,2018,oil,12.5,56.015
TTO,Trinidad and Tobago,2018,other,8.5,38.09
TTO,Trinidad and Tobago,2018,solar,4.001,6.228
TTO,Trinidad and Tobago,2018,wind_onshore,0.01,0.027
TTO,Trinidad and Tobago,2019,gas,2006.5,9088.995
TTO,Trinidad and Tobago,2019,oil,12.5,56.622
TTO,Trinidad and Tobago,2019,other,8.5,38.503
TTO,Trinidad and Tobago,2019,solar,4.001,6.228
TTO,Trinidad and Tobago,2019,wind_onshore,0.01,0.027
TTO,Trinidad and Tobago,2020,gas,2404.2,9145.12
TTO,Trinidad and Tobago,2020,oil,12.5,47.548
TTO,Trinidad and Tobago,2020,other,8.5,32.332
TTO,Trinidad and Tobago,2020,solar,4.001,6.228
TTO,Trinidad and Tobago,2020,wind_onshore,0.01,0.027
TTO,Trinidad and Tobago,2021,gas,2019.25,9166.371
TTO,Trinidad and Tobago,2021,oil,12.5,56.744
TTO,Trinidad and Tobago,2021,other,8.5,38.586
TTO,Trinidad and Tobago,2021,solar,4.101,6.228
TTO,Trinidad and Tobago,2021,wind_onshore,0.01,0.027
TTO,Trinidad and Tobago,2022,gas,2019.25,9395.527
TTO,Trinidad and Tobago,2022,oil,12.5,58.162
TTO,Trinidad and Tobago,2022,other,8.5,39.55
TTO,Trinidad and Tobago,2022,solar,4.101,6.228
TTO,Trinidad and Tobago,2022,wind_onshore,0.01,0.027
TTO,Trinidad and Tobago,2023,gas,2019.25,9334.334
TTO,Trinidad and Tobago,2023,oil,12.5,57.783
TTO,Trinidad and Tobago,2023,other,8.5,39.293
TTO,Trinidad and Tobago,2023,solar,4.106,6.228
TTO,Trinidad and Tobago,2023,wind_onshore,0.01,0.027
TTO,Trinidad and Tobago,2024,gas,2019.25,
TTO,Trinidad and Tobago,2024,oil,12.5,
TTO,Trinidad and Tobago,2024,other,8.5,
TTO,Trinidad and Tobago,2024,solar,4.624,
TTO,Trinidad and Tobago,2024,wind_onshore,0.01,
TUN,Tunisia,2015,fossil_nes,4649.0,188.0
TUN,Tunisia,2015,gas,,18017.0
TUN,Tunisia,2015,hydro,62.0,70.0
TUN,Tunisia,2015,oil,,913.0
TUN,Tunisia,2015,solar,27.543,44.0
TUN,Tunisia,2015,wind_onshore,240.0,448.0
TUN,Tunisia,2016,fossil_nes,,224.0
TUN,Tunisia,2016,gas,3882.0,18962.0
TUN,Tunisia,2016,hydro,62.0,45.0
TUN,Tunisia,2016,oil,1020.0,41.0
TUN,Tunisia,2016,solar,38.078,67.0
TUN,Tunisia,2016,wind_onshore,240.0,474.0
TUN,Tunisia,2017,fossil_nes,,276.0
TUN,Tunisia,2017,gas,4087.0,19780.0
TUN,Tunisia,2017,hydro,62.0,17.0
TUN,Tunisia,2017,oil,920.0,51.0
TUN,Tunisia,2017,solar,47.091,137.0
TUN,Tunisia,2017,wind_onshore,240.0,449.0
TUN,Tunisia,2018,fossil_nes,,283.0
TUN,Tunisia,2018,gas,4114.0,20037.0
TUN,Tunisia,2018,hydro,66.0,17.0
TUN,Tunisia,2018,oil,660.0,47.0
TUN,Tunisia,2018,solar,63.764,178.0
TUN,Tunisia,2018,wind_onshore,245.0,453.0
TUN,Tunisia,2019,fossil_nes,,286.0
TUN,Tunisia,2019,gas,4410.0,20941.0
TUN,Tunisia,2019,hydro,66.0,66.0
TUN,Tunisia,2019,oil,660.0,45.0
TUN,Tunisia,2019,solar,80.096,258.0
TUN,Tunisia,2019,wind_onshore,245.0,500.0
TUN,Tunisia,2020,gas,4962.0,20307.0
TUN,Tunisia,2020,hydro,66.0,46.0
TUN,Tunisia,2020,oil,660.0,19.9
TUN,Tunisia,2020,solar,96.496,349.0
TUN,Tunisia,2020,wind_onshore,245.0,465.0
TUN,Tunisia,2021,gas,4962.0,20967.0
TUN,Tunisia,2021,hydro,66.0,28.2
TUN,Tunisia,2021,oil,660.0,32.0
TUN,Tunisia,2021,solar,96.528,483.0
TUN,Tunisia,2021,wind_onshore,245.0,425.1
TUN,Tunisia,2022,gas,5412.0,20523.0
TUN,Tunisia,2022,hydro,66.0,14.9
TUN,Tunisia,2022,oil,660.0,30.0
TUN,Tunisia,2022,solar,198.92,542.1
TUN,Tunisia,2022,wind_onshore,245.0,322.0
TUN,Tunisia,2023,gas,5412.0,18875.0
TUN,Tunisia,2023,hydro,66.0,9.2
TUN,Tunisia,2023,oil,660.0,30.0
TUN,Tunisia,2023,solar,507.92,914.0
TUN,Tunisia,2023,wind_onshore,245.0,338.0
TUN,Tunisia,2024,gas,5412.0,
TUN,Tunisia,2024,hydro,66.0,
TUN,Tunisia,2024,oil,660.0,
TUN,Tunisia,2024,solar,774.92,
TUN,Tunisia,2024,wind_onshore,245.0,
TUR,Türkiye,2015,bio,271.0,1241.0
TUR,Türkiye,2015,coal,,76166.0
TUR,Türkiye,2015,fossil_nes,41533.0,
TUR,Türkiye,2015,gas,,99218.0
TUR,Türkiye,2015,geothermal,624.0,3424.999
TUR,Türkiye,2015,hydro,25868.0,67145.605
TUR,Türkiye,2015,oil,,2224.0
TUR,Türkiye,2015,other,99.0,517.0
TUR,Türkiye,2015,solar,250.0,197.126
TUR,Türkiye,2015,wind_onshore,4503.0,11652.487
TUR,Türkiye,2016,bio,359.0,1635.0
TUR,Türkiye,2016,coal,,92273.0
TUR,Türkiye,2016,fossil_nes,43913.0,
TUR,Türkiye,2016,gas,,89227.0
TUR,Türkiye,2016,geothermal,821.0,4818.524
TUR,Türkiye,2016,hydro,26681.0,67230.883
TUR,Türkiye,2016,oil,,1926.0
TUR,Türkiye,2016,other,139.0,737.0
TUR,Türkiye,2016,solar,834.0,1046.204
TUR,Türkiye,2016,wind_onshore,5751.0,15517.087
TUR,Türkiye,2017,bio,471.8,2096.373
TUR,Türkiye,2017,coal,,97476.295
TUR,Türkiye,2017,fossil_nes,46284.505,
TUR,Türkiye,2017,gas,,110489.981
TUR,Türkiye,2017,geothermal,1063.7,6127.482
TUR,Türkiye,2017,hydro,27273.1,58218.462
TUR,Türkiye,2017,oil,,1199.878
TUR,Türkiye,2017,other,170.025,875.936
TUR,Türkiye,2017,solar,3421.7,2892.368
TUR,Türkiye,2017,wind_onshore,6516.15,17903.815
TUR,Türkiye,2018,bio,587.489,2649.515
TUR,Türkiye,2018,coal,,113248.625
TUR,Türkiye,2018,fossil_nes,46089.756,
TUR,Türkiye,2018,gas,,92482.815
TUR,Türkiye,2018,geothermal,1282.518,7430.976
TUR,Türkiye,2018,hydro,28291.392,59938.425
TUR,Türkiye,2018,oil,,329.116
TUR,Türkiye,2018,other,231.404,973.408
TUR,Türkiye,2018,solar,5063.608,7802.864
TUR,Türkiye,2018,wind_onshore,7005.386,19949.196
TUR,Türkiye,2019,bio,783.535,3505.711
TUR,Türkiye,2019,coal,,112894.124
TUR,Türkiye,2019,fossil_nes,46492.449,
TUR,Türkiye,2019,gas,,57288.201
TUR,Türkiye,2019,geothermal,1514.688,8951.74
TUR,Türkiye,2019,hydro,28503.008,88822.776
TUR,Türkiye,2019,oil,,336.004
TUR,Türkiye,2019,other,387.001,1118.463
TUR,Türkiye,2019,solar,5996.155,9252.894
TUR,Türkiye,2019,wind_onshore,7591.156,21730.713
TUR,Türkiye,2020,bio,1097.482,4444.595
TUR,Türkiye,2020,coal,,105812.004
TUR,Türkiye,2020,fossil_nes,46290.921,
TUR,Türkiye,2020,gas,,70931.333
TUR,Türkiye,2020,geothermal,1613.188,10027.697
TUR,Türkiye,2020,hydro,30983.901,78094.369
TUR,Türkiye,2020,oil,,322.66
TUR,Türkiye,2020,other,405.302,1292.033
TUR,Türkiye,2020,solar,6668.418,10953.246
TUR,Türkiye,2020,wind_onshore,8832.395,24828.222
TUR,Türkiye,2021,bio,1582.971,6452.649
TUR,Türkiye,2021,coal,,103382.08
TUR,Türkiye,2021,fossil_nes,46177.199,
TUR,Türkiye,2021,gas,,111180.755
TUR,Türkiye,2021,geothermal,1676.17,10793.228
TUR,Türkiye,2021,hydro,31492.578,55926.81
TUR,Türkiye,2021,oil,,281.487
TUR,Türkiye,2021,other,468.09,1326.493
TUR,Türkiye,2021,solar,7816.63,13945.926
TUR,Türkiye,2021,wind_onshore,10606.975,31436.749
TUR,Türkiye,2022,bio,1861.067,8073.11
TUR,Türkiye,2022,coal,,112879.77
TUR,Türkiye,2022,fossil_nes,47370.189,
TUR,Türkiye,2022,gas,,75058.653
TUR,Türkiye,2022,geothermal,1691.338,11118.795
TUR,Türkiye,2022,hydro,31571.485,66802.497
TUR,Türkiye,2022,oil,,1234.038
TUR,Türkiye,2022,other,493.576,1379.459
TUR,Türkiye,2022,solar,9426.44,16890.637
TUR,Türkiye,2022,wind_onshore,11396.164,34945.448
TUR,Türkiye,2023,bio,2010.443,8718.606
TUR,Türkiye,2023,coal,,119060.378
TUR,Türkiye,2023,fossil_nes,47390.189,
TUR,Türkiye,2023,gas,,69453.8
TUR,Türkiye,2023,geothermal,1691.338,11102.076
TUR,Türkiye,2023,hydro,31962.44,64002.447
TUR,Türkiye,2023,oil,,1205.852
TUR,Türkiye,2023,other,493.576,1406.126
TUR,Türkiye,2023,solar,11293.44,22093.627
TUR,Türkiye,2023,wind_onshore,11806.07,34109.049
TUR,Türkiye,2024,bio,2006.443,
TUR,Türkiye,2024,fossil_nes,46811.189,
TUR,Türkiye,2024,geothermal,1734.338,
TUR,Türkiye,2024,hydro,32386.44,
TUR,Türkiye,2024,other,493.576,
TUR,Türkiye,2024,solar,19883.44,
TUR,Türkiye,2024,wind_onshore,12973.07,
TUV,Tuvalu,2015,oil,5.28,6.183
TUV,Tuvalu,2015,solar,3.623,0.808
TUV,Tuvalu,2016,oil,3.135,6.4
TUV,Tuvalu,2016,solar,3.631,1.98
TUV,Tuvalu,2017,oil,3.135,6.524
TUV,Tuvalu,2017,solar,3.644,1.984
TUV,Tuvalu,2018,oil,3.135,7.131
TUV,Tuvalu,2018,solar,3.655,1.699
TUV,Tuvalu,2019,oil,3.135,7.562
TUV,Tuvalu,2019,solar,3.655,1.791
TUV,Tuvalu,2020,oil,3.135,8.137
TUV,Tuvalu,2020,solar,3.729,1.528
TUV,Tuvalu,2021,oil,3.135,8.472
TUV,Tuvalu,2021,solar,3.729,1.528
TUV,Tuvalu,2022,oil,3.135,9.602
TUV,Tuvalu,2022,solar,3.729,1.922
TUV,Tuvalu,2023,oil,3.135,9.602
TUV,Tuvalu,2023,solar,3.829,2.096
TUV,Tuvalu,2024,oil,3.135,
TUV,Tuvalu,2024,solar,4.553,
TWN,Chinese Taipei,2015,bio,394.58,1941.087
TWN,Chinese Taipei,2015,coal,16789.6,117158.8
TWN,Chinese Taipei,2015,gas,15968.4,79009.0
TWN,Chinese Taipei,2015,hydro,2089.3,4470.146
TWN,Chinese Taipei,2015,nuclear,5144.0,36471.1
TWN,Chinese Taipei,2015,oil,3832.1,11989.2
TWN,Chinese Taipei,2015,other,314.55,1692.096
TWN,Chinese Taipei,2015,pumped,2602.0,3035.0
TWN,Chinese Taipei,2015,solar,884.3,850.268
TWN,Chinese Taipei,2015,wind_onshore,646.69,1525.236
TWN,Chinese Taipei,2016,bio,394.58,1906.332
TWN,Chinese Taipei,2016,coal,17609.6,121225.0
TWN,Chinese Taipei,2016,gas,15668.4,83303.6
TWN,Chinese Taipei,2016,hydro,2089.3,6562.041
TWN,Chinese Taipei,2016,nuclear,5144.0,31661.4
TWN,Chinese Taipei,2016,oil,3829.8,11891.3
TWN,Chinese Taipei,2016,other,314.55,1698.276
TWN,Chinese Taipei,2016,pumped,2602.0,3293.7
TWN,Chinese Taipei,2016,solar,1245.1,1109.005
TWN,Chinese Taipei,2016,wind_onshore,682.09,1457.102
TWN,Chinese Taipei,2017,bio,394.58,1862.085
TWN,Chinese Taipei,2017,coal,18350.9,127949.5
TWN,Chinese Taipei,2017,gas,14904.6,91441.7
TWN,Chinese Taipei,2017,hydro,2089.3,5446.815
TWN,Chinese Taipei,2017,nuclear,5144.0,22445.5
TWN,Chinese Taipei,2017,oil,3026.0,12716.7
TWN,Chinese Taipei,2017,other,314.55,1670.5
TWN,Chinese Taipei,2017,pumped,2602.0,3333.7
TWN,Chinese Taipei,2017,solar,1767.7,1667.453
TWN,Chinese Taipei,2017,wind_offshore,8.0,20.381
TWN,Chinese Taipei,2017,wind_onshore,684.39,1702.078
TWN,Chinese Taipei,2018,bio,396.594,1974.947
TWN,Chinese Taipei,2018,coal,19325.1,131256.7
TWN,Chinese Taipei,2018,gas,16893.6,92409.0
TWN,Chinese Taipei,2018,geothermal,0.03,0.002
TWN,Chinese Taipei,2018,hydro,2091.5,4481.645
TWN,Chinese Taipei,2018,nuclear,4508.0,27678.3
TWN,Chinese Taipei,2018,oil,3081.7,8171.4
TWN,Chinese Taipei,2018,other,315.95,1783.298
TWN,Chinese Taipei,2018,pumped,2602.0,3370.8
TWN,Chinese Taipei,2018,solar,2738.1,2703.658
TWN,Chinese Taipei,2018,wind_offshore,8.0,26.71
TWN,Chinese Taipei,2018,wind_onshore,705.151,1682.777
TWN,Chinese Taipei,2019,bio,394.961,1993.952
TWN,Chinese Taipei,2019,coal,21008.2,126400.8
TWN,Chinese Taipei,2019,gas,17786.2,91145.5
TWN,Chinese Taipei,2019,geothermal,0.3,0.757
TWN,Chinese Taipei,2019,hydro,2092.5,5544.796
TWN,Chinese Taipei,2019,nuclear,3872.0,32323.4
TWN,Chinese Taipei,2019,oil,3071.7,5849.6
TWN,Chinese Taipei,2019,other,315.95,1817.431
TWN,Chinese Taipei,2019,pumped,2602.0,3208.1
TWN,Chinese Taipei,2019,solar,4149.5,4017.031
TWN,Chinese Taipei,2019,wind_offshore,128.0,176.377
TWN,Chinese Taipei,2019,wind_onshore,717.159,1715.855
TWN,Chinese Taipei,2020,bio,402.205,1996.626
TWN,Chinese Taipei,2020,coal,21008.2,125907.4
TWN,Chinese Taipei,2020,gas,18678.7,99887.3
TWN,Chinese Taipei,2020,geothermal,0.3,1.912
TWN,Chinese Taipei,2020,hydro,2093.2,3019.152
TWN,Chinese Taipei,2020,nuclear,3872.0,31440.2
TWN,Chinese Taipei,2020,oil,2095.1,4419.6
TWN,Chinese Taipei,2020,other,315.95,1784.872
TWN,Chinese Taipei,2020,pumped,2602.0,3158.9
TWN,Chinese Taipei,2020,solar,5817.2,6074.674
TWN,Chinese Taipei,2020,wind_offshore,128.0,516.081
TWN,Chinese Taipei,2020,wind_onshore,809.115,1792.791
TWN,Chinese Taipei,2021,bio,401.124,2003.964
TWN,Chinese Taipei,2021,coal,20994.5,128840.4
TWN,Chinese Taipei,2021,gas,19215.7,108358.8
TWN,Chinese Taipei,2021,geothermal,4.5,9.074
TWN,Chinese Taipei,2021,hydro,2093.9,3474.662
TWN,Chinese Taipei,2021,nuclear,2887.0,27787.9
TWN,Chinese Taipei,2021,oil,2091.6,5331.1
TWN,Chinese Taipei,2021,other,315.95,1802.257
TWN,Chinese Taipei,2021,pumped,2602.0,3184.0
TWN,Chinese Taipei,2021,solar,7700.2,7970.19
TWN,Chinese Taipei,2021,wind_offshore,269.2,569.304
TWN,Chinese Taipei,2021,wind_onshore,824.968,1701.48
TWN,Chinese Taipei,2022,bio,407.656,1966.86
TWN,Chinese Taipei,2022,coal,20994.5,121027.9
TWN,Chinese Taipei,2022,gas,19221.7,112005.9
TWN,Chinese Taipei,2022,geothermal,4.999,25.008
TWN,Chinese Taipei,2022,hydro,2098.0,5836.503
TWN,Chinese Taipei,2022,nuclear,2887.0,23754.8
TWN,Chinese Taipei,2022,oil,2106.0,4449.5
TWN,Chinese Taipei,2022,other,315.95,1802.564
TWN,Chinese Taipei,2022,pumped,2602.0,3062.2
TWN,Chinese Taipei,2022,solar,9723.7,10676.988
TWN,Chinese Taipei,2022,wind_offshore,744.806,1494.678
TWN,Chinese Taipei,2022,wind_onshore,836.249,2082.798
TWN,Chinese Taipei,2023,bio,416.009,1988.338
TWN,Chinese Taipei,2023,coal,20504.4,119157.1
TWN,Chinese Taipei,2023,gas,18972.8,111629.6
TWN,Chinese Taipei,2023,geothermal,7.289,23.164
TWN,Chinese Taipei,2023,hydro,2103.7,3963.022
TWN,Chinese Taipei,2023,nuclear,1902.0,17802.0
TWN,Chinese Taipei,2023,oil,2107.5,3775.6
TWN,Chinese Taipei,2023,other,333.25,1749.726
TWN,Chinese Taipei,2023,pumped,2602.0,3051.1
TWN,Chinese Taipei,2023,solar,12417.7,12908.69
TWN,Chinese Taipei,2023,wind_offshore,1763.239,4497.273
TWN,Chinese Taipei,2023,wind_onshore,914.183,1741.014
TWN,Chinese Taipei,2024,bio,417.584,
TWN,Chinese Taipei,2024,coal,19885.344,
TWN,Chinese Taipei,2024,gas,21196.42,
TWN,Chinese Taipei,2024,geothermal,7.489,
TWN,Chinese Taipei,2024,hydro,2122.624,
TWN,Chinese Taipei,2024,nuclear,951.0,
TWN,Chinese Taipei,2024,oil,2107.451,
TWN,Chinese Taipei,2024,other,333.232,
TWN,Chinese Taipei,2024,pumped,2602.0,
TWN,Chinese Taipei,2024,solar,14281.145,
TWN,Chinese Taipei,2024,wind_offshore,2962.843,
TWN,Chinese Taipei,2024,wind_onshore,927.404,
TZA,United Republic of Tanzania (the),2015,bio,67.66,137.231
TZA,United Republic of Tanzania (the),2015,gas,583.0,2959.0
TZA,United Republic of Tanzania (the),2015,hydro,579.245,2162.394
TZA,United Republic of Tanzania (the),2015,oil,254.75,1286.1
TZA,United Republic of Tanzania (the),2015,solar,12.766,21.958
TZA,United Republic of Tanzania (the),2016,bio,67.685,143.841
TZA,United Republic of Tanzania (the),2016,gas,607.0,4196.5
TZA,United Republic of Tanzania (the),2016,hydro,587.145,2442.119
TZA,United Republic of Tanzania (the),2016,oil,214.6,380.0
TZA,United Republic of Tanzania (the),2016,solar,12.366,21.268
TZA,United Republic of Tanzania (the),2017,bio,70.185,149.391
TZA,United Republic of Tanzania (the),2017,gas,615.0,4322.2
TZA,United Republic of Tanzania (the),2017,hydro,589.135,2430.097
TZA,United Republic of Tanzania (the),2017,oil,111.6,283.5
TZA,United Republic of Tanzania (the),2017,solar,13.249,22.788
TZA,United Republic of Tanzania (the),2018,bio,70.185,152.266
TZA,United Republic of Tanzania (the),2018,gas,892.7,4869.6
TZA,United Republic of Tanzania (the),2018,hydro,595.135,2314.497
TZA,United Republic of Tanzania (the),2018,oil,118.676,97.6
TZA,United Republic of Tanzania (the),2018,solar,17.519,30.132
TZA,United Republic of Tanzania (the),2019,bio,70.185,162.591
TZA,United Republic of Tanzania (the),2019,gas,892.7,5114.1
TZA,United Republic of Tanzania (the),2019,hydro,596.035,2560.964
TZA,United Republic of Tanzania (the),2019,oil,118.676,63.7
TZA,United Republic of Tanzania (the),2019,solar,15.574,26.788
TZA,United Republic of Tanzania (the),2020,bio,70.185,157.889
TZA,United Republic of Tanzania (the),2020,gas,892.7,4509.1
TZA,United Republic of Tanzania (the),2020,hydro,597.735,3229.124
TZA,United Republic of Tanzania (the),2020,oil,130.476,63.1
TZA,United Republic of Tanzania (the),2020,solar,16.806,28.906
TZA,United Republic of Tanzania (the),2020,wind_onshore,2.4,4.205
TZA,United Republic of Tanzania (the),2021,bio,70.185,157.03
TZA,United Republic of Tanzania (the),2021,gas,1021.3,5237.1
TZA,United Republic of Tanzania (the),2021,hydro,599.135,3163.035
TZA,United Republic of Tanzania (the),2021,oil,129.776,83.5
TZA,United Republic of Tanzania (the),2021,solar,19.192,33.009
TZA,United Republic of Tanzania (the),2021,wind_onshore,2.4,4.205
TZA,United Republic of Tanzania (the),2022,bio,70.185,157.105
TZA,United Republic of Tanzania (the),2022,gas,1103.8,6676.8
TZA,United Republic of Tanzania (the),2022,hydro,599.455,2645.192
TZA,United Republic of Tanzania (the),2022,oil,129.776,77.6
TZA,United Republic of Tanzania (the),2022,solar,19.955,34.323
TZA,United Republic of Tanzania (the),2022,wind_onshore,2.4,4.205
TZA,United Republic of Tanzania (the),2023,bio,70.185,165.718
TZA,United Republic of Tanzania (the),2023,gas,1148.8,7381.1
TZA,United Republic of Tanzania (the),2023,hydro,680.455,2693.392
TZA,United Republic of Tanzania (the),2023,oil,130.176,62.1
TZA,United Republic of Tanzania (the),2023,solar,19.626,33.757
TZA,United Republic of Tanzania (the),2023,wind_onshore,2.4,4.205
TZA,United Republic of Tanzania (the),2024,bio,70.185,
TZA,United Republic of Tanzania (the),2024,gas,1148.8,
TZA,United Republic of Tanzania (the),2024,hydro,1385.455,
TZA,United Republic of Tanzania (the),2024,oil,130.176,
TZA,United Republic of Tanzania (the),2024,solar,19.626,
TZA,United Republic of Tanzania (the),2024,wind_onshore,2.4,
UGA,Uganda,2015,bio,64.5,275.75
UGA,Uganda,2015,hydro,695.002,3084.312
UGA,Uganda,2015,oil,136.0,88.683
UGA,Uganda,2015,solar,5.241,7.443
UGA,Uganda,2016,bio,64.5,281.5
UGA,Uganda,2016,hydro,695.002,3218.512
UGA,Uganda,2016,oil,136.0,66.2
UGA,Uganda,2016,solar,7.797,14.67
UGA,Uganda,2017,bio,76.4,256.34
UGA,Uganda,2017,hydro,706.882,3368.813
UGA,Uganda,2017,oil,137.08,242.002
UGA,Uganda,2017,solar,27.954,37.758
UGA,Uganda,2018,bio,96.2,316.52
UGA,Uganda,2018,hydro,744.286,3566.731
UGA,Uganda,2018,oil,102.68,234.729
UGA,Uganda,2018,solar,54.411,52.02
UGA,Uganda,2019,bio,96.2,306.778
UGA,Uganda,2019,hydro,1004.506,3968.306
UGA,Uganda,2019,oil,102.68,105.802
UGA,Uganda,2019,solar,67.693,104.379
UGA,Uganda,2020,bio,96.2,295.484
UGA,Uganda,2020,hydro,1011.006,3989.519
UGA,Uganda,2020,oil,101.08,58.14
UGA,Uganda,2020,solar,77.764,112.023
UGA,Uganda,2021,bio,96.2,384.5
UGA,Uganda,2021,hydro,1011.006,4263.101
UGA,Uganda,2021,oil,101.08,104.954
UGA,Uganda,2021,solar,80.07,125.082
UGA,Uganda,2022,bio,96.2,487.58
UGA,Uganda,2022,hydro,1032.806,4831.841
UGA,Uganda,2022,oil,101.08,15.294
UGA,Uganda,2022,solar,84.925,122.696
UGA,Uganda,2023,bio,96.2,486.993
UGA,Uganda,2023,hydro,1432.926,4832.41
UGA,Uganda,2023,oil,101.08,15.294
UGA,Uganda,2023,solar,84.524,122.126
UGA,Uganda,2024,bio,96.2,
UGA,Uganda,2024,hydro,1637.126,
UGA,Uganda,2024,oil,103.08,
UGA,Uganda,2024,solar,84.524,
UKR,Ukraine,2015,bio,53.2,199.0
UKR,Ukraine,2015,coal,,56062.0
UKR,Ukraine,2015,fossil_nes,35335.0,
UKR,Ukraine,2015,gas,,10102.0
UKR,Ukraine,2015,hydro,4697.0,5396.5
UKR,Ukraine,2015,nuclear,13835.0,87627.0
UKR,Ukraine,2015,oil,,746.0
UKR,Ukraine,2015,other,,468.6
UKR,Ukraine,2015,pumped,1186.0,1574.0
UKR,Ukraine,2015,solar,841.2,917.219
UKR,Ukraine,2015,wind_onshore,513.9,1306.773
UKR,Ukraine,2016,bio,60.0,169.0
UKR,Ukraine,2016,coal,,61213.0
UKR,Ukraine,2016,fossil_nes,36400.0,
UKR,Ukraine,2016,gas,,9831.0
UKR,Ukraine,2016,hydro,4658.0,7670.9
UKR,Ukraine,2016,nuclear,13835.0,80950.0
UKR,Ukraine,2016,oil,,1615.0
UKR,Ukraine,2016,other,,79.9
UKR,Ukraine,2016,pumped,1509.0,1633.0
UKR,Ukraine,2016,solar,954.7,939.972
UKR,Ukraine,2016,wind_onshore,526.0,1169.024
UKR,Ukraine,2017,bio,73.0,210.883
UKR,Ukraine,2017,coal,,49269.0
UKR,Ukraine,2017,fossil_nes,31492.0,
UKR,Ukraine,2017,gas,,7380.0
UKR,Ukraine,2017,hydro,4704.0,8945.5
UKR,Ukraine,2017,nuclear,13835.0,85576.2
UKR,Ukraine,2017,oil,,1314.0
UKR,Ukraine,2017,other,,43.5
UKR,Ukraine,2017,pumped,1509.0,1585.7
UKR,Ukraine,2017,solar,1200.0,1183.166
UKR,Ukraine,2017,wind_onshore,553.0,1818.581
UKR,Ukraine,2018,bio,97.62,300.501
UKR,Ukraine,2018,coal,,49022.9
UKR,Ukraine,2018,fossil_nes,29753.0,
UKR,Ukraine,2018,gas,,10570.5
UKR,Ukraine,2018,hydro,4734.0,10427.7
UKR,Ukraine,2018,nuclear,13835.0,84398.1
UKR,Ukraine,2018,oil,,1221.0
UKR,Ukraine,2018,other,,37.2
UKR,Ukraine,2018,pumped,1509.0,1579.0
UKR,Ukraine,2018,solar,2002.688,1632.121
UKR,Ukraine,2018,wind_onshore,620.77,1399.185
UKR,Ukraine,2019,bio,180.0,406.9
UKR,Ukraine,2019,coal,,45400.2
UKR,Ukraine,2019,fossil_nes,28535.0,
UKR,Ukraine,2019,gas,,11927.0
UKR,Ukraine,2019,hydro,4816.0,6508.3
UKR,Ukraine,2019,nuclear,13835.0,83002.7
UKR,Ukraine,2019,oil,,467.0
UKR,Ukraine,2019,other,,129.1
UKR,Ukraine,2019,pumped,1509.0,1346.8
UKR,Ukraine,2019,solar,5935.688,3674.807
UKR,Ukraine,2019,wind_onshore,1257.77,2244.41
UKR,Ukraine,2020,bio,212.0,755.4
UKR,Ukraine,2020,coal,,40040.6
UKR,Ukraine,2020,fossil_nes,28664.0,
UKR,Ukraine,2020,gas,,14194.8
UKR,Ukraine,2020,hydro,4819.0,5728.8
UKR,Ukraine,2020,nuclear,13835.0,76202.7
UKR,Ukraine,2020,oil,,252.0
UKR,Ukraine,2020,other,,129.1
UKR,Ukraine,2020,pumped,1515.0,1835.0
UKR,Ukraine,2020,solar,7331.0,7141.437
UKR,Ukraine,2020,wind_onshore,1402.0,3510.607
UKR,Ukraine,2021,bio,275.0,755.4
UKR,Ukraine,2021,coal,,36525.371
UKR,Ukraine,2021,fossil_nes,28664.0,
UKR,Ukraine,2021,gas,,14341.997
UKR,Ukraine,2021,hydro,4823.0,6666.533
UKR,Ukraine,2021,nuclear,13835.0,86206.4
UKR,Ukraine,2021,oil,,198.067
UKR,Ukraine,2021,other,,129.1
UKR,Ukraine,2021,pumped,1839.0,1835.0
UKR,Ukraine,2021,solar,8062.0,7853.535
UKR,Ukraine,2021,wind_onshore,1761.0,3040.465
UKR,Ukraine,2022,bio,275.0,661.46
UKR,Ukraine,2022,coal,,23342.71
UKR,Ukraine,2022,fossil_nes,28664.0,
UKR,Ukraine,2022,gas,,5333.058
UKR,Ukraine,2022,hydro,4823.0,7099.858
UKR,Ukraine,2022,nuclear,13835.0,62068.608
UKR,Ukraine,2022,oil,,225.946
UKR,Ukraine,2022,other,,51.64
UKR,Ukraine,2022,pumped,1839.0,1835.0
UKR,Ukraine,2022,solar,8062.0,7350.056
UKR,Ukraine,2022,wind_onshore,1761.0,766.424
UKR,Ukraine,2023,bio,301.0,727.598
UKR,Ukraine,2023,coal,,22828.038
UKR,Ukraine,2023,fossil_nes,28664.0,
UKR,Ukraine,2023,gas,,6034.341
UKR,Ukraine,2023,hydro,4488.2,8197.774
UKR,Ukraine,2023,nuclear,13835.0,51989.943
UKR,Ukraine,2023,oil,,242.956
UKR,Ukraine,2023,other,,51.64
UKR,Ukraine,2023,pumped,1839.0,1835.0
UKR,Ukraine,2023,solar,8062.0,8046.379
UKR,Ukraine,2023,wind_onshore,1761.0,1108.805
UKR,Ukraine,2024,bio,400.0,
UKR,Ukraine,2024,coal,2500.0,
UKR,Ukraine,2024,gas,875.0,
UKR,Ukraine,2024,hydro,1250.0,
UKR,Ukraine,2024,nuclear,8000.0,
UKR,Ukraine,2024,pumped,1700.0,
UKR,Ukraine,2024,solar,5500.0,
URY,Uruguay,2015,bio,417.0,2396.337
URY,Uruguay,2015,gas,1020.7,1209.239
URY,Uruguay,2015,hydro,1538.0,7854.558
URY,Uruguay,2015,oil,81.0,180.12
URY,Uruguay,2015,solar,64.461,43.853
URY,Uruguay,2015,wind_onshore,856.8,2056.846
URY,Uruguay,2016,bio,417.0,2440.553
URY,Uruguay,2016,gas,565.7,612.509
URY,Uruguay,2016,hydro,1538.0,7601.486
URY,Uruguay,2016,oil,81.0,110.252
URY,Uruguay,2016,solar,88.96,143.968
URY,Uruguay,2016,wind_onshore,1211.5,2985.779
URY,Uruguay,2017,bio,417.0,2561.568
URY,Uruguay,2017,gas,745.7,485.973
URY,Uruguay,2017,hydro,1538.0,7277.007
URY,Uruguay,2017,oil,81.0,50.002
URY,Uruguay,2017,solar,242.628,243.438
URY,Uruguay,2017,wind_onshore,1518.3,3755.92
URY,Uruguay,2018,bio,423.2,2544.115
URY,Uruguay,2018,gas,1105.7,564.574
URY,Uruguay,2018,hydro,1538.0,6290.277
URY,Uruguay,2018,oil,81.0,124.78
URY,Uruguay,2018,solar,248.356,392.784
URY,Uruguay,2018,wind_onshore,1518.3,4718.067
URY,Uruguay,2019,bio,423.2,2516.191
URY,Uruguay,2019,gas,1105.7,423.182
URY,Uruguay,2019,hydro,1538.0,8006.727
URY,Uruguay,2019,oil,71.0,24.162
URY,Uruguay,2019,solar,253.575,395.477
URY,Uruguay,2019,wind_onshore,1523.8,4736.158
URY,Uruguay,2020,bio,423.2,2725.638
URY,Uruguay,2020,gas,1105.7,821.177
URY,Uruguay,2020,hydro,1538.0,4050.939
URY,Uruguay,2020,oil,71.0,119.654
URY,Uruguay,2020,solar,257.825,430.87
URY,Uruguay,2020,wind_onshore,1523.8,5418.134
URY,Uruguay,2021,bio,423.2,2761.71
URY,Uruguay,2021,gas,1105.7,2217.264
URY,Uruguay,2021,hydro,1538.0,5276.912
URY,Uruguay,2021,oil,71.0,292.907
URY,Uruguay,2021,solar,266.37,444.499
URY,Uruguay,2021,wind_onshore,1523.8,4971.301
URY,Uruguay,2022,bio,423.2,2461.502
URY,Uruguay,2022,gas,1105.7,1285.842
URY,Uruguay,2022,hydro,1538.0,5658.587
URY,Uruguay,2022,oil,71.0,143.464
URY,Uruguay,2022,solar,280.32,456.199
URY,Uruguay,2022,wind_onshore,1523.8,4762.818
URY,Uruguay,2023,bio,737.2,3107.299
URY,Uruguay,2023,gas,1105.7,973.936
URY,Uruguay,2023,hydro,1538.0,3513.562
URY,Uruguay,2023,oil,71.0,116.891
URY,Uruguay,2023,solar,300.559,431.284
URY,Uruguay,2023,wind_onshore,1523.8,4742.734
URY,Uruguay,2024,bio,737.2,
URY,Uruguay,2024,gas,1105.7,
URY,Uruguay,2024,hydro,1538.0,
URY,Uruguay,2024,oil,71.0,
URY,Uruguay,2024,solar,329.768,
URY,Uruguay,2024,wind_onshore,1523.8,
USA,United States of America (the),2015,bio,12969.0,70067.001
USA,United States of America (the),2015,coal,281465.0,1470997.0
USA,United States of America (the),2015,gas,439428.0,1372570.0
USA,United States of America (the),2015,geothermal,2542.0,18727.0
USA,United States of America (the),2015,hydro,83374.0,251018.0
USA,United States of America (the),2015,nuclear,98672.0,830288.0
USA,United States of America (the),2015,oil,36555.0,38837.0
USA,United States of America (the),2015,other,2587.005,15917.001
USA,United States of America (the),2015,pumped,18866.0,20111.0
USA,United States of America (the),2015,solar,23442.0,35635.0
USA,United States of America (the),2015,wind_offshore,0.02,0.175
USA,United States of America (the),2015,wind_onshore,72573.0,192991.825
USA,United States of America (the),2016,bio,12903.0,69017.0
USA,United States of America (the),2016,coal,269076.0,1354034.0
USA,United States of America (the),2016,gas,447175.0,1418100.0
USA,United States of America (the),2016,geothermal,2517.0,18584.0
USA,United States of America (the),2016,hydro,83665.0,269670.0
USA,United States of America (the),2016,nuclear,99565.0,839918.0
USA,United States of America (the),2016,oil,34380.0,34759.0
USA,United States of America (the),2016,other,2538.04,15708.011
USA,United States of America (the),2016,pumped,19027.0,22443.0
USA,United States of America (the),2016,solar,34716.0,50334.0
USA,United States of America (the),2016,wind_offshore,29.0,102.667
USA,United States of America (the),2016,wind_onshore,81257.0,229368.333
USA,United States of America (the),2017,bio,12837.9,68857.657
USA,United States of America (the),2017,coal,258923.1,1321420.731
USA,United States of America (the),2017,gas,456442.9,1337703.377
USA,United States of America (the),2017,geothermal,2483.3,18726.464
USA,United States of America (the),2017,hydro,83644.3,302362.244
USA,United States of America (the),2017,nuclear,99628.9,838861.365
USA,United States of America (the),2017,oil,33304.4,32411.571
USA,United States of America (the),2017,other,3296.94,15104.562
USA,United States of America (the),2017,pumped,19058.7,22752.09
USA,United States of America (the),2017,solar,43114.658,70979.619
USA,United States of America (the),2017,wind_offshore,29.3,102.667
USA,United States of America (the),2017,wind_onshore,87568.2,257146.405
USA,United States of America (the),2018,bio,12620.95,67885.297
USA,United States of America (the),2018,coal,245027.9,1272150.124
USA,United States of America (the),2018,gas,472329.8,1519217.51
USA,United States of America (the),2018,geothermal,2444.3,18773.501
USA,United States of America (the),2018,hydro,83721.6,295501.065
USA,United States of America (the),2018,nuclear,99432.9,841328.625
USA,United States of America (the),2018,oil,35822.6,42927.742
USA,United States of America (the),2018,other,2564.65,15132.995
USA,United States of America (the),2018,pumped,19078.5,21502.955
USA,United States of America (the),2018,solar,51570.129,85184.441
USA,United States of America (the),2018,wind_offshore,29.3,102.667
USA,United States of America (the),2018,wind_onshore,94487.4,275731.801
USA,United States of America (the),2019,bio,12057.75,63193.029
USA,United States of America (the),2019,coal,230855.0,1069527.142
USA,United States of America (the),2019,gas,479427.3,1639825.254
USA,United States of America (the),2019,geothermal,2555.4,18363.517
USA,United States of America (the),2019,hydro,83624.1,289798.538
USA,United States of America (the),2019,nuclear,98119.0,843330.055
USA,United States of America (the),2019,oil,35005.7,35790.187
USA,United States of America (the),2019,other,2604.95,15481.947
USA,United States of America (the),2019,pumped,19025.4,20772.396
USA,United States of America (the),2019,solar,60826.503,97478.316
USA,United States of America (the),2019,wind_offshore,29.3,102.667
USA,United States of America (the),2019,wind_onshore,103640.9,298097.453
USA,United States of America (the),2020,bio,11893.7,60269.245
USA,United States of America (the),2020,coal,217527.8,855770.162
USA,United States of America (the),2020,gas,488328.4,1680143.002
USA,United States of America (the),2020,geothermal,2571.9,18830.935
USA,United States of America (the),2020,hydro,83811.3,287139.473
USA,United States of America (the),2020,nuclear,96500.6,823149.528
USA,United States of America (the),2020,oil,31174.7,37410.921
USA,United States of America (the),2020,other,2585.0,15109.964
USA,United States of America (the),2020,pumped,19227.3,21073.444
USA,United States of America (the),2020,solar,75793.478,119328.543
USA,United States of America (the),2020,wind_offshore,29.3,144.715
USA,United States of America (the),2020,wind_onshore,118448.4,341673.568
USA,United States of America (the),2021,bio,11338.8,59581.104
USA,United States of America (the),2021,coal,211412.1,991560.895
USA,United States of America (the),2021,gas,494372.2,1634090.104
USA,United States of America (the),2021,geothermal,2596.7,19076.756
USA,United States of America (the),2021,hydro,84248.7,253478.62
USA,United States of America (the),2021,nuclear,95546.4,811551.478
USA,United States of America (the),2021,oil,31819.5,36125.345
USA,United States of America (the),2021,other,2576.0,14456.988
USA,United States of America (the),2021,pumped,18766.8,20617.57
USA,United States of America (the),2021,solar,94785.656,151323.524
USA,United States of America (the),2021,wind_offshore,41.3,144.715
USA,United States of America (the),2021,wind_onshore,132811.1,382669.282
USA,United States of America (the),2022,bio,11106.3,57147.046
USA,United States of America (the),2022,coal,191498.9,913301.904
USA,United States of America (the),2022,gas,503898.8,1740420.842
USA,United States of America (the),2022,geothermal,2648.6,19142.156
USA,United States of America (the),2022,hydro,84391.8,256601.189
USA,United States of America (the),2022,nuclear,94658.9,803668.567
USA,United States of America (the),2022,oil,34413.8,42512.711
USA,United States of America (the),2022,other,2403.5,13766.004
USA,United States of America (the),2022,pumped,18810.6,22466.102
USA,United States of America (the),2022,solar,112841.918,187071.368
USA,United States of America (the),2022,wind_offshore,41.3,144.715
USA,United States of America (the),2022,wind_onshore,141459.9,439125.507
USA,United States of America (the),2023,bio,10841.6,52346.381
USA,United States of America (the),2023,coal,180207.9,741966.358
USA,United States of America (the),2023,gas,509596.0,1865299.764
USA,United States of America (the),2023,geothermal,2695.8,19499.876
USA,United States of America (the),2023,hydro,84298.6,246756.761
USA,United States of America (the),2023,nuclear,95712.2,808075.918
USA,United States of America (the),2023,oil,33278.6,33107.113
USA,United States of America (the),2023,other,17840.4,19881.737
USA,United States of America (the),2023,pumped,18925.0,22132.376
USA,United States of America (the),2023,solar,139926.6,217531.75
USA,United States of America (the),2023,wind_offshore,41.3,600.235
USA,United States of America (the),2023,wind_onshore,147479.0,425341.041
USA,United States of America (the),2024,bio,10762.2,
USA,United States of America (the),2024,coal,175747.9,
USA,United States of America (the),2024,gas,508181.9,
USA,United States of America (the),2024,geothermal,2725.0,
USA,United States of America (the),2024,hydro,84151.5,
USA,United States of America (the),2024,nuclear,96826.2,
USA,United States of America (the),2024,oil,33073.5,
USA,United States of America (the),2024,other,17840.4,
USA,United States of America (the),2024,pumped,18925.0,
USA,United States of America (the),2024,solar,177594.3,
USA,United States of America (the),2024,wind_offshore,171.3,
USA,United States of America (the),2024,wind_onshore,152481.4,
UZB,Uzbekistan,2015,coal,,2214.0
UZB,Uzbekistan,2015,fossil_nes,11335.38,
UZB,Uzbekistan,2015,gas,,40149.0
UZB,Uzbekistan,2015,hydro,1880.4,8100.0
UZB,Uzbekistan,2015,oil,,277.0
UZB,Uzbekistan,2015,solar,1.13,2.176
UZB,Uzbekistan,2016,coal,,9011.842
UZB,Uzbekistan,2016,fossil_nes,12221.67,
UZB,Uzbekistan,2016,gas,,40929.906
UZB,Uzbekistan,2016,hydro,1880.4,8100.0
UZB,Uzbekistan,2016,oil,,277.0
UZB,Uzbekistan,2016,solar,2.33,4.643
UZB,Uzbekistan,2017,coal,,10784.842
UZB,Uzbekistan,2017,fossil_nes,12516.43,
UZB,Uzbekistan,2017,gas,,40929.906
UZB,Uzbekistan,2017,hydro,1857.5,8100.0
UZB,Uzbekistan,2017,oil,,277.0
UZB,Uzbekistan,2017,solar,3.2,6.29
UZB,Uzbekistan,2017,wind_onshore,0.75,
UZB,Uzbekistan,2018,coal,,11632.604
UZB,Uzbekistan,2018,fossil_nes,12276.47,
UZB,Uzbekistan,2018,gas,,40929.906
UZB,Uzbekistan,2018,hydro,1914.9,5897.3
UZB,Uzbekistan,2018,oil,,277.0
UZB,Uzbekistan,2018,solar,3.5,6.827
UZB,Uzbekistan,2018,wind_onshore,0.75,
UZB,Uzbekistan,2019,coal,,9871.494
UZB,Uzbekistan,2019,fossil_nes,14031.9,
UZB,Uzbekistan,2019,gas,,40929.906
UZB,Uzbekistan,2019,hydro,1907.5,6452.0
UZB,Uzbekistan,2019,oil,,277.0
UZB,Uzbekistan,2019,solar,3.5,0.1
UZB,Uzbekistan,2019,wind_onshore,0.75,15.5
UZB,Uzbekistan,2020,coal,,8960.545
UZB,Uzbekistan,2020,fossil_nes,14620.4,
UZB,Uzbekistan,2020,gas,,38684.415
UZB,Uzbekistan,2020,hydro,2020.6,5000.0
UZB,Uzbekistan,2020,oil,,263.5
UZB,Uzbekistan,2020,solar,3.5,0.3
UZB,Uzbekistan,2020,wind_onshore,0.75,15.5
UZB,Uzbekistan,2021,coal,,12479.741
UZB,Uzbekistan,2021,fossil_nes,14440.3,
UZB,Uzbekistan,2021,gas,,47376.406
UZB,Uzbekistan,2021,hydro,2051.9,5000.0
UZB,Uzbekistan,2021,oil,,315.653
UZB,Uzbekistan,2021,solar,3.5,49.0
UZB,Uzbekistan,2021,wind_onshore,0.75,1.2
UZB,Uzbekistan,2022,coal,,19951.871
UZB,Uzbekistan,2022,fossil_nes,15232.3,
UZB,Uzbekistan,2022,gas,,47099.001
UZB,Uzbekistan,2022,hydro,2225.2,6500.0
UZB,Uzbekistan,2022,oil,,282.629
UZB,Uzbekistan,2022,solar,203.5,435.8
UZB,Uzbekistan,2022,wind_onshore,0.75,
UZB,Uzbekistan,2023,coal,,20625.067
UZB,Uzbekistan,2023,fossil_nes,15617.5,
UZB,Uzbekistan,2023,gas,,48688.168
UZB,Uzbekistan,2023,hydro,2381.6,7770.4
UZB,Uzbekistan,2023,oil,,292.165
UZB,Uzbekistan,2023,solar,474.5,622.4
UZB,Uzbekistan,2023,wind_onshore,0.75,7.2
UZB,Uzbekistan,2024,fossil_nes,16017.5,
UZB,Uzbekistan,2024,hydro,2391.1,
UZB,Uzbekistan,2024,solar,2274.5,
UZB,Uzbekistan,2024,wind_onshore,500.75,
VCT,Saint Vincent and the Grenadines,2015,hydro,5.62,16.758
VCT,Saint Vincent and the Grenadines,2015,oil,45.9,128.625
VCT,Saint Vincent and the Grenadines,2015,solar,2.523,0.959
VCT,Saint Vincent and the Grenadines,2016,hydro,5.71,15.932
VCT,Saint Vincent and the Grenadines,2016,oil,46.4,136.231
VCT,Saint Vincent and the Grenadines,2016,solar,2.612,0.951
VCT,Saint Vincent and the Grenadines,2017,hydro,5.71,20.328
VCT,Saint Vincent and the Grenadines,2017,oil,41.0,128.933
VCT,Saint Vincent and the Grenadines,2017,solar,2.682,0.986
VCT,Saint Vincent and the Grenadines,2018,hydro,5.71,23.77
VCT,Saint Vincent and the Grenadines,2018,oil,38.0,125.01
VCT,Saint Vincent and the Grenadines,2018,solar,3.306,2.289
VCT,Saint Vincent and the Grenadines,2019,hydro,5.71,21.618
VCT,Saint Vincent and the Grenadines,2019,oil,33.19,129.796
VCT,Saint Vincent and the Grenadines,2019,solar,3.998,2.846
VCT,Saint Vincent and the Grenadines,2020,hydro,5.71,21.603
VCT,Saint Vincent and the Grenadines,2020,oil,44.41,125.393
VCT,Saint Vincent and the Grenadines,2020,solar,4.165,5.036
VCT,Saint Vincent and the Grenadines,2021,hydro,5.71,19.221
VCT,Saint Vincent and the Grenadines,2021,oil,44.88,121.953
VCT,Saint Vincent and the Grenadines,2021,solar,4.236,6.583
VCT,Saint Vincent and the Grenadines,2022,hydro,5.71,19.221
VCT,Saint Vincent and the Grenadines,2022,oil,46.849,142.282
VCT,Saint Vincent and the Grenadines,2022,solar,4.303,6.687
VCT,Saint Vincent and the Grenadines,2023,hydro,5.71,24.97
VCT,Saint Vincent and the Grenadines,2023,oil,46.849,145.966
VCT,Saint Vincent and the Grenadines,2023,solar,4.803,7.464
VCT,Saint Vincent and the Grenadines,2024,hydro,5.71,
VCT,Saint Vincent and the Grenadines,2024,oil,46.849,
VCT,Saint Vincent and the Grenadines,2024,solar,4.803,
VEN,Venezuela (Bolivarian Republic of),2015,bio,10.0,78.0
VEN,Venezuela (Bolivarian Republic of),2015,gas,13060.99,32659.27
VEN,Venezuela (Bolivarian Republic of),2015,hydro,15137.81,74905.5
VEN,Venezuela (Bolivarian Republic of),2015,oil,3824.914,21220.9
VEN,Venezuela (Bolivarian Republic of),2015,solar,2.87,5.59
VEN,Venezuela (Bolivarian Republic of),2015,wind_onshore,50.2,74.29
VEN,Venezuela (Bolivarian Republic of),2016,bio,10.0,44.355
VEN,Venezuela (Bolivarian Republic of),2016,gas,13755.99,35949.0
VEN,Venezuela (Bolivarian Republic of),2016,hydro,16828.81,62962.2
VEN,Venezuela (Bolivarian Republic of),2016,oil,3976.184,19166.9
VEN,Venezuela (Bolivarian Republic of),2016,solar,2.87,5.59
VEN,Venezuela (Bolivarian Republic of),2016,wind_onshore,50.2,97.59
VEN,Venezuela (Bolivarian Republic of),2017,bio,10.0,47.955
VEN,Venezuela (Bolivarian Republic of),2017,gas,13755.99,27462.18
VEN,Venezuela (Bolivarian Republic of),2017,hydro,16828.81,70038.98
VEN,Venezuela (Bolivarian Republic of),2017,oil,4108.384,14668.12
VEN,Venezuela (Bolivarian Republic of),2017,solar,2.87,5.59
VEN,Venezuela (Bolivarian Republic of),2017,wind_onshore,50.2,95.22
VEN,Venezuela (Bolivarian Republic of),2018,bio,10.0,52.41
VEN,Venezuela (Bolivarian Republic of),2018,gas,15221.551,18893.42
VEN,Venezuela (Bolivarian Republic of),2018,hydro,16905.81,65285.39
VEN,Venezuela (Bolivarian Republic of),2018,oil,4388.869,10057.89
VEN,Venezuela (Bolivarian Republic of),2018,solar,2.87,5.59
VEN,Venezuela (Bolivarian Republic of),2018,wind_onshore,50.2,43.0
VEN,Venezuela (Bolivarian Republic of),2019,bio,10.0,50.34
VEN,Venezuela (Bolivarian Republic of),2019,gas,14240.25,11865.21
VEN,Venezuela (Bolivarian Republic of),2019,hydro,16825.81,62792.9
VEN,Venezuela (Bolivarian Republic of),2019,oil,4356.869,4976.15
VEN,Venezuela (Bolivarian Republic of),2019,solar,2.87,5.59
VEN,Venezuela (Bolivarian Republic of),2019,wind_onshore,50.2,60.36
VEN,Venezuela (Bolivarian Republic of),2020,bio,10.0,47.595
VEN,Venezuela (Bolivarian Republic of),2020,gas,14240.25,14628.2
VEN,Venezuela (Bolivarian Republic of),2020,hydro,16825.81,67193.52
VEN,Venezuela (Bolivarian Republic of),2020,oil,4356.869,654.41
VEN,Venezuela (Bolivarian Republic of),2020,solar,2.87,5.59
VEN,Venezuela (Bolivarian Republic of),2020,wind_onshore,50.2,19.88
VEN,Venezuela (Bolivarian Republic of),2021,bio,56.0,24.0
VEN,Venezuela (Bolivarian Republic of),2021,gas,14240.25,16139.42
VEN,Venezuela (Bolivarian Republic of),2021,hydro,16913.81,67848.86
VEN,Venezuela (Bolivarian Republic of),2021,oil,4356.869,744.57
VEN,Venezuela (Bolivarian Republic of),2021,solar,2.87,5.59
VEN,Venezuela (Bolivarian Republic of),2021,wind_onshore,50.2,19.14
VEN,Venezuela (Bolivarian Republic of),2022,bio,56.0,26.28
VEN,Venezuela (Bolivarian Republic of),2022,gas,14240.25,18706.21
VEN,Venezuela (Bolivarian Republic of),2022,hydro,16913.81,68515.27
VEN,Venezuela (Bolivarian Republic of),2022,oil,4356.869,1292.4
VEN,Venezuela (Bolivarian Republic of),2022,solar,2.87,5.59
VEN,Venezuela (Bolivarian Republic of),2022,wind_onshore,50.2,16.22
VEN,Venezuela (Bolivarian Republic of),2023,bio,56.0,19.665
VEN,Venezuela (Bolivarian Republic of),2023,gas,14137.25,18706.21
VEN,Venezuela (Bolivarian Republic of),2023,hydro,16913.81,68515.27
VEN,Venezuela (Bolivarian Republic of),2023,oil,4656.869,1292.4
VEN,Venezuela (Bolivarian Republic of),2023,solar,2.87,5.59
VEN,Venezuela (Bolivarian Republic of),2023,wind_onshore,50.2,16.22
VEN,Venezuela (Bolivarian Republic of),2024,bio,56.0,
VEN,Venezuela (Bolivarian Republic of),2024,gas,14137.25,
VEN,Venezuela (Bolivarian Republic of),2024,hydro,16913.81,
VEN,Venezuela (Bolivarian Republic of),2024,oil,4656.869,
VEN,Venezuela (Bolivarian Republic of),2024,solar,4.06,
VEN,Venezuela (Bolivarian Republic of),2024,wind_onshore,50.2,
VGB,British Virgin Islands,2015,oil,46.302,210.1
VGB,British Virgin Islands,2015,solar,0.763,0.184
VGB,British Virgin Islands,2015,wind_onshore,0.5,1.533
VGB,British Virgin Islands,2016,oil,46.302,218.7
VGB,British Virgin Islands,2016,solar,0.925,1.482
VGB,British Virgin Islands,2016,wind_onshore,0.5,1.533
VGB,British Virgin Islands,2017,oil,63.01,173.3
VGB,British Virgin Islands,2017,solar,0.926,1.552
VGB,British Virgin Islands,2017,wind_onshore,0.5,1.533
VGB,British Virgin Islands,2018,oil,63.01,158.5
VGB,British Virgin Islands,2018,solar,0.935,1.566
VGB,British Virgin Islands,2018,wind_onshore,0.5,1.533
VGB,British Virgin Islands,2019,oil,63.01,198.2
VGB,British Virgin Islands,2019,solar,0.99,1.635
VGB,British Virgin Islands,2019,wind_onshore,0.801,2.453
VGB,British Virgin Islands,2020,oil,63.01,201.0
VGB,British Virgin Islands,2020,solar,1.235,1.725
VGB,British Virgin Islands,2020,wind_onshore,0.801,2.455
VGB,British Virgin Islands,2021,oil,63.04,205.0
VGB,British Virgin Islands,2021,solar,1.486,2.104
VGB,British Virgin Islands,2021,wind_onshore,0.801,2.455
VGB,British Virgin Islands,2022,oil,63.04,209.0
VGB,British Virgin Islands,2022,solar,1.516,2.494
VGB,British Virgin Islands,2022,wind_onshore,0.801,2.455
VGB,British Virgin Islands,2023,oil,63.04,212.0
VGB,British Virgin Islands,2023,solar,2.526,2.494
VGB,British Virgin Islands,2023,wind_onshore,0.801,2.455
VGB,British Virgin Islands,2024,oil,63.04,
VGB,British Virgin Islands,2024,solar,2.526,
VGB,British Virgin Islands,2024,wind_onshore,0.801,
VIR,United States Virgin Islands,2015,oil,316.0,766.0
VIR,United States Virgin Islands,2015,solar,9.154,13.3
VIR,United States Virgin Islands,2015,wind_onshore,0.1,0.272
VIR,United States Virgin Islands,2016,oil,316.0,764.5
VIR,United States Virgin Islands,2016,solar,9.193,13.3
VIR,United States Virgin Islands,2016,wind_onshore,0.1,0.272
VIR,United States Virgin Islands,2017,oil,242.0,589.4
VIR,United States Virgin Islands,2017,solar,4.993,7.2
VIR,United States Virgin Islands,2017,wind_onshore,0.1,0.272
VIR,United States Virgin Islands,2018,oil,329.7,605.0
VIR,United States Virgin Islands,2018,solar,9.993,14.0
VIR,United States Virgin Islands,2018,wind_onshore,0.1,0.272
VIR,United States Virgin Islands,2019,oil,329.7,647.4
VIR,United States Virgin Islands,2019,solar,9.993,14.0
VIR,United States Virgin Islands,2019,wind_onshore,0.1,0.272
VIR,United States Virgin Islands,2020,oil,329.7,634.8
VIR,United States Virgin Islands,2020,solar,9.993,14.0
VIR,United States Virgin Islands,2020,wind_onshore,0.1,0.272
VIR,United States Virgin Islands,2021,oil,329.7,640.0
VIR,United States Virgin Islands,2021,solar,9.993,17.1
VIR,United States Virgin Islands,2021,wind_onshore,0.1,0.272
VIR,United States Virgin Islands,2022,oil,329.7,657.558
VIR,United States Virgin Islands,2022,solar,9.993,17.569
VIR,United States Virgin Islands,2022,wind_onshore,0.1,0.272
VIR,United States Virgin Islands,2023,oil,329.7,650.0
VIR,United States Virgin Islands,2023,solar,9.993,19.0
VIR,United States Virgin Islands,2023,wind_onshore,0.1,0.272
VIR,United States Virgin Islands,2024,oil,329.7,
VIR,United States Virgin Islands,2024,solar,30.493,
VIR,United States Virgin Islands,2024,wind_onshore,0.1,
VNM,Viet Nam,2015,bio,220.43,405.289
VNM,Viet Nam,2015,coal,12903.0,53704.0
VNM,Viet Nam,2015,gas,7734.0,46699.0
VNM,Viet Nam,2015,hydro,16628.0,56408.004
VNM,Viet Nam,2015,oil,1289.0,669.0
VNM,Viet Nam,2015,solar,5.228,5.227
VNM,Viet Nam,2015,wind_offshore,99.0,233.183
VNM,Viet Nam,2015,wind_onshore,37.0,80.217
VNM,Viet Nam,2016,bio,256.43,365.657
VNM,Viet Nam,2016,coal,14448.0,63974.0
VNM,Viet Nam,2016,gas,7502.0,44013.0
VNM,Viet Nam,2016,hydro,17849.0,64280.004
VNM,Viet Nam,2016,oil,1520.0,2000.0
VNM,Viet Nam,2016,solar,5.228,5.227
VNM,Viet Nam,2016,wind_offshore,99.2,233.655
VNM,Viet Nam,2016,wind_onshore,61.0,136.746
VNM,Viet Nam,2017,bio,274.395,436.572
VNM,Viet Nam,2017,coal,16593.0,62613.0
VNM,Viet Nam,2017,gas,7502.0,37957.0
VNM,Viet Nam,2017,hydro,17809.4,87712.004
VNM,Viet Nam,2017,oil,1520.0,2000.0
VNM,Viet Nam,2017,other,0.965,2.79
VNM,Viet Nam,2017,solar,7.93,7.926
VNM,Viet Nam,2017,wind_offshore,99.2,181.557
VNM,Viet Nam,2017,wind_onshore,105.5,189.306
VNM,Viet Nam,2018,bio,381.965,584.668
VNM,Viet Nam,2018,coal,17813.0,83845.0
VNM,Viet Nam,2018,gas,7502.0,38277.0
VNM,Viet Nam,2018,hydro,17989.4,84602.004
VNM,Viet Nam,2018,oil,1520.0,2000.0
VNM,Viet Nam,2018,other,4.715,13.63
VNM,Viet Nam,2018,solar,104.93,104.809
VNM,Viet Nam,2018,wind_offshore,99.2,272.884
VNM,Viet Nam,2018,wind_onshore,137.5,368.936
VNM,Viet Nam,2019,bio,389.285,554.014
VNM,Viet Nam,2019,coal,19744.0,111180.0
VNM,Viet Nam,2019,gas,7337.0,42261.0
VNM,Viet Nam,2019,hydro,20326.0,66655.004
VNM,Viet Nam,2019,oil,1520.0,1378.0
VNM,Viet Nam,2019,other,4.715,13.63
VNM,Viet Nam,2019,solar,4993.428,4987.406
VNM,Viet Nam,2019,wind_offshore,99.2,242.916
VNM,Viet Nam,2019,wind_onshore,275.35,666.77
VNM,Viet Nam,2020,bio,389.785,458.578
VNM,Viet Nam,2020,coal,21554.0,114765.0
VNM,Viet Nam,2020,gas,7338.0,34008.0
VNM,Viet Nam,2020,hydro,20817.0,73495.004
VNM,Viet Nam,2020,oil,1520.0,1195.0
VNM,Viet Nam,2020,other,4.715,13.63
VNM,Viet Nam,2020,solar,16660.428,10716.942
VNM,Viet Nam,2020,wind_offshore,99.2,221.914
VNM,Viet Nam,2020,wind_onshore,418.8,930.649
VNM,Viet Nam,2021,bio,373.285,408.053
VNM,Viet Nam,2021,coal,24674.0,109077.0
VNM,Viet Nam,2021,gas,7152.0,25956.0
VNM,Viet Nam,2021,hydro,21847.0,79932.004
VNM,Viet Nam,2021,oil,1666.0,2.0
VNM,Viet Nam,2021,other,4.715,13.63
VNM,Viet Nam,2021,solar,16660.428,27313.545
VNM,Viet Nam,2021,wind_offshore,994.0,612.647
VNM,Viet Nam,2021,wind_onshore,3124.0,1928.964
VNM,Viet Nam,2022,bio,392.735,595.552
VNM,Viet Nam,2022,coal,25312.0,95627.0
VNM,Viet Nam,2022,gas,7152.0,28772.0
VNM,Viet Nam,2022,hydro,22535.0,97927.004
VNM,Viet Nam,2022,oil,1666.0,99.0
VNM,Viet Nam,2022,other,15.265,44.128
VNM,Viet Nam,2022,solar,16697.428,27659.873
VNM,Viet Nam,2022,wind_offshore,994.0,1657.724
VNM,Viet Nam,2022,wind_onshore,4071.0,6786.524
VNM,Viet Nam,2023,bio,407.735,1285.779
VNM,Viet Nam,2023,coal,26756.0,120351.0
VNM,Viet Nam,2023,gas,7152.0,26784.0
VNM,Viet Nam,2023,hydro,22915.0,81727.004
VNM,Viet Nam,2023,oil,1291.0,459.0
VNM,Viet Nam,2023,other,30.265,87.49
VNM,Viet Nam,2023,solar,18587.348,25696.428
VNM,Viet Nam,2023,wind_offshore,1103.5,2173.791
VNM,Viet Nam,2023,wind_onshore,4784.0,9419.409
VNM,Viet Nam,2024,bio,455.735,
VNM,Viet Nam,2024,coal,26757.0,
VNM,Viet Nam,2024,gas,7527.0,
VNM,Viet Nam,2024,hydro,23707.0,
VNM,Viet Nam,2024,oil,1291.0,
VNM,Viet Nam,2024,other,36.265,
VNM,Viet Nam,2024,solar,18666.278,
VNM,Viet Nam,2024,wind_offshore,1103.5,
VNM,Viet Nam,2024,wind_onshore,5081.3,
VUT,Vanuatu,2015,bio,2.7,3.678
VUT,Vanuatu,2015,hydro,1.275,7.267
VUT,Vanuatu,2015,oil,22.803,47.06
VUT,Vanuatu,2015,solar,0.434,0.762
VUT,Vanuatu,2015,wind_onshore,3.575,8.268
VUT,Vanuatu,2016,bio,2.7,2.404
VUT,Vanuatu,2016,hydro,1.278,5.259
VUT,Vanuatu,2016,oil,23.023,59.381
VUT,Vanuatu,2016,solar,1.751,2.74
VUT,Vanuatu,2016,wind_onshore,3.575,5.416
VUT,Vanuatu,2017,bio,2.7,
VUT,Vanuatu,2017,hydro,1.278,7.34
VUT,Vanuatu,2017,oil,23.22,63.314
VUT,Vanuatu,2017,solar,2.652,4.435
VUT,Vanuatu,2017,wind_onshore,3.3,4.77
VUT,Vanuatu,2018,bio,2.7,0.79
VUT,Vanuatu,2018,hydro,1.278,7.815
VUT,Vanuatu,2018,oil,20.8,62.4
VUT,Vanuatu,2018,solar,4.073,6.13
VUT,Vanuatu,2018,wind_onshore,3.4,4.37
VUT,Vanuatu,2019,bio,2.7,1.44
VUT,Vanuatu,2019,hydro,1.278,7.985
VUT,Vanuatu,2019,oil,22.56,61.61
VUT,Vanuatu,2019,solar,4.589,7.576
VUT,Vanuatu,2019,wind_onshore,3.4,6.16
VUT,Vanuatu,2020,bio,2.7,1.09
VUT,Vanuatu,2020,hydro,1.358,8.505
VUT,Vanuatu,2020,oil,23.7,57.29
VUT,Vanuatu,2020,solar,4.81,7.54
VUT,Vanuatu,2020,wind_onshore,3.4,5.62
VUT,Vanuatu,2021,bio,2.7,
VUT,Vanuatu,2021,hydro,1.358,8.485
VUT,Vanuatu,2021,oil,23.7,59.21
VUT,Vanuatu,2021,solar,4.822,7.284
VUT,Vanuatu,2021,wind_onshore,3.4,4.13
VUT,Vanuatu,2022,bio,2.7,
VUT,Vanuatu,2022,hydro,1.358,9.105
VUT,Vanuatu,2022,oil,23.7,64.32
VUT,Vanuatu,2022,solar,4.874,7.008
VUT,Vanuatu,2022,wind_onshore,3.13,2.77
VUT,Vanuatu,2023,bio,2.7,
VUT,Vanuatu,2023,hydro,1.758,9.105
VUT,Vanuatu,2023,oil,23.7,64.32
VUT,Vanuatu,2023,solar,4.884,7.028
VUT,Vanuatu,2023,wind_onshore,3.13,2.77
VUT,Vanuatu,2024,bio,2.7,
VUT,Vanuatu,2024,hydro,1.758,
VUT,Vanuatu,2024,oil,23.18,
VUT,Vanuatu,2024,solar,4.916,
VUT,Vanuatu,2024,wind_onshore,3.13,
WSM,Samoa,2015,hydro,4.66,32.7
WSM,Samoa,2015,oil,47.422,96.262
WSM,Samoa,2015,solar,7.854,7.84
WSM,Samoa,2015,wind_onshore,0.55,0.23
WSM,Samoa,2016,hydro,4.66,30.464
WSM,Samoa,2016,oil,47.422,101.539
WSM,Samoa,2016,solar,13.934,15.782
WSM,Samoa,2016,wind_onshore,0.55,0.218
WSM,Samoa,2017,hydro,9.35,34.62
WSM,Samoa,2017,oil,47.422,98.294
WSM,Samoa,2017,solar,13.959,20.663
WSM,Samoa,2017,wind_onshore,0.55,0.145
WSM,Samoa,2018,hydro,9.71,45.995
WSM,Samoa,2018,oil,47.422,92.317
WSM,Samoa,2018,solar,15.759,22.36
WSM,Samoa,2018,wind_onshore,0.55,0.175
WSM,Samoa,2019,bio,0.003,0.013
WSM,Samoa,2019,hydro,13.06,45.272
WSM,Samoa,2019,oil,47.422,101.323
WSM,Samoa,2019,solar,15.917,23.714
WSM,Samoa,2019,wind_onshore,0.55,0.217
WSM,Samoa,2020,bio,0.753,0.125
WSM,Samoa,2020,hydro,13.06,46.85
WSM,Samoa,2020,oil,47.422,82.862
WSM,Samoa,2020,solar,15.892,23.008
WSM,Samoa,2020,wind_onshore,0.55,0.199
WSM,Samoa,2021,bio,0.754,5.023
WSM,Samoa,2021,hydro,13.06,46.765
WSM,Samoa,2021,oil,47.422,103.817
WSM,Samoa,2021,solar,15.892,22.537
WSM,Samoa,2021,wind_onshore,0.55,0.089
WSM,Samoa,2022,bio,0.756,5.03
WSM,Samoa,2022,hydro,15.64,29.005
WSM,Samoa,2022,oil,47.422,125.707
WSM,Samoa,2022,solar,15.734,21.97
WSM,Samoa,2022,wind_onshore,0.55,0.191
WSM,Samoa,2023,bio,0.75,0.001
WSM,Samoa,2023,hydro,15.64,45.541
WSM,Samoa,2023,oil,47.422,136.66
WSM,Samoa,2023,solar,15.734,19.791
WSM,Samoa,2023,wind_onshore,0.55,0.189
WSM,Samoa,2024,bio,0.75,
WSM,Samoa,2024,hydro,15.64,
WSM,Samoa,2024,oil,47.422,
WSM,Samoa,2024,solar,15.734,
WSM,Samoa,2024,wind_onshore,0.55,
XKX,Kosovo,2015,coal,,5964.0
XKX,Kosovo,2015,fossil_nes,915.0,
XKX,Kosovo,2015,hydro,43.0,139.932
XKX,Kosovo,2015,oil,,15.0
XKX,Kosovo,2015,solar,0.102,
XKX,Kosovo,2015,wind_onshore,1.0,0.354
XKX,Kosovo,2016,coal,,5721.0
XKX,Kosovo,2016,fossil_nes,915.0,
XKX,Kosovo,2016,hydro,78.27,245.262
XKX,Kosovo,2016,oil,,15.0
XKX,Kosovo,2016,solar,1.95,0.127
XKX,Kosovo,2016,wind_onshore,1.0,0.118
XKX,Kosovo,2017,coal,,5725.962
XKX,Kosovo,2017,fossil_nes,1288.0,
XKX,Kosovo,2017,hydro,80.37,179.068
XKX,Kosovo,2017,oil,,12.165
XKX,Kosovo,2017,solar,6.602,0.796
XKX,Kosovo,2017,wind_onshore,33.75,0.345
XKX,Kosovo,2018,coal,,5600.512
XKX,Kosovo,2018,fossil_nes,1288.0,
XKX,Kosovo,2018,hydro,80.37,272.652
XKX,Kosovo,2018,oil,,10.263
XKX,Kosovo,2018,solar,6.602,2.031
XKX,Kosovo,2018,wind_onshore,33.75,29.753
XKX,Kosovo,2019,coal,,6019.172
XKX,Kosovo,2019,fossil_nes,1288.0,
XKX,Kosovo,2019,hydro,95.11,212.92
XKX,Kosovo,2019,oil,,17.403
XKX,Kosovo,2019,solar,10.0,10.55
XKX,Kosovo,2019,wind_onshore,33.75,90.649
XKX,Kosovo,2020,coal,,6333.007
XKX,Kosovo,2020,fossil_nes,1288.0,
XKX,Kosovo,2020,hydro,110.13,262.826
XKX,Kosovo,2020,oil,,14.656
XKX,Kosovo,2020,solar,10.0,10.46
XKX,Kosovo,2020,wind_onshore,33.75,90.3
XKX,Kosovo,2021,coal,,6437.299
XKX,Kosovo,2021,fossil_nes,1288.0,
XKX,Kosovo,2021,hydro,110.13,296.962
XKX,Kosovo,2021,oil,,15.24
XKX,Kosovo,2021,solar,14.148,16.035
XKX,Kosovo,2021,wind_onshore,33.75,126.316
XKX,Kosovo,2022,coal,,6437.299
XKX,Kosovo,2022,fossil_nes,1288.0,
XKX,Kosovo,2022,hydro,110.13,260.112
XKX,Kosovo,2022,oil,,15.24
XKX,Kosovo,2022,solar,14.148,13.792
XKX,Kosovo,2022,wind_onshore,68.22,362.944
XKX,Kosovo,2023,coal,,5534.196
XKX,Kosovo,2023,fossil_nes,1288.0,
XKX,Kosovo,2023,hydro,121.67,393.402
XKX,Kosovo,2023,oil,,13.423
XKX,Kosovo,2023,solar,19.548,9.023
XKX,Kosovo,2023,wind_onshore,137.22,403.393
XKX,Kosovo,2024,fossil_nes,1288.0,
XKX,Kosovo,2024,hydro,121.67,
XKX,Kosovo,2024,solar,19.548,
XKX,Kosovo,2024,wind_onshore,137.22,
YEM,Yemen,2015,gas,341.0,2263.0
YEM,Yemen,2015,oil,1179.0,3383.0
YEM,Yemen,2015,solar,60.249,116.702
YEM,Yemen,2016,gas,341.0,1577.0
YEM,Yemen,2016,oil,1179.0,3066.0
YEM,Yemen,2016,solar,80.634,156.187
YEM,Yemen,2017,gas,341.0,63.0
YEM,Yemen,2017,oil,1179.0,2910.0
YEM,Yemen,2017,solar,103.084,199.673
YEM,Yemen,2018,gas,341.0,63.0
YEM,Yemen,2018,oil,1179.0,2688.0
YEM,Yemen,2018,solar,253.341,490.722
YEM,Yemen,2019,gas,341.0,63.0
YEM,Yemen,2019,oil,1268.0,2494.0
YEM,Yemen,2019,solar,254.16,492.309
YEM,Yemen,2020,gas,341.0,63.0
YEM,Yemen,2020,oil,1293.75,2053.0
YEM,Yemen,2020,solar,257.671,499.109
YEM,Yemen,2021,bio,0.005,
YEM,Yemen,2021,gas,341.0,63.0
YEM,Yemen,2021,oil,1403.75,1806.0
YEM,Yemen,2021,solar,257.711,499.186
YEM,Yemen,2022,bio,0.005,
YEM,Yemen,2022,gas,341.0,63.0
YEM,Yemen,2022,oil,1403.75,1980.0
YEM,Yemen,2022,solar,263.73,510.845
YEM,Yemen,2023,bio,0.005,
YEM,Yemen,2023,gas,341.0,63.0
YEM,Yemen,2023,oil,1403.75,1980.0
YEM,Yemen,2023,solar,283.484,510.369
YEM,Yemen,2024,bio,0.005,
YEM,Yemen,2024,gas,341.0,
YEM,Yemen,2024,oil,1403.75,
YEM,Yemen,2024,solar,403.484,
ZAF,South Africa,2015,bio,250.685,316.528
ZAF,South Africa,2015,coal,38548.0,201125.5
ZAF,South Africa,2015,hydro,747.65,749.524
ZAF,South Africa,2015,nuclear,1940.0,12626.25
ZAF,South Africa,2015,oil,2426.0,3879.25
ZAF,South Africa,2015,pumped,1400.0,2966.0
ZAF,South Africa,2015,solar,1352.87,2403.121
ZAF,South Africa,2015,wind_onshore,1079.0,233.5
ZAF,South Africa,2016,bio,255.685,331.492
ZAF,South Africa,2016,coal,38548.0,200641.75
ZAF,South Africa,2016,hydro,747.65,627.024
ZAF,South Africa,2016,nuclear,1940.0,14328.75
ZAF,South Africa,2016,oil,3014.0,1005.75
ZAF,South Africa,2016,pumped,2399.0,3200.25
ZAF,South Africa,2016,solar,1902.489,3341.557
ZAF,South Africa,2016,wind_onshore,1473.0,336.5
ZAF,South Africa,2017,bio,259.685,386.364
ZAF,South Africa,2017,coal,38548.0,201802.75
ZAF,South Africa,2017,hydro,747.65,697.274
ZAF,South Africa,2017,nuclear,1940.0,14401.25
ZAF,South Africa,2017,oil,3684.0,95.75
ZAF,South Africa,2017,pumped,2732.0,4182.75
ZAF,South Africa,2017,solar,2205.271,3868.803
ZAF,South Africa,2017,wind_onshore,2094.0,334.5
ZAF,South Africa,2018,bio,264.685,431.334
ZAF,South Africa,2018,coal,40180.0,200684.0
ZAF,South Africa,2018,hydro,747.65,969.774
ZAF,South Africa,2018,nuclear,1940.0,12233.25
ZAF,South Africa,2018,oil,3431.0,931.0
ZAF,South Africa,2018,pumped,2732.0,4562.25
ZAF,South Africa,2018,solar,2505.132,4544.571
ZAF,South Africa,2018,wind_onshore,2094.0,328.75
ZAF,South Africa,2019,bio,264.685,430.14
ZAF,South Africa,2019,coal,40170.0,195820.25
ZAF,South Africa,2019,hydro,747.65,794.024
ZAF,South Africa,2019,nuclear,1940.0,12834.0
ZAF,South Africa,2019,oil,3439.0,1300.705
ZAF,South Africa,2019,pumped,2732.0,4942.5
ZAF,South Africa,2019,solar,2805.56,5404.285
ZAF,South Africa,2019,wind_onshore,2094.0,294.25
ZAF,South Africa,2020,bio,264.685,409.7
ZAF,South Africa,2020,coal,42457.0,186254.0
ZAF,South Africa,2020,hydro,747.65,1233.024
ZAF,South Africa,2020,nuclear,1940.0,10740.25
ZAF,South Africa,2020,oil,3445.4,1432.319
ZAF,South Africa,2020,pumped,2732.0,4861.25
ZAF,South Africa,2020,solar,3705.325,6975.893
ZAF,South Africa,2020,wind_onshore,2516.0,299.5
ZAF,South Africa,2021,bio,264.685,389.28
ZAF,South Africa,2021,coal,44013.0,184314.25
ZAF,South Africa,2021,hydro,751.65,1824.774
ZAF,South Africa,2021,nuclear,1934.0,11742.0
ZAF,South Africa,2021,oil,3445.4,1741.319
ZAF,South Africa,2021,pumped,2732.0,4756.0
ZAF,South Africa,2021,solar,4205.221,7839.72
ZAF,South Africa,2021,wind_onshore,2495.0,266.0
ZAF,South Africa,2022,bio,264.685,403.52
ZAF,South Africa,2022,coal,44013.0,196642.967
ZAF,South Africa,2022,hydro,751.65,3323.648
ZAF,South Africa,2022,nuclear,1940.0,10593.663
ZAF,South Africa,2022,oil,3445.4,2727.569
ZAF,South Africa,2022,pumped,2732.0,4671.736
ZAF,South Africa,2022,solar,5705.15,10282.056
ZAF,South Africa,2022,wind_onshore,3163.0,223.75
ZAF,South Africa,2023,bio,264.685,404.18
ZAF,South Africa,2023,coal,43599.0,167738.0
ZAF,South Africa,2023,hydro,751.65,1871.774
ZAF,South Africa,2023,nuclear,1934.0,8579.75
ZAF,South Africa,2023,oil,3445.4,3487.569
ZAF,South Africa,2023,pumped,2732.0,4309.75
ZAF,South Africa,2023,solar,8005.733,14124.03
ZAF,South Africa,2023,wind_onshore,3442.0,300.25
ZAF,South Africa,2024,bio,264.685,
ZAF,South Africa,2024,coal,43608.0,
ZAF,South Africa,2024,hydro,751.65,
ZAF,South Africa,2024,nuclear,1934.0,
ZAF,South Africa,2024,oil,3445.4,
ZAF,South Africa,2024,pumped,2732.0,
ZAF,South Africa,2024,solar,9057.733,
ZAF,South Africa,2024,wind_onshore,3442.0,
ZMB,Zambia,2015,bio,42.8,64.15
ZMB,Zambia,2015,coal,30.0,
ZMB,Zambia,2015,hydro,2268.412,13063.171
ZMB,Zambia,2015,oil,142.0,404.5
ZMB,Zambia,2015,solar,0.685,1.191
ZMB,Zambia,2016,bio,42.8,63.038
ZMB,Zambia,2016,coal,330.0,326.4
ZMB,Zambia,2016,hydro,2388.412,11086.5
ZMB,Zambia,2016,oil,138.6,343.7
ZMB,Zambia,2016,solar,1.594,2.769
ZMB,Zambia,2017,bio,42.8,67.407
ZMB,Zambia,2017,coal,330.0,1279.42
ZMB,Zambia,2017,hydro,2398.412,12514.34
ZMB,Zambia,2017,oil,198.6,707.3
ZMB,Zambia,2017,solar,2.337,4.06
ZMB,Zambia,2018,bio,42.8,71.483
ZMB,Zambia,2018,coal,330.0,2040.47
ZMB,Zambia,2018,hydro,2398.412,13764.87
ZMB,Zambia,2018,oil,193.6,457.683
ZMB,Zambia,2018,solar,5.429,8.624
ZMB,Zambia,2019,bio,42.8,72.286
ZMB,Zambia,2019,coal,330.0,1886.93
ZMB,Zambia,2019,hydro,2399.052,12404.31
ZMB,Zambia,2019,oil,193.6,703.84
ZMB,Zambia,2019,solar,95.483,108.75
ZMB,Zambia,2020,bio,42.8,74.466
ZMB,Zambia,2020,coal,330.0,1894.615
ZMB,Zambia,2020,hydro,2400.052,12878.96
ZMB,Zambia,2020,oil,193.6,321.469
ZMB,Zambia,2020,solar,96.378,162.972
ZMB,Zambia,2021,bio,42.8,78.772
ZMB,Zambia,2021,coal,330.0,1296.616
ZMB,Zambia,2021,hydro,2706.052,16146.893
ZMB,Zambia,2021,oil,194.8,118.647
ZMB,Zambia,2021,solar,96.888,161.362
ZMB,Zambia,2022,bio,42.8,78.772
ZMB,Zambia,2022,coal,330.0,2164.7
ZMB,Zambia,2022,hydro,3165.052,17130.0
ZMB,Zambia,2022,oil,194.8,2.47
ZMB,Zambia,2022,solar,98.099,158.915
ZMB,Zambia,2023,bio,42.8,78.772
ZMB,Zambia,2023,coal,330.0,2126.33
ZMB,Zambia,2023,hydro,3165.052,17143.65
ZMB,Zambia,2023,oil,194.8,8.7
ZMB,Zambia,2023,solar,133.836,164.376
ZMB,Zambia,2024,bio,42.8,
ZMB,Zambia,2024,coal,330.0,
ZMB,Zambia,2024,hydro,3165.052,
ZMB,Zambia,2024,oil,194.8,
ZMB,Zambia,2024,solar,195.836,
ZWE,Zimbabwe,2015,bio,100.0,194.96
ZWE,Zimbabwe,2015,coal,1190.0,4277.0
ZWE,Zimbabwe,2015,hydro,772.385,9272.808
ZWE,Zimbabwe,2015,oil,10.0,
ZWE,Zimbabwe,2015,solar,2.493,4.138
ZWE,Zimbabwe,2016,bio,100.0,306.48
ZWE,Zimbabwe,2016,coal,1190.0,3863.0
ZWE,Zimbabwe,2016,hydro,776.135,6485.208
ZWE,Zimbabwe,2016,oil,10.0,202.9
ZWE,Zimbabwe,2016,solar,2.835,4.706
ZWE,Zimbabwe,2017,bio,100.0,125.383
ZWE,Zimbabwe,2017,coal,1190.0,3637.6
ZWE,Zimbabwe,2017,hydro,780.035,7610.88
ZWE,Zimbabwe,2017,oil,10.75,48.2
ZWE,Zimbabwe,2017,solar,5.041,5.877
ZWE,Zimbabwe,2018,bio,100.0,295.411
ZWE,Zimbabwe,2018,coal,1190.0,3661.4
ZWE,Zimbabwe,2018,hydro,1080.035,9169.26
ZWE,Zimbabwe,2018,oil,10.75,0.15
ZWE,Zimbabwe,2018,solar,8.588,12.406
ZWE,Zimbabwe,2019,bio,100.0,287.653
ZWE,Zimbabwe,2019,coal,1190.0,3661.4
ZWE,Zimbabwe,2019,hydro,1080.015,9112.551
ZWE,Zimbabwe,2019,oil,10.75,
ZWE,Zimbabwe,2019,solar,11.851,16.907
ZWE,Zimbabwe,2020,bio,100.0,198.919
ZWE,Zimbabwe,2020,coal,1190.0,2477.3
ZWE,Zimbabwe,2020,hydro,1080.015,6279.451
ZWE,Zimbabwe,2020,oil,10.75,
ZWE,Zimbabwe,2020,solar,14.154,21.025
ZWE,Zimbabwe,2021,bio,100.0,158.551
ZWE,Zimbabwe,2021,coal,1190.0,2507.79
ZWE,Zimbabwe,2021,hydro,1080.015,8447.361
ZWE,Zimbabwe,2021,oil,10.75,
ZWE,Zimbabwe,2021,solar,27.584,47.23
ZWE,Zimbabwe,2022,bio,100.0,148.22
ZWE,Zimbabwe,2022,coal,1240.0,2904.97
ZWE,Zimbabwe,2022,hydro,1080.015,8739.041
ZWE,Zimbabwe,2022,oil,10.75,
ZWE,Zimbabwe,2022,solar,40.449,66.945
ZWE,Zimbabwe,2023,bio,100.0,154.005
ZWE,Zimbabwe,2023,coal,1840.0,4491.28
ZWE,Zimbabwe,2023,hydro,1080.015,8100.891
ZWE,Zimbabwe,2023,oil,10.75,
ZWE,Zimbabwe,2023,solar,46.175,77.35
ZWE,Zimbabwe,2024,bio,100.0,
ZWE,Zimbabwe,2024,coal,1841.0,
ZWE,Zimbabwe,2024,hydro,1080.015,
ZWE,Zimbabwe,2024,oil,10.75,
ZWE,Zimbabwe,2024,solar,105.175,
